<!--
  -  Wazuh decoders
  -  Created by Wazuh, Inc.
  -  Copyright (C) 2015, Wazuh Inc.
  -  This program is a free software; you can redistribute it and/or modify it under the terms of GPLv2.
-->

<decoder name="wazuh">
  <prematch>^wazuh: </prematch>
</decoder>

<decoder name="agent-buffer">
  <parent>wazuh</parent>
  <prematch offset="after_parent">^Agent buffer:</prematch>
  <regex offset="after_prematch">^ '(\S+)'.</regex>
  <order>level</order>
</decoder>

<decoder name="agent-upgrade">
  <parent>wazuh</parent>
  <prematch offset="after_parent">^Upgrade procedure |^Custom installation </prematch>
  <regex offset="after_prematch">on agent (\d\d\d)\s\((\S+)\):\s(\w+)</regex>
  <order>agent.id, agent.name, status</order>
</decoder>

<decoder name="agent-upgrade">
  <parent>wazuh</parent>
  <regex>aborted:\s(\.+)$|failed:\s(\.+)$|lost:\s(\.+)$</regex>
  <order>error</order>
</decoder>

<decoder name="agent-upgrade">
  <parent>wazuh</parent>
  <regex>started.\sCurrent\sversion:\sWazuh\s(\.+)$</regex>
  <order>agent.cur_version</order>
</decoder>

<decoder name="agent-upgrade">
  <parent>wazuh</parent>
  <regex>succeeded.\sNew\sversion:\sWazuh\s(\.+)$</regex>
  <order>agent.new_version</order>
</decoder>

<decoder name="agent-restart">
  <parent>wazuh</parent>
  <prematch offset="after_parent">^Invalid remote configuration:</prematch>
  <regex offset="after_prematch">^ '(\S+)'.</regex>
  <order>module</order>
</decoder>

<decoder name="fim-state">
  <parent>wazuh</parent>
  <prematch offset="after_parent">^FIM DB: </prematch>
  <plugin_decoder offset="after_prematch">JSON_Decoder</plugin_decoder>
</decoder>
