<!--
- JSON Decoders
- Copyright (C) 2015, Wazuh Inc.
- April 21, 2017.
-
- This program is a free software; you can redistribute it
- and/or modify it under the terms of the GNU General Public
- License (version 2) as published by the FSF - Free Software
- Foundation.
-->

<decoder name="json-msgraph">
  <prematch>"integration":"ms-graph"</prematch>
  <plugin_decoder>JSON_Decoder</plugin_decoder>
  <json_null_field>discard</json_null_field>
</decoder>

<decoder name="json">
  <prematch>^{\s*"</prematch>
  <plugin_decoder>JSON_Decoder</plugin_decoder>
</decoder>
