<!--
  Copyright (C) 2015, Wazuh Inc.
-->

<!--
  Wazuh Active Response decoders
-->

<!--
- Examples
Sat May  7 03:17:27 CDT 2011 /var/ossec/active-response/bin/firewall-drop.sh add - 172.16.0.1 1304756247.60385 31151
Sat May  7 03:27:57 CDT 2011 /var/ossec/active-response/bin/firewall-drop.sh delete - 172.16.0.1 1304756247.60385 31151
Sat May  7 03:17:27 CDT 2011 /var/ossec/active-response/bin/host-deny.sh add - 172.16.0.1 1304756247.60385 31151
Sat May  7 03:27:57 CDT 2011 /var/ossec/active-response/bin/host-deny.sh delete - 172.16.0.1 1304756247.60385 31151
Wed Dec  7 18:11:34 UTC 2016 /var/ossec/active-response/bin/route-null.sh add - 192.168.2.4 1481134294.521764 100001
Wed Dec  7 18:12:14 UTC 2016 /var/ossec/active-response/bin/route-null.sh delete - 192.168.2.4 1481134294.521764 100001
Wed Dec  7 19:42:30 UTC 2016 /var/ossec/active-response/bin/restart-ossec.sh add - 10.99.99.12 (from_the_server) (no_rule_id)

Windows:
Wed 12/07/2016 19:39:40.15 "active-response/bin/route-null.cmd" add "-" "10.99.99.12" "(from_the_server) (no_rule_id)"
Wed 12/07/2016 19:40:06.89 "active-response/bin/restart-ossec.cmd" add "-" "10.99.99.12" "(from_the_server) (no_rule_id)"
Wed 12/07/2016 16:48:15.37 "active-response/bin/route-null.cmd" add "-" "192.168.2.66" "1481129296.262924 100001 /home/test.txt (null)"
Wed 12/07/2016 16:48:15.37 "active-response/bin/route-null.cmd" delete "-" "192.168.2.66" "1481129296.262924 100001 /home/test.txt (null)"
Tue 08/28/2018 09:25:23.14 "active-response/bin/netsh.cmd" delete "-" "1.2.3.4" "1535465731.23945822 18258 (some-hostname) any->WinEvtLog (null)"
Tue 08/28/2018 09:27:23.14 "active-response/bin/netsh.cmd" add "-" "1.2.3.4" "1535466424.24354011 18258 (some-hostname) any->WinEvtLog (null)"
-->

<decoder name="ar_log">
  <prematch>^\w\w\w \w+\s+\d+ \d\d:\d\d:\d\d \p*\w+ \d+ /\S+/active-response/bin/|^\w\w\w \d\d/\d\d/\d\d\d\d \.+"active-response/bin/|^\d\d/\d\d/\d\d\d\d \.+"active-response/bin/</prematch>
</decoder>

<decoder name="ar_log_fields">
  <parent>ar_log</parent>
  <regex offset="after_parent">^(\S+) (\S+) \S+ (\S+) (\.+) |^(\S+)" (\S+) "\S+" "(\S+)" "(\.+) </regex>
  <order>script, type, srcip, id</order>
</decoder>

<decoder name="ar_log_fields">
  <parent>ar_log</parent>
  <regex offset="after_regex">^(\d+)|(\.+\))</regex>
  <order>extra_data</order>
</decoder>

<decoder name="ar_log_json">
  <prematch>^\d\d\d\d/\d\d/\d\d \d\d:\d\d:\d\d active-response/bin/\S+: </prematch>
</decoder>

<decoder name="ar_log_json_child">
  <parent>ar_log_json</parent>
  <prematch>^\d\d\d\d/\d\d/\d\d \d\d:\d\d:\d\d active-response/bin/\S+: </prematch>
  <plugin_decoder offset="after_prematch">JSON_Decoder</plugin_decoder>
</decoder>

<decoder name="ar_log_json_child">
  <parent>ar_log_json</parent>
  <regex type="pcre2">\"data\":\{\"srcip\"\:\"([^\"]+)\"</regex>
  <order>srcip</order>
</decoder>

<decoder name="ar_log_json_child">
  <parent>ar_log_json</parent>
  <regex type="pcre2">\"eventdata\":\{.*?(?:ipAddress|destinationIp)\"\:\"([^\"]+)\"</regex>
  <order>srcip</order>
</decoder>

<decoder name="ar_log_json_child">
  <parent>ar_log_json</parent>
  <regex type="pcre2">\"data\":\{.*?\"dstuser\"\:\"([^\"]+)\"</regex>
  <order>user</order>
</decoder>

<decoder name="ar_log_json_child">
  <parent>ar_log_json</parent>
  <regex type="pcre2">\"eventdata\":\{.*?\"user\"(?:.*\\\\)?([^\"]+)\",</regex>
  <order>user</order>
</decoder>
