<!--
  -  AIX IPSec decoders
  -  Author: Daniel Cid.
  -  Updated by Wazuh, Inc.
  -  Copyright (C) 2015, Wazuh Inc.
  -  Copyright (C) 2009 Trend Micro Inc.
  -  This program is a free software; you can redistribute it and/or modify it under the terms of GPLv2.
-->


<!--
  - Will extract the action,srcip,dstip,protocol,srcport,dstport
  - Examples:
  - ipsec_logd: #:3 R:p  I:10.0.0.99 S:10.0.0.82 D:10.0.0.99
    P:tcp/ack SP:50349 DP:22 R:l I:en0 F:n T:0 L:88
  - ipsec_logd: #:1 R:p  O:10.0.0.99. S:10.0.0.99 D:10.0.0.25
    P:udp SP:2063 DP:53 R:l I:en0 F:n T:0 L:81
 -->
<decoder name="aix-ipsec">
   <type>firewall</type>
   <program_name>^ipsec_logd</program_name>
   <regex> R:(\w)  \w:\S+ S:(\S+) </regex>
   <regex>D:(\S+) P:(\S+) SP:(\d+) DP:(\d+) </regex>
   <order>action,srcip,dstip,protocol,srcport,dstport</order>
</decoder>
