<!--
  -  Copyright (C) 2015, Wazuh Inc.
-->

<!-- General decoder -->
<decoder name="cisco-ftd">
  <prematch type="pcre2">[^%]*%FTD-[0-7]-[^:\s]+[:\s].*</prematch>
</decoder>

<!--
  %ftd-2-106001: Inbound TCP connection denied from 111.93.241.59/54322 to 116.6.127.122/1433 flags SYN on interface outside
-->
<decoder name="cisco-ftd-inbound-connection-denied">
  <parent>cisco-ftd</parent>
  <prematch>2-106001</prematch>
  <regex type="pcre2">([^%]+)?%(FTD)-([0-7])-([^:\s]+):?\s?((.+)\sfrom\s(\S+)/(\S+)\sto\s(\S+)/(\S+)\sflags\s(.+)\son\sinterface\s(\S+))</regex>
  <order>header, product.name, event.severity, event.id, message, description, src_ip, src_port, dst_ip, dst_port, flags, interface</order>
</decoder>

<!--
  %ftd-5-718060: Inbound socket select fail: context=21312
-->
<decoder name="cisco-ftd-inbound-socket">
  <parent>cisco-ftd</parent>
  <prematch>5-718060|5-718061</prematch>
  <regex type="pcre2">([^%]+)?%(FTD)-([0-7])-([^:\s]+):?\s?((.+):\scontext=(\d+))</regex>
  <order>header, product.name, event.severity, event.id, message, description, context_ID</order>
</decoder>

<!--
%ftd-5-718062: Inbound thread is awake (context=21312)
-->
<decoder name="cisco-ftd-inbound-thread">
  <parent>cisco-ftd</parent>
  <prematch>5-718062</prematch>
  <regex type="pcre2">([^%]+)?%(FTD)-([0-7])-([^:\s]+):?\s?((.+)\(context=(\d+)\))</regex>
  <order>header, product.name, event.severity, event.id, message, description, context_ID</order>
</decoder>

<!--
  %ftd-1-106022: Deny protocol connection spoof from 192.168.0.1 to 192.168.0.2 on interface interface_name.
-->
<decoder name="cisco-ftd-attacks">
  <parent>cisco-ftd</parent>
  <prematch>1-106021|1-106022</prematch>
  <regex type="pcre2">([^%]+)?%(FTD)-([0-7])-([^:\s]+):?\s?(.+\sfrom\s(\S+))</regex>
  <order>header, product.name, event.severity, event.id, message, srcip</order>
</decoder>

<!--
  %ftd-4-401004 Shunned packet: 192.168.0.1 = 192.168.0.2 on interface interfacename
-->
<decoder name="cisco-ftd-shunned">
  <parent>cisco-ftd</parent>
  <prematch>4-401004</prematch>
  <regex type="pcre2">([^%]+)?%(FTD)-([0-7])-([^:\s]+):?\s?(Shunned\spacket:\s(\S+)\s=\s(\S+).+)</regex>
  <order>header, product.name, event.severity, event.id, message, srcip, dstip</order>
</decoder>

<!--
  %ftd-2-106017: Deny IP due to Land Attack from 193.17.108.1 to 193.17.108.1
-->
<decoder name="cisco-ftd-deny-land-attack">
  <parent>cisco-ftd</parent>
  <prematch>2-106017</prematch>
  <regex type="pcre2">([^%]+)?%(FTD)-([0-7])-([^:\s]+):?\s?((.+)\sfrom\s(\S+)\sto\s(\S+))</regex>
  <order>header, product.name, event.severity, event.id, message, description, srcip, dstip</order>
</decoder>

<!--
  %ftd-2-106006: Deny inbound UDP from 185.158.113.158/53306 to 116.6.127.123/53413 on interface outside
-->
<decoder name="cisco-ftd-deny-inbound-udp">
  <parent>cisco-ftd</parent>
  <prematch>2-106006|2-106007</prematch>
  <regex type="pcre2">([^%]+)?%(FTD)-([0-7])-([^:\s]+):?\s?((.+)\sfrom\s(\S+)/(\S+)\sto\s(\S+)/(\S+))</regex>
  <order>header, product.name, event.severity, event.id, message, description, srcip, srcport, dstip, dstport</order>
</decoder>

<!--
  %ftd-3-710003: TCP access denied by ACL from 192.168.0.1/11 to outside:192.168.0.2/22
-->
<decoder name="cisco-ftd-fw2">
  <parent>cisco-ftd</parent>
  <prematch>3-710003|7-710002|7-710005</prematch>
  <regex type="pcre2">([^%]+)?%(FTD)-([0-7])-([^:\s]+):?\s?((\S+)\s(\w+).+from\s(\S+)/(\S+)\sto\s(\S+):(\S+)/(\S+))</regex>
  <order>header, product.name, event.severity, event.id, message, protocol, action, srcip, srcport, dstinterface, dstip, dstport</order>
</decoder>

<!--
  %ftd-4-106023: Deny tcp src inside:111.11.11.1/2143 dst YYY:172.11.1.11/139 by access-group "inside_inbound"
-->
<decoder name="cisco-ftd-fw3">
  <parent>cisco-ftd</parent>
  <prematch>4-106023</prematch>
  <regex type="pcre2">([^%]+)?%(FTD)-([0-7])-([^:\s]+):?\s?((\w+)\s(\w+)\ssrc\s\w+:(\S+)/(\S+)\sdst\s\w+:(\S+)/(\S+))</regex>
  <order>header, product.name, event.severity, event.id, message, action, protocol, srcip, srcport, dstip, dstport</order>
</decoder>

<!--
%ftd-6-106015: Deny TCP (no connection) from 192.168.0.1/11 to 192.168.0.2/22 flags tcp_flags on interface interface_name
-->
<decoder name="cisco-ftd-fw6">
  <parent>cisco-ftd</parent>
  <prematch>6-106015</prematch>
  <regex type="pcre2">([^%]+)?%(FTD)-([0-7])-([^:\s]+):?\s?((\w+)\s(\w+)\s.+\sfrom\s(\S+)/(\S+)\sto\s(\S+)/(\S+)\sflags\s(\S+)\son\sinterface\s(\S+))</regex>
  <order>header, product.name, event.severity, event.id, message, action, protocol, srcip, srcport, dstip, dstport, flags, interface</order>
</decoder>

<!--
  %ftd-6-308001: console enable password incorrect for number tries (from 192.168.0.1)
-->
<decoder name="cisco-ftd-srcip">
  <parent>cisco-ftd</parent>
  <prematch>6-308001</prematch>
  <regex type="pcre2">([^%]+)?%(FTD)-([0-7])-([^:\s]+):?\s?(.+\(from\s(\d+.\d+.\d+.\d+)\))</regex>
  <order>header, product.name, event.severity, event.id, message, srcip</order>
</decoder>

<!--
  %FTD-6-605004: Login denied from 192.168.2.10/32597 to outside:192.168.2.14/ssh for user "root"
  %FTD-6-605005: Login permitted from 192.168.0.1/11 to outside:192.168.0.2/ssh for user "username"
-->
<decoder name="cisco-ftd-srcip-port">
  <parent>cisco-ftd</parent>
  <prematch>6-605004|6-605005</prematch>
  <regex type="pcre2">([^%]+)?%(FTD)-([0-7])-([^:\s]+):?\s?(Login\s(\S+)\sfrom\s(\S+)/(\S+)\sto\s(\S+):(\S+)/(\S+)\sfor\suser\s"(\w+)")</regex>
  <order>header, product.name, event.severity, event.id, message, action, srcip, srcport, interface, dstip, dstport, user</order>
</decoder>

<!--
  %ftd-4-733100: Object drop rate 15 exceeded. Current burst rate is 9 per second, max configured rate is 10; Current average rate is 15 per second, max configured rate is 5; Cumulative total count is 9198
-->
<decoder name="cisco-ftd-drop-rate-exceeded">
  <parent>cisco-ftd</parent>
  <prematch>4-733100</prematch>
  <regex type="pcre2">([^%]+)?%(FTD)-([0-7])-([^:\s]+):?\s?(Object\sdrop\srate\s(\d+)\sexceeded.\sCurrent\sburst\srate\sis\s(\S+)\sper\ssecond,\smax\sconfigured\srate\sis\s(\S+);\sCurrent\saverage\srate\sis\s(\S+)\sper\ssecond,\smax\sconfigured\srate\sis\s(\S+);\sCumulative\stotal\scount\sis\s(\S+))</regex>
  <order>header, product.name, event.severity, event.id, message, rate_ID, burst_rate, max_burst_rate, average_rate, max_average_rate, cumulative_count</order>
</decoder>

<!--
  %ftd-5-111008: User 'impssnagios' executed the 'enable' command.
-->
<decoder name="cisco-ftd-executed-command">
  <parent>cisco-ftd</parent>
  <prematch>5-111008</prematch>
  <regex type="pcre2">([^%]+)?%(FTD)-([0-7])-([^:\s]+):?\s?(User\s(\S+)\s(\S+)\sthe\s(.+))</regex>
  <order>header, product.name, event.severity, event.id, message, username, type, command</order>
</decoder>

<!--
  %ftd-5-502103: User priv level changed: Uname: impssnagios From: 1 To: 15
-->
<decoder name="cisco-ftd-user-privileged-changed">
  <parent>cisco-ftd</parent>
  <prematch>5-502103</prematch>
  <regex type="pcre2">([^%]+)?%(FTD)-([0-7])-([^:\s]+):?\s?((.+):\sUname:\s(\S+)\sFrom:\s(\S+)\sTo:\s(\S+))</regex>
  <order>header, product.name, event.severity, event.id, message, description, username, from_level, to_level</order>
</decoder>

<!--
  %ftd-3-421001: UDP flow from WLC-LAN_inside:10.233.19.92/60803 to outside:8.8.8.8/53 is dropped because application has failed.
-->
<decoder name="cisco-ftd-user-flow-dropped">
  <parent>cisco-ftd</parent>
  <prematch>3-421001</prematch>
  <regex type="pcre2">([^%]+)?%(FTD)-([0-7])-([^:\s]+):?\s?((.+)\sfrom\s(\S+):(\S+)/(\S+)\sto\s(\S+):(\S+)/(\S+)\sis\sdropped\sbecause\sapplication\shas\sfailed)</regex>
  <order>header, product.name, event.severity, event.id, message, description, src, src_ip, src_port, dst, dst_ip, dst_port</order>
</decoder>

<!--
  %ftd-3-421007: UDP flow from WLC-LAN_inside:10.233.19.92/60803 to outside:8.8.8.8/53 is skipped because application has failed.
-->
<decoder name="cisco-ftd-user-flow-skipped">
  <parent>cisco-ftd</parent>
  <prematch>3-421007</prematch>
  <regex type="pcre2">([^%]+)?%(FTD)-([0-7])-([^:\s]+):?\s?((.+)\sfrom\s(\S+):(\S+)/(\S+)\sto\s(\S+):(\S+)/(\S+)\sis\sskipped\sbecause\sapplication\shas\sfailed)</regex>
  <order>header, product.name, event.severity, event.id, message, description, src, src_ip, src_port, dst, dst_ip, dst_port</order>
</decoder>

<!--
  %ftd-3-106014: Deny inbound icmp src outside:151.80.47.231 dst outside:116.6.127.112 (type 3, code 2)
-->
<decoder name="cisco-ftd-deny-inbound-icmp">
  <parent>cisco-ftd</parent>
  <prematch>3-106014</prematch>
  <regex type="pcre2">([^%]+)?%(FTD)-([0-7])-([^:\s]+):?\s?((.+)\ssrc\s(\S+):(\S+)\sdst\s(\S+):(\S+)\s(\(.+\)))</regex>
  <order>header, product.name, event.severity, event.id, message, description, src, src_ip, dst, dst_ip, code</order>
</decoder>

<!--
  %ftd-4-500004: Invalid transport field for protocol=UDP, from 10.235.91.49/45682 to 80.98.44.227/0
-->
<decoder name="cisco-ftd-invalid-transport-field">
  <parent>cisco-ftd</parent>
  <prematch>4-500004</prematch>
  <regex type="pcre2">([^%]+)?%(FTD)-([0-7])-([^:\s]+):?\s?((.+)\sfor\sprotocol=(\S+),\sfrom\s(\S+)/(\S+)\sto\s(\S+)/(\S+))</regex>
  <order>header, product.name, event.severity, event.id, message, description, protocol, src_ip, src_port, dst_ip, dst_port</order>
</decoder>

<!--
  %ftd-4-313009: Denied invalid ICMP code 9, for serverlan:EUCH1AAISE/38706 (EUCH1AAISE/38706) to WLC-LAN_inside:10.235.50.134/0 (10.235.50.134/0), ICMP id 295, ICMP type 8
-->
<decoder name="cisco-ftd-denied-invalid-icmp">
  <parent>cisco-ftd</parent>
  <prematch>4-313009</prematch>
  <regex type="pcre2">([^%]+)?%(FTD)-([0-7])-([^:\s]+):?\s?((.+)\scode\s(\S+),\sfor\s\S+:(\S+)/(\S+)\s\(\S+\)\sto\s(\S+):(\S+)/(\S+)\s\(\S+\),\sICMP\sid\s(\S+),\sICMP\stype\s(\S+))</regex>
  <order>header, product.name, event.severity, event.id, message, description, code, src, src_port, dst, dst_ip, dst_port, icmp_id, icmp_type</order>
</decoder>


<!--
  %ftd-4-209005: Discard IP fragment set with more than 24 elements:  src = 10.235.211.237, dest = 86.29.145.200, proto = UDP, id = 48916
-->
<decoder name="cisco-ftd-discard-ip-fragment">
  <parent>cisco-ftd</parent>
  <prematch>4-209005</prematch>
  <regex type="pcre2">([^%]+)?%(FTD)-([0-7])-([^:\s]+):?\s?((.+)\s\ssrc\s=\s(\S+),\sdest\s=\s(\S+),\sproto\s=\s(\S+),\sid\s=\s(\S+))</regex>
  <order>header, product.name, event.severity, event.id, message, description, src, dst, protocol, fragment_id</order>
</decoder>

<!--
  %FTD-6-305012: Teardown dynamic TCP translation from WLC-LAN_inside:10.233.16.130/6890 to outside:193.17.108.1/6890 duration 0:02:32
-->
<decoder name="cisco-ftd-teardown-translation">
  <parent>cisco-ftd</parent>
  <prematch>6-305012</prematch>
  <regex type="pcre2">([^%]+)?%(FTD)-([0-7])-([^:\s]+):?\s?((.+)\sfrom\s(\S+):(\S+)/(\S+)\sto\s(\S+):(\S+)/(\S+)\sduration\s(\d+:\d+:\d+))</regex>
  <order>header, product.name, event.severity, event.id, message, description, src, src_ip, src_port, dst, dst_ip, dst_port, duration</order>
</decoder>

<!--
  %ftd-5-111010: User 'pgskyadm', running 'CLI' from IP 143.16.64.46, executed 'terminal pager 0'
-->
<decoder name="cisco-ftd-user-running-executed">
  <parent>cisco-ftd</parent>
  <prematch>5-111010</prematch>
  <regex type="pcre2">([^%]+)?%(FTD)-([0-7])-([^:\s]+):?\s?(User\s(\S+),\srunning\s(\S+)\sfrom\sIP\s(\S+),\s(\S+)\s(.+))</regex>
  <order>header, product.name, event.severity, event.id, message, username, running, ip, type, command</order>
</decoder>

<!--
  %ftd-1-505015: Module ips, application up "IPS", version "7.2(2)E4" Normal Operation
-->
<decoder name="cisco-ftd-module-ips">
  <parent>cisco-ftd</parent>
  <prematch>1-505015</prematch>
  <regex type="pcre2">([^%]+)?%(FTD)-([0-7])-([^:\s]+):?\s?(Module\s(.+),\sapplication\sup\s(\S+),\sversion\s(\S+))</regex>
  <order>header, product.name, event.severity, event.id, message, module_id, app_up, version</order>
</decoder>

<!--
  %FTD-6-302014: Teardown TCP connection 4211 for external:171.70.168.183/53 to mgmt:192.168.1.185/1032 duration 0:00:00 bytes 526
  %FTD-6-302016: Teardown UDP connection 4211 for external:171.70.168.183/53 to mgmt:192.168.1.185/1032 duration 0:00:00 bytes 526
-->
<decoder name="cisco-ftd-teardown-connection-tcpudp">
  <parent>cisco-ftd</parent>
  <prematch>6-302014|6-302016</prematch>
  <regex type="pcre2">([^%]+)?%(FTD)-([0-7])-([^:\s]+):?\s?((.+)\s(\d+)\sfor\s(\S+):(\S+)/(\S+)\sto\s(\S+):(\S+)/(\S+)\sduration\s(\d+:\d+:\d+)\sbytes\s(\d+))</regex>
  <order>header, product.name, event.severity, event.id, message, description, connection, src, src_ip, src_port, dst, dst_ip, dst_port, duration, bytes</order>
</decoder>

<!--
  %ftd-4-419002: Duplicate TCP SYN from WLC-LAN_inside:10.233.209.119/42736 to outside:192.168.0.8/52082 with different initial sequence number
-->
<decoder name="cisco-ftd-duplicate-syn">
  <parent>cisco-ftd</parent>
  <prematch>4-419002</prematch>
  <regex type="pcre2">([^%]+)?%(FTD)-([0-7])-([^:\s]+):?\s?((.+)\sfrom\s(\S+):(\S+)/(\S+)\sto\s(\S+):(\S+)/(\S+)\swith\sdifferent\sinitial\ssequence\snumber)</regex>
  <order>header, product.name, event.severity, event.id, message, description, src, src_ip, src_port, dst, dst_ip, dst_port</order>
</decoder>

<!--
  %FTD-4-405001: Received ARP {request | response} collision from 192.168.1.59/MAC_address on interface interface_name to 192.168.1.59/MAC_address on interface interface_name
-->
<decoder name="cisco-ftd-response-collision">
  <parent>cisco-ftd</parent>
  <prematch>4-405001</prematch>
  <regex type="pcre2">([^%]+)?%(FTD)-([0-7])-([^:\s]+):?\s?((.+)\sfrom\s(\S+)/(\S+)\son\sinterface\s(\S+)\sto\s(\S+)/(\S+)\son\sinterface\s(\S+))</regex>
  <order>header, product.name, event.severity, event.id, message, description, src_ip, new_arp, interface, existing_arp</order>
</decoder>

<!--
  %ftd-2-106020: Deny IP teardrop fragment (size = 1480, offset = 0) from 10.235.224.228 to 10.235.0.1
-->
<decoder name="cisco-ftd-deny-teardrop-fragment">
  <parent>cisco-ftd</parent>
  <prematch>2-106020</prematch>
  <regex type="pcre2">([^%]+)?%(FTD)-([0-7])-([^:\s]+):?\s?((.+)\s\(size\s=\s(\S+),\soffset\s=\s(\S+)\)\sfrom\s(\S+)\sto\s(\S+))</regex>
  <order>header, product.name, event.severity, event.id, message, description, size, offset, src, dst</order>
</decoder>

<!--
  %ftd-5-500003: Bad TCP hdr length (hdrlen=4, pktlen=74) from 123.146.183.231/34160 to 116.6.127.118/443, flags: INVALID, on interface outside
-->
<decoder name="cisco-ftd-bad-hdr-length">
  <parent>cisco-ftd</parent>
  <prematch>5-500003</prematch>
  <regex type="pcre2">([^%]+)?%(FTD)-([0-7])-([^:\s]+):?\s?((.+)\s\(hdrlen=(\S+),\spktlen=(\S+)\)\sfrom\s(\S+)/(\S+)\sto\s(\S+)/(\S+),\sflags:\s(.+),\son\sinterface\s(\S+))</regex>
  <order>header, product.name, event.severity, event.id, message, description, hdrlen, pktlen, src_ip, src_port, dst_ip, dst_port, flags, interface</order>
</decoder>

<!--
  %ftd-3-202010: PAT pool exhausted. Unable to create TCP connection from WLC-LAN_inside:10.237.52.235/40012 to outside:183.240.12.88/443
-->
<decoder name="cisco-ftd-pat-pool-exhausted">
  <parent>cisco-ftd</parent>
  <prematch>3-202010</prematch>
  <regex type="pcre2">([^%]+)?%(FTD)-([0-7])-([^:\s]+):?\s?((.+)\sfrom\s(\S+):(\S+)/(\S+)\sto\s(\S+):(\S+)/(\S+))</regex>
  <order>header, product.name, event.severity, event.id, message, description, src, src_ip, src_port, dst, dst_ip, dst_port</order>
</decoder>

<!--
  %FTD-1-105005: (Secondary) Lost Failover communications with mate on interface WLC-LAN_inside
-->
<decoder name="cisco-ftd-lost-failover">
  <parent>cisco-ftd</parent>
  <prematch>1-105005</prematch>
  <regex type="pcre2">([^%]+)?%(FTD)-([0-7])-([^:\s]+):?\s?((.+)\sinterface\s(\S+))</regex>
  <order>header, product.name, event.severity, event.id, message, description, interface</order>
</decoder>

<!--
  %FTD-1-106101 The number of ACL log deny-flows has reached limit (number).
-->
<decoder name="cisco-ftd-deny-flows">
  <parent>cisco-ftd</parent>
  <prematch>1-106101</prematch>
  <regex type="pcre2">([^%]+)?%(FTD)-([0-7])-([^:\s]+):?\s?(The\snumber\sof\s(\S+)\s(.+)\shas\sreached\slimit\s\((\S+)\))</regex>
  <order>header, product.name, event.severity, event.id, message, log, description, log, limit</order>
</decoder>

<!--
  %FTD-4-409023: Attempting AAA Fallback method LOCAL for Authentication request for user impssnagios : Auth-server group IMPSS unreachable
-->
<decoder name="cisco-ftd-attempting-fallback">
  <parent>cisco-ftd</parent>
  <prematch>4-409023</prematch>
  <regex type="pcre2">([^%]+)?%(FTD)-([0-7])-([^:\s]+):?\s?((.+)\sfor\suser\s([^:]+):(.+))</regex>
  <order>header, product.name, event.severity, event.id, message, description, username, message</order>
</decoder>

<!--
  %FTD-4-711004: Task ran for 435 msec, Process = DATAPATH-0-1879, PC = 0, Call stack = 0x090b0155
-->
<decoder name="cisco-ftd-task-ran">
    <parent>cisco-ftd</parent>
    <prematch type="pcre2">[^%]*%FTD-4-711004[:\s].*</prematch>
   <regex type="pcre2">([^%]+)?%(FTD)-([0-7])-([^:\s]+):?\s?((.+)\sfor\s(.+),\sProcess\s=\s(\S+),\sPC\s=\s(\S+),\sCall\sstack\s=\s(\w+))</regex>
   <order>header, product.name, event.severity, event.id, message, description, time, process, pc, call_stack</order>
</decoder>

<!--
  %FTD-4-411001: Line protocol on Interface GigabitEthernet0/0 changed state to up
-->
<decoder name="cisco-ftd-line-protocol-interface">
  <parent>cisco-ftd</parent>
  <prematch type="pcre2">[^%]*%FTD-4-411001[:\s].*</prematch>
  <regex type="pcre2">([^%]+)?%(FTD)-([0-7])-([^:\s]+):?\s?((.+)\son\sinterface\s(\S+)\s(.+))</regex>
  <order>header, product.name, event.severity, event.id, message, description, interface, action</order>
</decoder>

<!--
  %FTD-2-321006: System Memory usage reached 93%
-->
<decoder name="cisco-ftd-system-memory">
  <parent>cisco-ftd</parent>
  <prematch type="pcre2">[^%]*%FTD-2-321006[:\s].*</prematch>
  <regex type="pcre2">([^%]+)?%(FTD)-([0-7])-([^:\s]+):?\s?((System\smemory\susage)\sreached\sutilization\s(\S+))</regex>
  <order>header, product.name, event.severity, event.id, message, description, percentage</order>
</decoder>

<!--
  %FTD-4-405003: IP address collision detected between host 1.0.0.2 at 00e0.ed27.620f and interface FAILOVER, 00e0.ed22.eb39
-->
<decoder name="cisco-ftd-ip-collision">
  <parent>cisco-ftd</parent>
  <prematch type="pcre2">[^%]*%FTD-4-405003[:\s].*</prematch>
  <regex type="pcre2">([^%]+)?%(FTD)-([0-7])-([^:\s]+):?\s?((IP\saddress\scollision)\sdetected\sbetween\shost\s(\S+)\sat\s(\S+)\sand\sinterface\s(\S+),\s(\S+))</regex>
  <order>header, product.name, event.severity, event.id, message, description, host_ip, src_mac, interface, int_mac_address</order>
</decoder>

<!-- General decoder -->
<decoder name="cisco-ftd">
  <parent>cisco-ftd</parent>
  <regex type="pcre2">([^%]+)?%(FTD)-([0-7])-([^:\s]+):?\s?(.+)?</regex>
  <order>header, product.name, event.severity, event.id, message</order>
</decoder>
