<!--
  -  Pix decoders
  -  Author: Daniel Cid.
  -  Updated by Wazuh, Inc.
  -  Copyright (C) 2015, Wazuh Inc.
  -  Copyright (C) 2009 Trend Micro Inc.
  -  This program is a free software; you can redistribute it and/or modify it under the terms of GPLv2.
-->

<!--
  - Will extract the srcip, srcport, dstip and dstport whenever possible.
  - Examples:
  - %PIX-6-106015: Deny TCP (no connection) from 161.58.238.151/110 to a.b.c.d/3782 flags RST ACK
  - %PIX-2-106001: Inbound TCP connection denied from 165.139.46.7/3854 to 165.189.27.70/139 flags
  - %PIX-3-106010: Deny inbound tcp src outside:213.98.79.233/2620 dst dmz:213.98.254.145/135
  - %PIX-3-106011: Deny inbound (No xlate) udp src outside:192.168.2.1/137
  dst outside:192.168.2.14/137
  - %PIX-3-106011: Deny inbound (No xlate) tcp src inside:10.100.7.43/80 dst
  inside:10.100.4.71/2285
  - %PIX-3-710003: TCP access denied by ACL from 216.39.220.130/54065 to outside:62.192.113.98/ssh
  - %PIX-7-710001: TCP access requested from X.X.X.X/1292 to outside:Y.Y.Y.Y/ssh
  - %PIX-7-710002: UDP access permitted from 33.33.33.4/943 to inside:33.33.33.15/snmp
  - %PIX-7-710005: UDP request discarded from <public IP of 525>/4500 to outside:192.168.69.137/4500
  - %PIX-2-106002   protocol Connection denied by outbound list acl_ID src inside_address dest outside_address
  - %PIX-2-106002: udp connection denied by outbound list 30 src 216.53.120.62 138 dest 169.132.10.82 138
  -  %PIX-4-106023: Deny tcp src inside:111.11.11.1/2143 dst YYY:172.11.1.11/139 by access-group "inside_inbound"
  - %PIX-4-400013 IDS:2003 ICMP redirect from 10.4.1.2 to 10.2.1.1 on interface dmz
  - %PIX-2-106006: Deny inbound UDP from ***/20031 to ***/20031 on
  interface vpn
  - %PIX-7-710002: TCP access permitted from 10.0.0.1/60749 to db:10.0.0.2/ssh
  - %PIX-6-305012: Teardown dynamic UDP translation from inside:1.1.1.1/12 to outside:1.2.1.2/11 duration 0:00:11.
  - %PIX-3-305005: No translation group found for icmp src outside:x.x.x.x dst inside:x.x.x.x (type 3, code 0)
  - %ASA-2-106001: Inbound TCP connection denied from 1.2.3.4/1234 to 213.207.99.248/445 flags SYN on interface outside (Message repeated 2 times)
  - %PIX-6-605005: Login permitted from 192.168.1.2/2953 to inside:192.168.1.1/telnet for user ""
  - %PIX-6-605004: Login denied from 192.168.2.10/32597 to outside:192.168.2.14/ssh for user "root"
  - %PIX-6-305011: Built dynamic UDP translation from inside:192.168.1.2/1026 to outside:192.168.2.14/1163
  - %PIX-6-305011: Built dynamic TCP translation from inside:192.168.1.3/54946 to outside:192.168.2.14/1033
  - %PIX-6-302015: Built outbound UDP connection 156 for outside:192.168.2.10/1514 (192.168.2.10/1514) to inside:192.168.1.2/1026 (192.168.2.14/1163)
  -->
<decoder name="pix">
  <prematch>^%PIX-|^\w\w\w \d\d \d\d\d\d \d\d:\d\d:\d\d: %PIX-</prematch>
</decoder>

<decoder name="pix-fw1">
  <parent>pix</parent>
  <type>firewall</type>
  <prematch offset="after_parent">^2-106001</prematch>
  <regex offset="after_parent">^(\S+): \w+ (\w+) \S+ (\S+) from </regex>
  <regex>(\S+)/(\S+) to (\S+)/(\S+)</regex>
  <order>id, protocol, action, srcip, srcport, dstip, dstport</order>
</decoder>

<decoder name="pix-fw2">
  <parent>pix</parent>
  <type>firewall</type>
  <prematch offset="after_parent">^3-710003|^7-710002|^7-710005</prematch>
  <regex offset="after_parent">^(\S+): (\S+) \w+ (\w+) \.+from </regex>
  <regex>(\S+)/(\S+) to \w+:(\S+)/(\S+)</regex>
  <order>id, protocol, action, srcip, srcport, dstip, dstport</order>
</decoder>

<decoder name="pix-fw3">
  <parent>pix</parent>
  <type>firewall</type>
  <prematch offset="after_parent">^4-106023</prematch>
  <regex offset="after_parent">^(\S+): (\w+) (\w+) src \w+:</regex>
  <regex>(\S+)/(\S+) dst \w+:(\S+)/(\S+)</regex>
  <order>id, action, protocol, srcip, srcport, dstip, dstport</order>
</decoder>

<decoder name="pix-fw4">
  <parent>pix</parent>
  <type>firewall</type>
  <prematch offset="after_parent">^4-106019</prematch>
  <regex offset="after_parent">^(\S+): IP packet from (\S+) to </regex>
  <regex>(\S+), protocol (\w+) (\w+) </regex>
  <order>id, srcip, dstip, protocol, action</order>
</decoder>

<decoder name="pix-fw5">
  <parent>pix</parent>
  <type>firewall</type>
  <prematch offset="after_parent">^2-106006|^2-106007</prematch>
  <regex offset="after_parent">^(\S+): (\w+) \S+ (\w+) from </regex>
  <regex>(\S+)/(\d+) to (\S+)/(\d+) </regex>
  <order>id, action, protocol, srcip, srcport, dstip, dstport</order>
</decoder>

<decoder name="pix-fw6">
  <parent>pix</parent>
  <type>firewall</type>
  <prematch offset="after_parent">^6-106015</prematch>
  <regex offset="after_parent">^(\S+): (\w+) (\w+) \S+ \S+ (\S+) from </regex>
  <regex>(\S+)/(\S+) to (\S+)/(\S+)</regex>
  <order>id, action, protocol, srcip, srcport, dstip, dstport</order>
</decoder>

<decoder name="pix-fw7">
  <parent>pix</parent>
  <type>firewall</type>
  <prematch offset="after_parent">^6-305012</prematch>
  <regex offset="after_parent">^(\S+): (\w+) \w+ (\w+) translation </regex>
  <regex>from \w+:(\S+)/(\d+) to \w+:(\S+)/(\d+) </regex>
  <order>id, action, protocol, srcip, srcport, dstip, dstport</order>
</decoder>

<decoder name="pix-fw8">
  <parent>pix</parent>
  <type>firewall</type>
  <prematch offset="after_parent">^3-106011|^3-106010</prematch>
  <regex offset="after_parent">^(\S+): (\w+) \.+ (\w+) src </regex>
  <regex>\w+:(\S+)/(\d+) dst \w+:(\S+)/(\d+)</regex>
  <order>id, action, protocol, srcip, srcport, dstip, dstport</order>
</decoder>

<decoder name="pix-url-success">
  <parent>pix</parent>
  <prematch offset="after_parent">^5-304001: </prematch>
  <regex offset="after_parent">^(\S+): (\S+) Accessed URL </regex>
  <regex>(\S+):(http\w*://\.+)|</regex>
  <regex>^(\S+): (\S+) Accessed URL (\S+):</regex>
  <order>id, srcip, dstip, url</order>
</decoder>

<decoder name="pix-url-deny">
  <parent>pix</parent>
  <prematch offset="after_parent">^5-304002: </prematch>
  <regex offset="after_parent">^(\S+): Access (denied) URL (http\w*://\.+) </regex>
  <regex>SRC (\S+) DEST (\S+) on interface</regex>
  <order>id, action, url, srcip, dstip</order>
</decoder>

<decoder name="pix-attacks">
  <parent>pix</parent>
  <prematch offset="after_parent">^2-106012: |^2-106017: |</prematch>
  <prematch>^2-106020|^1-106021|^1-106022|</prematch>
  <prematch>^4-4000</prematch>
  <regex offset="after_parent">^(\S+): \.+ from (\S+) </regex>
  <order>id, srcip</order>
</decoder>

<decoder name="pix-srcip">
  <parent>pix</parent>
  <prematch offset="after_parent">^6-308001</prematch>
  <regex offset="after_parent">^(\S+): \.+ (\S+)</regex>
  <order>id, srcip</order>
</decoder>

<decoder name="pix-srcip-port">
  <parent>pix</parent>
  <prematch offset="after_parent">^6-605004|^6-605005</prematch>
  <regex offset="after_parent">^(\S+): Login (\S+) from (\S+)/(\d+) \.+user "(\w+)"</regex>
  <order>id, action, srcip, srcport, user</order>
</decoder>

<decoder name="pix-generic">
  <parent>pix</parent>
  <regex offset="after_parent">^(\S+): </regex>
  <order>id</order>
</decoder>
