<!--
  -  Decoders for cisco-asa 
  -  Created by Wazuh, Inc.
  -  Copyright (C) 2015, Wazuh Inc.
  -  This program is a free software; you can redistribute it and/or modify it under the terms of GPLv2.
-->

<decoder name="cisco-asa">
    <prematch>%ASA-|\w\w\w \d\d \d\d\d\d \d\d:\d\d:\d\d: %ASA-</prematch>
</decoder>

<!--
%ASA-3-338309: The license on this ASA does not support dynamic filter updater feature
-->

<decoder name="cisco-asa-dynamic-filter">
    <parent>cisco-asa</parent>
    <prematch offset="after_parent">3-338309</prematch>
    <regex offset="after_parent">(\w+): (\.+)</regex>
    <order>id, description</order>
</decoder>

<!--
%ASA-5-505002: Module ips is reloading. Please wait...
-->

<decoder name="cisco-asa-ips">
    <parent>cisco-asa</parent>
    <prematch offset="after_parent">1-323006|1-505011|5-505002</prematch>
    <regex offset="after_parent">(\w+): (\.+)</regex>
    <order>id, description</order>
</decoder>

<!--
%ASA-6-305012: Teardown dynamic TCP translation from WLC-LAN_inside:10.233.16.130/6890 to outside:193.17.108.1/6890 duration 0:02:32
-->
<decoder name="cisco-asa-teardown-translation">
    <parent>cisco-asa</parent>
    <prematch offset="after_parent">6-305010|6-305012</prematch>
    <regex offset="after_parent">(\w+): (\.+) from (\S+):(\S+)/(\S+) to (\S+):(\S+)/(\S+) duration (\d+:\d+:\d+)</regex>
    <order>id, description, src, src_ip, src_port, dst, dst_ip, dst_port, duration</order>
</decoder>

<!--
%ASA-6-302014: Teardown TCP connection 4211 for external:171.70.168.183/53 to mgmt:192.168.1.185/1032 duration 0:00:00 bytes 526
-->
<decoder name="cisco-asa-teardown-connection-tcpudp">
    <parent>cisco-asa</parent>
    <prematch offset="after_parent">6-302014|6-302016</prematch>
    <regex offset="after_parent">(\w+): (\.+) (\d+) for (\S+):(\S+)/(\S+) to (\S+):(\S+)/(\S+) duration (\d+:\d+:\d+) bytes (\d+)</regex>
    <order>id, description, connection, src, src_ip, src_port, dst, dst_ip, dst_port, duration, bytes</order>
</decoder>

<!--
%ASA-6-302018: Teardown GRE connection 4211 from external:171.70.168.183/53 to mgmt:192.168.1.185/1032 duration 0:00:00 bytes 526
 -->
<decoder name="cisco-asa-teardown-connection-gre">
    <parent>cisco-asa</parent>
    <prematch offset="after_parent">6-302018</prematch>
    <regex offset="after_parent">(\w+): (\.+) (\d+) from (\S+):(\S+)/(\S+) to (\S+):(\S+)/(\S+) duration (\d+:\d+:\d+) bytes (\d+)</regex>
    <order>id, description, connection, src, src_ip, src_port, dst, dst_ip, dst_port, duration, bytes</order>
</decoder>

<!--
%ASA-6-302021: Teardown ICMP connection 9 from outside:10.1.2.1/22 (10.1.2.1/22) to inside:10.1.1.2/53496 (10.1.1.2/53496)
-->
<decoder name="cisco-asa-teardown-connection-icmp">
    <parent>cisco-asa</parent>
    <prematch offset="after_parent">6-302021</prematch>
    <regex offset="after_parent">(\w+): (\.+) (\d+) from (\S+):(\S+)/(\S+) \p(\S+)/(\S+)\p to (\S+):(\S+)/(\S+) \p(\S+)/(\S+)\p</regex>
    <order>id, description, connection, src, src_ip, src_port, mapped_src_ip, mapped_src_port, dst, dst_ip, dst_port, mapped_dst_ip, mapped_dst_port</order>
</decoder>

<!--
%ASA-6-302023: Teardown stub TCP connection for external:171.70.168.183/53 to mgmt:192.168.1.185/1032 duration 0:00:00 forwarded bytes 526 reason Conn-timeout
 -->
<decoder name="cisco-asa-teardown-stub-connection">
    <parent>cisco-asa</parent>
    <prematch offset="after_parent">6-302023|6-302025|6-302027</prematch>
    <regex offset="after_parent">(\w+): (\.+) for (\S+):(\S+)/(\S+) to (\S+):(\S+)/(\S+) duration (\d+:\d+:\d+) forwarded bytes (\d+) reason (\.+)</regex>
    <order>id, description, src, src_ip, src_port, dst, dst_ip, dst_port, duration, bytes, reason</order>
</decoder>

<!--
%ASA-6-603109: Teardown PPOE Tunnel at interface, tunnel-id = 12312, remote-peer = 192.168.0.1
-->
<decoder name="cisco-asa-teardown-pppoe">
    <parent>cisco-asa</parent>
    <prematch offset="after_parent">6-603109</prematch>
    <regex offset="after_parent">(\w+): (\.+) at (\S+), tunnel-id = (\d+), remote-peer = (\S+)</regex>
    <order>id, description, interface, tunnel_id, remote-peer</order>
</decoder>

<!--
%ASA-6-305011: Built dynamic TCP translation from WLC-LAN_inside:10.235.50.55/58159 to outside:193.17.116.1/58159
-->
<decoder name="cisco-asa-built-translation">
    <parent>cisco-asa</parent>
    <prematch offset="after_parent">6-305009|6-305011</prematch>
    <regex offset="after_parent">(\w+): (\.+) from (\S+):(\S+)/(\S+) to (\S+):(\S+)/(\S+)</regex>
    <order>id, description, src, src_ip, src_port, dst, dst_ip, dst_port</order>
</decoder>

<!--
%ASA-6-302013: Built outbound TCP connection 9 for outside:10.1.2.1/22 (10.1.2.1/22) to inside:10.1.1.2/53496 (10.1.1.2/53496)
-->
<decoder name="cisco-asa-built-connection">
    <parent>cisco-asa</parent>
    <prematch offset="after_parent">6-302013</prematch>
    <regex offset="after_parent">(\w+): (\.+) (\d+) for (\S+):(\S+)/(\S+) \p(\S+)/(\S+)\p to (\S+):(\S+)/(\S+) \p(\S+)/(\S+)\p</regex>
    <order>id, description, connection, src, src_ip, src_port, mapped_src_ip, mapped_src_port, dst, dst_ip, dst_port, mapped_dst_ip, mapped_dst_port</order>
</decoder>

<!--
%ASA-6-603108: Built PPTP Tunnel at interfaceex, tunnel-id = 32135, remote-peer = 192.168.0.1, virtual-interface = 3141, client-dynamic-ip = 192.168.0.2, username = userex, MPPE-key-strength = 15412
-->
<decoder name="cisco-asa-built-pptp">
    <parent>cisco-asa</parent>
    <prematch offset="after_parent">6-603108</prematch>
    <regex offset="after_parent">(\w+): (\.+) at (\S+), tunnel-id = (\d+), remote-peer = (\S+), virtual-interface = (\d+), client-dynamic-ip = (\S+), username = (\S+), MPPE-key-strength = (\d+)</regex>
    <order>id, description, if_name, tunnel_id, remote_peer, virtual_if, client_dyn_ip, user, MPPE_key_strength</order>
</decoder>

<!--
%ASA-7-609001: Built local-host Internet:200.201.202.203
-->
<decoder name="cisco-asa-built-localhost">
    <parent>cisco-asa</parent>
    <prematch offset="after_parent">7-609001</prematch>
    <regex offset="after_parent">(\w+): (\.+) (\S+):(\S+)</regex>
    <order>id, description, zone_name, ip_address</order>
</decoder>

<!--
%ASA-4-313005: No matching connection for ICMP error message: icmp src WLC-LAN_inside:10.233.152.101 dst outside:8.8.8.8 (type 3, code 3) on WLC-LAN_inside interface.  Original IP payload: udp src 8.8.8.8/53 dst 10.233.152.101/62403
-->
<decoder name="cisco-asa-no-matching-connection">
    <parent>cisco-asa</parent>
    <prematch offset="after_parent">4-313005</prematch>
    <regex offset="after_parent">(\w+): (\.+) error message: (\S+) src (\S+):(\S+) dst (\S+):(\S+) (\(\.*\)) on (\S+) interface</regex>
    <order>id, description, protocol, src, src_ip, dst, dst_ip, code, interface</order>
</decoder>

<!--
%ASA-2-106001: Inbound TCP connection denied from 111.93.241.59/54322 to 116.6.127.122/1433 flags SYN on interface outside
-->
<decoder name="cisco-asa-inbound-connection-denied">
    <parent>cisco-asa</parent>
    <prematch offset="after_parent">2-106001</prematch>
    <regex offset="after_parent">(\w+): (\.+) from (\S+)/(\S+) to (\S+)/(\S+) flags (\.+)\s+on interface (\S+)</regex>
    <order>id, description, src_ip, src_port, dst_ip, dst_port, flags, interface</order>
</decoder>

<!--
%ASA-5-718060: Inbound socket select fail: context=21312
-->
<decoder name="cisco-asa-inbound-socket">
    <parent>cisco-asa</parent>
    <prematch offset="after_parent">5-718060|5-718061</prematch>
    <regex offset="after_parent">(\w+): (\.+): context=(\d+)</regex>
    <order>id, description, context_ID</order>
</decoder>

<!--
%ASA-5-718062: Inbound thread is awake (context=21312)
-->
<decoder name="cisco-asa-inbound-thread">
    <parent>cisco-asa</parent>
    <prematch offset="after_parent">5-718062</prematch>
    <regex offset="after_parent">(\w+): (\.+) \pcontext=(\d+)\p</regex>
    <order>id, description, context_ID</order>
</decoder>

<!--
%ASA-1-106022: Deny protocol connection spoof from 192.168.0.1 to 192.168.0.2 on interface interface_name.
-->
<decoder name="cisco-asa-attacks">
  <parent>cisco-asa</parent>
  <prematch offset="after_parent">1-106021|1-106022|4-4000</prematch>
  <regex offset="after_parent">(\w+): \.+ from (\S+)</regex>
  <order>id, srcip</order>
</decoder>

<!--
%ASA-4-401004 Shunned packet: 192.168.0.1 = 192.168.0.2 on interface interfacename
-->
<decoder name="cisco-asa-shunned">
  <parent>cisco-asa</parent>
  <prematch offset="after_parent">^4-401004</prematch>
  <regex offset="after_parent">(\S+) Shunned packet: (\S+) = (\S+) </regex>
  <order>id, srcip, dstip</order>
</decoder>

<!--
%ASA-2-106017: Deny IP due to Land Attack from 193.17.108.1 to 193.17.108.1
-->
<decoder name="cisco-asa-deny-land-attack">
    <parent>cisco-asa</parent>
    <prematch offset="after_parent">2-106017</prematch>
    <regex offset="after_parent">(\w+): (\.+) from (\S+) to (\S+)</regex>
    <order>id, description, src_ip, dst_ip</order>
</decoder>

<!--
%ASA-2-106006: Deny inbound UDP from 185.158.113.158/53306 to 116.6.127.123/53413 on interface outside
-->
<decoder name="cisco-asa-deny-inbound-udp">
    <parent>cisco-asa</parent>
    <prematch offset="after_parent">2-106006|2-106007</prematch>
    <regex offset="after_parent">(\w+): (\.+) from (\S+)/(\S+) to (\S+)/(\S+)</regex>
    <order>id, description, src_ip, src_port, dst_ip, dst_port</order>
</decoder>

<!--
%ASA-3-710003: TCP access denied by ACL from 192.168.0.1/11 to outside:192.168.0.2/22
-->
<decoder name="cisco-asa-fw2">
  <parent>cisco-asa</parent>
  <prematch offset="after_parent">3-710003|7-710002|7-710005</prematch>
  <regex offset="after_parent">(\w+): (\S+) \w+ (\.+) from </regex>
  <regex>(\S+)/(\S+) to \w+:(\S+)/(\S+)</regex>
  <order>id, protocol, action, srcip, srcport, dstip, dstport</order>
</decoder>

<!--
%ASA-4-106023: Deny tcp src inside:111.11.11.1/2143 dst YYY:172.11.1.11/139 by access-group "inside_inbound"
-->
<decoder name="cisco-asa-fw3">
  <parent>cisco-asa</parent>
  <prematch offset="after_parent">4-106023</prematch>
  <regex offset="after_parent">(\S+): (\w+) (\w+) src \w+:</regex>
  <regex>(\S+)/(\S+) dst \w+:(\S+)/(\S+)</regex>
  <order>id, action, protocol, srcip, srcport, dstip, dstport</order>
</decoder>

<!--
%ASA-6-106015: Deny TCP (no connection) from 192.168.0.1/11 to 192.168.0.2/22 flags tcp_flags on interface interface_name
-->
<decoder name="cisco-asa-fw6">
  <parent>cisco-asa</parent>
  <prematch offset="after_parent">6-106015</prematch>
  <regex offset="after_parent">(\w+): (\w+) (\w+) \.+ from (\S+)/(\S+) to (\S+)/(\S+) flags (\S+)\s+on interface (\S+)</regex>
  <order>id, action, protocol, srcip, srcport, dstip, dstport, flags, interface</order>
</decoder>

<!--
%ASA-5-304001: 192.168.200.2 Accessed URL 157.166.255.19:http://cnn.com/
-->
<decoder name="cisco-asa-url-success">
  <parent>cisco-asa</parent>
  <prematch offset="after_parent">5-304001</prematch>
  <regex offset="after_parent">(\w+): (\S+) Accessed URL </regex>
  <regex>(\S+):(http\w*://\.+)|</regex>
  <regex>^(\S+): (\S+) Accessed URL (\S+):</regex>
  <order>id, srcip, dstip, url</order>
</decoder>

<!--
%ASA-5-304002: Access denied URL http://s.tbdress.com/images/favicon.ico SRC 10.69.6.39 DEST 72.21.91.19 on interface inside
-->
<decoder name="cisco-asa-url-deny">
  <parent>cisco-asa</parent>
  <prematch offset="after_parent">5-304002</prematch>
  <regex offset="after_parent">^(\S+): Access (denied) URL (http\w*://\.+) </regex>
  <regex>SRC (\S+) DEST (\S+) on interface</regex>
  <order>id, action, url, srcip, dstip</order>
</decoder>

<!--
%ASA-6-308001: console enable password incorrect for number tries (from 192.168.0.1)
-->
<decoder name="cisco-asa-srcip">
  <parent>cisco-asa</parent>
  <prematch offset="after_parent">6-308001</prematch>
  <regex offset="after_parent">(\w+): \.+ \pfrom (\d+.\d+.\d+.\d+)</regex>
  <order>id, srcip</order>
</decoder>

<!--
%ASA-6-605004: Login denied from 192.168.2.10/32597 to outside:192.168.2.14/ssh for user "root"
%ASA-6-605005: Login permitted from 192.168.0.1/11 to outside:192.168.0.2/ssh for user "username"
-->
<decoder name="cisco-asa-srcip-port">
  <parent>cisco-asa</parent>
  <prematch offset="after_parent">6-605004|6-605005</prematch>
  <regex offset="after_parent">(\w+): Login (\S+) from (\S+)/(\S+) to (\S+):(\S+)/(\S+) for user "(\w+)"</regex>
  <order>id, action, srcip, srcport, interface, dstip, dstport, user</order>
</decoder>

<!--
%ASA-4-733100: Object drop rate 15 exceeded. Current burst rate is 9 per second, max configured rate is 10; Current average rate is 15 per second, max configured rate is 5; Cumulative total count is 9198
-->
<decoder name="cisco-asa-drop-rate-exceeded">
    <parent>cisco-asa</parent>
    <prematch offset="after_parent">4-733100</prematch>
    <regex offset="after_parent">(\w+): (\.+) drop rate\.+(\d+) exceeded. Current burst rate is (\S+) per second, max configured rate is (\S+); Current average rate is (\S+) per second, max configured rate is (\S+); Cumulative total count is (\S+)</regex>
    <order>id, rate_ID, burst_rate, max_burst_rate, average_rate, max_average_rate, cumulative_count</order>
</decoder>

<!--
%ASA-5-611103: User logged out: Uname: impssnagios
-->
<decoder name="cisco-asa-user-logged-out">
    <parent>cisco-asa</parent>
    <prematch offset="after_parent">5-611103</prematch>
    <regex offset="after_parent">(\w+): (\.+): Uname: (\S+)</regex>
    <order>id, description, username</order>
</decoder>

<!--
%ASA-5-111008: User 'impssnagios' executed the 'enable' command.
-->
<decoder name="cisco-asa-executed-command">
    <parent>cisco-asa</parent>
    <prematch offset="after_parent">5-111008</prematch>
    <regex offset="after_parent">(\w+): User '(\S+)' (\S+) the '(\.+)' command</regex>
    <order>id, username, type, command</order>
</decoder>

<!--
%ASA-5-502103: User priv level changed: Uname: impssnagios From: 1 To: 15
-->
<decoder name="cisco-asa-user-privileged-changed">
    <parent>cisco-asa</parent>
    <prematch offset="after_parent">5-502103</prematch>
    <regex offset="after_parent">(\w+): (\.+): Uname: (\S+) From: (\S+) To: (\S+)</regex>
    <order>id, description, username, from_level, to_level</order>
</decoder>

<!--
%ASA-3-421001: UDP flow from WLC-LAN_inside:10.233.19.92/60803 to outside:8.8.8.8/53 is dropped because application has failed.
-->
<decoder name="cisco-asa-user-flow-dropped">
    <parent>cisco-asa</parent>
    <prematch offset="after_parent">3-421001</prematch>
    <regex offset="after_parent">(\w+): (\.+) from (\S+):(\S+)/(\S+) to (\S+):(\S+)/(\S+) is dropped because application has failed</regex>
    <order>id, src, src_ip, src_port, dst, dst_ip, dst_port</order>
</decoder>

<!--
%ASA-3-421007: UDP flow from WLC-LAN_inside:10.233.19.92/60803 to outside:8.8.8.8/53 is skipped because application has failed.
-->
<decoder name="cisco-asa-user-flow-skipped">
    <parent>cisco-asa</parent>
    <prematch offset="after_parent">3-421007</prematch>
    <regex offset="after_parent">(\w+): (\.+) from (\S+):(\S+)/(\S+) to (\S+):(\S+)/(\S+) is skipped because application has failed</regex>
    <order>id, src, src_ip, src_port, dst, dst_ip, dst_port</order>
</decoder>

<!--
%ASA-6-421002: UDP flow from WLC-LAN_inside:10.233.19.92/60803 to outside:8.8.8.8/53 bypassed application checking because the protocol is not supported.
-->
<decoder name="cisco-asa-user-flow-bypassed">
    <parent>cisco-asa</parent>
    <prematch offset="after_parent">6-421002</prematch>
    <regex offset="after_parent">(\w+): (\.+) from (\S+):(\S+)/(\S+) to (\S+):(\S+)/(\S+) bypassed application checking because the protocol is not supported</regex>
    <order>id, src, src_ip, src_port, dst, dst_ip, dst_port</order>
</decoder>


<!--
%ASA-3-106014: Deny inbound icmp src outside:151.80.47.231 dst outside:116.6.127.112 (type 3, code 2)
-->
<decoder name="cisco-asa-deny-inbound-icmp">
    <parent>cisco-asa</parent>
    <prematch offset="after_parent">3-106014</prematch>
    <regex offset="after_parent">(\w+): (\.+) src (\S+):(\S+) dst (\S+):(\S+) (\(\.+\))</regex>
    <order>id, description, src, src_ip, dst, dst_ip, code</order>
</decoder>

<!--
%ASA-4-338008: Dynamic Filter dropped blacklisted TCP traffic from WLC-LAN_inside:10.233.70.240/51638 (193.17.108.1/51638) to outside:198.71.232.3/80 (198.71.232.3/80), destination 198.71.232.3 resolved from dynamic list: 198.71.232.3/255.255.255.255, threat-level: very-high, category: Bot and Threat Networks
-->
<decoder name="cisco-asa-dynamic-filter-dropped-blacklisted">
    <parent>cisco-asa</parent>
    <prematch offset="after_parent">4-338008</prematch>
    <regex offset="after_parent">(\w+): (\.+) from (\S+):(\S+)/(\S+) \S+ to (\S+):(\S+)/(\S+) \S+, destination \S+ resolved from dynamic list: \S+, threat-level: (\S+), category: (\S+)</regex>
    <order>id, description, src, src_ip, src_port, dst, dst_ip, dst_port, threat_level, category</order>
</decoder>

<!--
%ASA-5-338303: Address 184.173.97.68 (ads74271.hotwords.com) timed out. Removing rule
-->
<decoder name="cisco-asa-timeout-removing-rule">
    <parent>cisco-asa</parent>
    <prematch offset="after_parent">5-338303</prematch>
    <regex offset="after_parent">(\w+): Address (\S+) \((\S+)\) timed out. Removing rule</regex>
    <order>id, address, hostname</order>
</decoder>

<!--
%ASA-4-500004: Invalid transport field for protocol=UDP, from 10.235.91.49/45682 to 80.98.44.227/0
-->
<decoder name="cisco-asa-invalid-transport-field">
    <parent>cisco-asa</parent>
    <prematch offset="after_parent">4-500004</prematch>
    <regex offset="after_parent">(\w+): (\.+) for protocol=(\S+), from (\S+)/(\S+) to (\S+)/(\S+)</regex>
    <order>id, protocol, src_ip, src_port, dst_ip, dst_port</order>
</decoder>

<!--
%ASA-3-338310: Failed to update from dynamic filter updater server https://update-manifests.ironport.com, reason: Failed to connect to updater server
-->
<decoder name="cisco-asa-failed-update_from-dynamic-filter">
    <parent>cisco-asa</parent>
    <prematch offset="after_parent">3-338310</prematch>
    <regex offset="after_parent">(\w+): (\.+) server (\S+), reason: (\.*)</regex>
    <order>id, description, server, reason</order>
</decoder>

<!--
%ASA-4-313009: Denied invalid ICMP code 9, for serverlan:EUCH1AAISE/38706 (EUCH1AAISE/38706) to WLC-LAN_inside:10.235.50.134/0 (10.235.50.134/0), ICMP id 295, ICMP type 8
-->
<decoder name="cisco-asa-denied-invalid-icmp">
    <parent>cisco-asa</parent>
    <prematch offset="after_parent">4-313009</prematch>
    <regex offset="after_parent">(\w+): (\.+) code (\S+), for \S+:(\S+)/(\S+) \(\S+\) to (\S+):(\S+)/(\S+) \(\S+\), ICMP id (\S+), ICMP type (\S+)</regex>
    <order>id, description, code, src, src_port, dst, dst_ip, dst_port, icmp_id, icmp_type</order>
</decoder>

<!--
%ASA-4-209005: Discard IP fragment set with more than 24 elements:  src = 10.235.211.237, dest = 86.29.145.200, proto = UDP, id = 48916
-->
<decoder name="cisco-asa-discard-ip-fragment">
    <parent>cisco-asa</parent>
    <prematch offset="after_parent">4-209005</prematch>
    <regex offset="after_parent">(\w+): (\.+)  src = (\S+), dest = (\S+), proto = (\S+), id = (\S+)</regex>
    <order>id, description, src, dst, protocol, fragment_id</order>
</decoder>

<!--
%ASA-4-420002: IPS requested to drop UDP packet from WLC-LAN_inside:10.235.211.237/6882 to outside:86.29.61.87/6882
-->
<decoder name="cisco-asa-ips-drop-package">
    <parent>cisco-asa</parent>
    <prematch offset="after_parent">4-420002</prematch>
    <regex offset="after_parent">(\w+): (\.+) from (\S+):(\S+)/(\S+) to (\S+):(\S+)/(\S+)</regex>
    <order>id, description, src, src_ip, src_port, dst, dst_ip, dst_port</order>
</decoder>

<!--
%ASA-5-338302: Address 185.40.154.13 discovered for domain gaijin.s-2.clients.cdnnow.ru from blacklist, Adding rule
-->
<decoder name="cisco-asa-adding-rule">
    <parent>cisco-asa</parent>
    <prematch offset="after_parent">5-338302</prematch>
    <regex offset="after_parent">(\w+): Address (\S+) discovered for domain (\S+) from (\S+), Adding rule</regex>
    <order>id, address, domain, type</order>
</decoder>

<!--
%ASA-4-434002: SFR requested to drop TCP packet from outside:123.133.65.58/51115 to DMZ-SSLVPN:116.6.127.117/443
-->
<decoder name="cisco-asa-sfr-requested-drop">
    <parent>cisco-asa</parent>
    <prematch offset="after_parent">4-434002</prematch>
    <regex offset="after_parent">(\w+): (\.+) from (\S+):(\S+)/(\S+) to (\S+):(\S+)/(\S+)</regex>
    <order>id, description, src, src_ip, src_port, dst, dst_ip, dst_port</order>
</decoder>

<!--
%ASA-4-313004: Denied ICMP type=0, from laddr 80.241.208.43 on interface outside to 116.6.127.116: no matching session
-->
<decoder name="cisco-asa-denied-icmp">
    <parent>cisco-asa</parent>
    <prematch offset="after_parent">4-313004</prematch>
    <regex offset="after_parent">(\w+): (\.+) type=(\S+), from laddr (\S+) on interface (\S+) to (\S+): (\.+)</regex>
    <order>id, description, type, src_ip, interface, dst_ip, reason</order>
</decoder>

<!--
%ASA-4-410001: Dropped UDP DNS request from outside:139.162.126.103/46951 to DMZ-SSLVPN:143.35.126.146/53; label length 46 bytes exceeds remaining packet length limit of 17 bytes
-->
<decoder name="cisco-asa-dropped-dns-request">
    <parent>cisco-asa</parent>
    <prematch offset="after_parent">4-410001</prematch>
    <regex offset="after_parent">(\w+): (\.+) from (\S+):(\S+)/(\S+) to (\S+):(\S+)/(\S+)</regex>
    <order>id, description, src, src_ip, src_port, dst, dst_ip, dst_port</order>
</decoder>

<!--
%ASA-4-338202: Dynamic Filter monitored greylisted TCP traffic from WLC-LAN_inside:10.233.39.227/59610 (193.17.108.1/59610) to outside:152.195.32.56/443 (152.195.32.56/443), destination 152.195.32.56 resolved from dynamic list: images0.minutemediacdn.com, threat-level: very-high, category: Malware
-->
<decoder name="cisco-asa-dynamic-filter-monitored">
    <parent>cisco-asa</parent>
    <prematch offset="after_parent">4-338202</prematch>
    <regex offset="after_parent">(\w+): (\.+) from (\S+):(\S+)/(\S+) \(\S+\) to (\S+):(\S+)/(\S+) \(\S+\), destination \S+ resolved from dynamic list: \S+, threat-level: (\S+), category: (\S+)</regex>
    <order>id, description, src, src_ip, src_port, dst, dst_ip, dst_port, threat_level, category</order>
</decoder>

<!--
%ASA-5-111010: User 'pgskyadm', running 'CLI' from IP 143.16.64.46, executed 'terminal pager 0'
-->
<decoder name="cisco-asa-user-running-executed">
    <parent>cisco-asa</parent>
    <prematch offset="after_parent">5-111010</prematch>
    <regex offset="after_parent">(\w+): User '(\S+)', running '(\S+)' from IP (\S+), (\S+) '(\.+)'</regex>
    <order>id, username, running, ip, type, command</order>
</decoder>

<!--
%ASA-4-444005: Timebased license key 0x5b0349c2 0x55b93067 0x1395643 0xc48b41fb 0x373ecb2 will expire in 127 days.
-->
<decoder name="cisco-asa-license-expire">
    <parent>cisco-asa</parent>
    <prematch offset="after_parent">4-444005</prematch>
    <regex offset="after_parent">(\w+): (\.+) key (\.+) will expire in (\S+) days</regex>
    <order>id, description, key, days</order>
</decoder>

<!--
%ASA-1-505015: Module ips, application up "IPS", version "7.2(2)E4" Normal Operation
-->
<decoder name="cisco-asa-module-ips">
    <parent>cisco-asa</parent>
    <prematch offset="after_parent">1-505015</prematch>
    <regex offset="after_parent">(\w+): Module (\.+), application up "(\S+)", version "(\S+)" \.+</regex>
    <order>id, module_id, app_up, version</order>
</decoder>

<!--
%ASA-4-419002: Duplicate TCP SYN from WLC-LAN_inside:10.233.209.119/42736 to outside:192.168.0.8/52082 with different initial sequence number
-->
<decoder name="cisco-asa-duplicate-syn">
    <parent>cisco-asa</parent>
    <prematch offset="after_parent">4-419002</prematch>
    <regex offset="after_parent">(\w+): (\.+) from (\S+):(\S+)/(\S+) to (\S+):(\S+)/(\S+) with different initial sequence number</regex>
    <order>id, description, src, src_ip, src_port, dst, dst_ip, dst_port</order>
</decoder>

<!--
%ASA-4-405001: Received ARP response collision from 10.233.250.16/202d.07fc.5c1a on interface WLC-LAN_inside with existing ARP entry 10.233.250.16/0016.a421.94ef
-->
<decoder name="cisco-asa-response-collision">
    <parent>cisco-asa</parent>
    <prematch offset="after_parent">4-405001</prematch>
    <regex offset="after_parent">(\w+): (\.+) from (\S+)/(\S+) on interface (\S+) with existing ARP entry \S+/(\S+)</regex>
    <order>id, description, src_ip, new_arp, interface, existing_arp</order>
</decoder>

<!--
%ASA-4-418001: Through-the-device packet to/from management-only network is denied: udp src DMZ:10.231.5.250/49152 dst management:143.36.200.25/161
-->
<decoder name="cisco-asa-through-the-device">
    <parent>cisco-asa</parent>
    <prematch offset="after_parent">4-418001</prematch>
    <regex offset="after_parent">(\w+): (\.+) denied: (\S+) src (\S+):(\S+)/(\S+) dst (\S+):(\S+)/(\S+)</regex>
    <order>id, description, protocol, src, src_ip, src_port, dst, dst_ip, dst_port</order>
</decoder>

<!--
%ASA-4-108004: ESMTP Classification: Dropped connection for ESMTP Request from WLC-LAN_inside:10.235.61.181/49536 to outside:217.76.146.62/25; matched Class 4: header line length gt 998
-->
<decoder name="cisco-asa-classification-dropped-connection">
    <parent>cisco-asa</parent>
    <prematch offset="after_parent">4-108004</prematch>
    <regex offset="after_parent">(\w+): (\.+) from (\S+):(\S+)/(\S+) to (\S+):(\S+)/(\S+);</regex>
    <order>id, description, src, src_ip, src_port, dst, dst_ip, dst_port</order>
</decoder>

<!--
%ASA-2-106020: Deny IP teardrop fragment (size = 1480, offset = 0) from 10.235.224.228 to 10.235.0.1
-->
<decoder name="cisco-asa-deny-teardrop-fragment">
    <parent>cisco-asa</parent>
    <prematch offset="after_parent">2-106020</prematch>
    <regex offset="after_parent">(\w+): (\.+) \(size = (\S+), offset = (\S+)\) from (\S+) to (\S+)</regex>
    <order>id, description, size, offset, src, dst</order>
</decoder>

<!--
%ASA-5-500003: Bad TCP hdr length (hdrlen=4, pktlen=74) from 123.146.183.231/34160 to 116.6.127.118/443, flags: INVALID, on interface outside
-->
<decoder name="cisco-asa-bad-hdr-length">
    <parent>cisco-asa</parent>
    <prematch offset="after_parent">5-500003</prematch>
    <regex offset="after_parent">(\w+): (\.+) \(hdrlen=(\S+), pktlen=(\S+)\) from (\S+)/(\S+) to (\S+)/(\S+), flags: (\.+), on interface (\S+)</regex>
    <order>id, description, hdrlen, pktlen, src_ip, src_port, dst_ip, dst_port, flags, interface</order>
</decoder>

<!--
%ASA-3-202010: PAT pool exhausted. Unable to create TCP connection from WLC-LAN_inside:10.237.52.235/40012 to outside:183.240.12.88/443
-->
<decoder name="cisco-asa-pat-pool-exhausted">
    <parent>cisco-asa</parent>
    <prematch offset="after_parent">3-202010</prematch>
    <regex offset="after_parent">(\w+): (\.+) from (\S+):(\S+)/(\S+) to (\S+):(\S+)/(\S+)</regex>
    <order>id, description, src, src_ip, src_port, dst, dst_ip, dst_port</order>
</decoder>

<!--
%ASA-1-105005: (Secondary) Lost Failover communications with mate on interface WLC-LAN_inside
-->
<decoder name="cisco-asa-lost-failover">
    <parent>cisco-asa</parent>
    <prematch offset="after_parent">1-105005</prematch>
    <regex offset="after_parent">(\w+): (\.+) interface (\S+)</regex>
    <order>id, description, interface</order>
</decoder>

<!--
%ASA-1-106101: Number of cached deny-flows for ACL log has reached limit (4096)
-->
<decoder name="cisco-asa-deny-flows">
    <parent>cisco-asa</parent>
    <prematch offset="after_parent">1-106101</prematch>
    <regex offset="after_parent">(\w+): (\.+) for (\S+) log has reached limit \((\S+)\)</regex>
    <order>id, description, log, limit</order>
</decoder>

<!--
%ASA-4-409023: Attempting AAA Fallback method LOCAL for Authentication request for user impssnagios : Auth-server group IMPSS unreachable
-->
<decoder name="cisco-asa-attempting-fallback">
    <parent>cisco-asa</parent>
    <prematch offset="after_parent">4-409023</prematch>
    <regex offset="after_parent">(\w+): (\.+) for user (\S+) : (\.+)</regex>
    <order>id, description, username, message</order>
</decoder>

<!--
%ASA-4-711004: Task ran for 435 msec, Process = DATAPATH-0-1879, PC = 0, Call stack = 0x090b0155
-->
<decoder name="cisco-asa-task-ran">
    <parent>cisco-asa</parent>
    <prematch offset="after_parent">4-711004</prematch>
    <regex offset="after_parent">(\w+): (\.+) for (\.+), Process = (\S+), PC = (\S+), Call stack = (\w+)</regex>
    <order>id, description, time, process, pc, call_stack</order>
</decoder>

<!--
%ASA-4-411001: Line protocol on Interface GigabitEthernet0/0, changed state to up
-->
<decoder name="cisco-asa-line-protocol-interface">
    <parent>cisco-asa</parent>
    <prematch offset="after_parent">4-411001</prematch>
    <regex offset="after_parent">(\w+): (\.+) on Interface (\S+), (\.+)</regex>
    <order>id, description, interface, action</order>
</decoder>

<!--
%ASA-5-771002: CLOCK: System clock set, source: NTP, IP: opbay01ntp, before: 13:44:00.021 GMT Wed Sep 20 2017, after: 13:44:11.537 GMT Wed Sep 20 2017
-->
<decoder name="cisco-asa-clock-set">
    <parent>cisco-asa</parent>
    <prematch offset="after_parent">5-771002</prematch>
    <regex offset="after_parent">(\w+): (\.+), source: (\S+), IP: (\S+), before: (\.+), after: (\.+)</regex>
    <order>id, description, source, ip, before, after</order>
</decoder>

<!--
%ASA-3-106010: Deny inbound protocol 47 src outside:115.51.6.185 dst outside:116.6.127.120
-->
<decoder name="cisco-asa-inbound-protocol">
    <parent>cisco-asa</parent>
    <prematch offset="after_parent">3-106010|3-106011</prematch>
    <regex offset="after_parent">(\w+): (\.+) src (\S+):(\S+) dst (\S+):(\S+)</regex>
    <order>id, description, protocol, origin 1, src_ip, origin 2, dst_ip</order>
</decoder>


<!--
%ASA-1-323006: Module ips experienced a data channel communication failure, data channel is DOWN.
-->

<decoder name="cisco-asa-data-channel">
    <parent>cisco-asa</parent>
    <prematch offset="after_parent">1-323006</prematch>
    <regex offset="after_parent">(\w+): (Module ips experienced a data channel communication failure, data channel is \w+)</regex>
    <order>id, description</order>
</decoder>

<!--
%ASA-2-747011: Memory allocation Error
-->
<decoder name="cisco-asa-memory-allocation">
    <parent>cisco-asa</parent>
    <prematch offset="after_parent">2-747011</prematch>
    <regex offset="after_parent">(\w+): (Memory allocation Error)</regex>
    <order>id, description</order>
</decoder>

<!--
%ASA-2-321006: System Memory usage reached 93%
-->
<decoder name="cisco-asa-system-memory">
    <parent>cisco-asa</parent>
    <prematch offset="after_parent">2-321006</prematch>
    <regex offset="after_parent">(\w+): (System Memory usage) reached (\S+)</regex>
    <order>id, description, percentage</order>
</decoder>

<!--
%ASA-4-405003: IP address collision detected between host 1.0.0.2 at 00e0.ed27.620f and interface FAILOVER, 00e0.ed22.eb39
-->
<decoder name="cisco-asa-ip-collision">
    <parent>cisco-asa</parent>
    <prematch offset="after_parent">4-405003</prematch>
    <regex offset="after_parent">(\w+): (IP address collision) detected between host (\S+) at (\S+) and interface (\S+), (\S+)</regex>
    <order>id, description, host_ip, src_mac, interface, int_mac_address</order>
</decoder>

<decoder name="cisco-asa-generic">
    <parent>cisco-asa</parent>
    <prematch>%ASA-\d-\d+</prematch>
    <regex>%ASA-(\d-\d+):</regex>
    <order>id</order>
</decoder>

