<!--
  -  Dovecot decoders
  -  Author: Daniel Cid.
  -  Updated by Wazuh, Inc.
  -  Copyright (C) 2015, Wazuh Inc.
  -  Copyright (C) 2009 Trend Micro Inc.
  -  This program is a free software; you can redistribute it and/or modify it under the terms of GPLv2.
-->


<!--
  - Will extract username, srcip and dstip when available.
  - Jun 17 10:15:24 hostname dovecot: Dovecot v1.2.rc3 starting up (core dumps disabled)
  - Jun 17 10:15:24 hostname dovecot: Fatal: auth(default): Support not compiled in for passdb driver 'ldap'
  - Jun 17 10:15:24 hostname dovecot: Fatal: Auth process died too early - shutting down
  - dovecot: Jun 23 15:04:05 Info: imap-login: Login: user=<username>, method=PLAIN, rip=1.2.3.4, lip=1.2.3.5 Authentication Failure:
  - Jan 11 03:42:09 hostname dovecot: auth-worker(default): sql(user@example.com,1.2.3.4): Password mismatch
  - dovecot: Jan 07 14:46:28 Warn: auth(default): userdb(username,::ffff:127.0.0.1): user not found from userdb
  - dovecot: Mar 13 15:25:07 Info: auth(default): pam(user@example.com,::ffff:1.2.3.4): pam_authenticate() failed: User not known to the underlying authentication module
  - dovecot: Mar 13 15:25:07 Info: auth(default): passwd-file(user@example.com,::ffff:1.2.3.4): unknown user
  - Jan 11 03:45:09 hostname dovecot: auth-worker(default): sql(username,1.2.3.4): unknown user
  - Jan 11 03:42:09 hostname dovecot: auth(default): pam(user@example.com,1.2.3.4): pam_authenticate() failed: User not known to the underlying authentication module
  - Jul  4 17:30:51 hostname dovecot[2992]: pop3-login: Disconnected: rip=1.2.3.4, lip=1.2.3.5
  - dovecot: Jun 23 15:04:06 Info: IMAP(username): Disconnected: Logged out bytes=59/566
  - dovecot: May 31 09:43:57 Info: pop3-login: Aborted login (1 authentication attempts): user=<username>, method=PLAIN, rip=::ffff:1.2.3.4, lip=::ffff:1.2.3.5, secured
  - Jan 30 09:37:55 hostname dovecot: pop3-login: Aborted login: user=<username>, method=PLAIN, rip=::ffff:1.2.3.4, lip=::ffff:1.2.3.5
  - Dec 19 17:40:57 ny dovecot: pop3-login: Disconnected (auth failed, 3 attempts in 51 secs): user=<thousands>, method=PLAIN, rip=109.201.200.201, lip=67.205.141.203, session=<tlMSaQZE/JttycjJ>
  - Dec 19 17:30:39 ny dovecot: imap-login: Disconnected: Inactivity (auth failed, 7 attempts in 176 secs): user=<32>, method=PLAIN, rip=109.201.200.201, lip=67.205.141.203,session=<7QTLPAZEXrhtycjJ>
  - Dec 19 17:38:54 ny dovecot: pop3-login: Disconnected: Inactivity during authentication (auth failed, 13 attempts in 179 secs): user=<thousands>, method=PLAIN, rip=109.201.200.201, lip=67.205.141.203, session=<feETWgZEzJltycjJ>
  - Dec 19 17:20:08 ny dovecot: imap-login: Aborted login (auth failed, 2 attempts in 18 secs): user=<test>, method=PLAIN, rip=109.201.200.201, lip=67.205.141.203, session=<i8uMIAZEDrdtycjJ>
  - Dec 19 17:20:08 ny dovecot: imap-login: Aborted login (auth failed, 2 attempts in 18 secs): user=<test>, method=PLAIN, rip=109.201.200.201, lip=67.205.141.203, session=<i8uMIAZEDrdtycjJ>, secured
  - Dec 19 17:20:08 ny dovecot: imap-login: Aborted login (auth failed, 2 attempts in 18 secs): user=<test>, method=PLAIN, rip=109.201.200.201, lip=67.205.141.203, secured
  - Dec 19 17:20:08 ny dovecot: imap-login: Aborted login (auth failed, 2 attempts in 18 secs): user=<test>, method=PLAIN, rip=109.201.200.201, lip=67.205.141.203
-->

<decoder name="dovecot">
  <program_name>^dovecot</program_name>
</decoder>

<decoder name="dovecot-success">
  <parent>dovecot</parent>
  <prematch offset="after_parent">^\w\w\w\w-login: Login: </prematch>
  <regex offset="after_prematch">^user=\p(\S+)\p, method=\S+, rip=(\S+), lip=(\S+), mpid=\S+, (\S*)$</regex>
  <order>user, srcip, dstip, protocol</order>
</decoder>

<decoder name="dovecot-aborted">
  <parent>dovecot</parent>
  <prematch offset="after_parent">^\w\w\w\w-login: Aborted login</prematch>
  <regex offset="after_prematch">: user=\p(\S+)\p, method=\S+, rip=(\S+), </regex>
  <order>user, srcip, dstip</order>
</decoder>

<decoder name="dovecot-aborted">
  <parent>dovecot</parent>
  <regex offset="after_regex">lip=(\S+),</regex>
  <order>dstip</order>
</decoder>

<decoder name="dovecot-aborted">
  <parent>dovecot</parent>
  <regex offset="after_regex">lip=(\S+)</regex>
  <order>dstip</order>
</decoder>

<decoder name="dovecot-aborted">
  <parent>dovecot</parent>
  <regex offset="after_regex"> session=\p(\S+\S)>,</regex>
  <order>session</order>
</decoder>

<decoder name="dovecot-aborted">
  <parent>dovecot</parent>
  <regex offset="after_regex"> session=\p(\S+\S)></regex>
  <order>session</order>
</decoder>

<decoder name="dovecot-aborted">
  <parent>dovecot</parent>
  <regex offset="after_regex"> (\S*)$</regex>
  <order>protocol</order>
</decoder>

<decoder name="dovecot-fail">
  <parent>dovecot</parent>
  <prematch offset="after_parent">^auth\(default\)|auth-worker\(default\)</prematch>
  <regex offset="after_prematch">^: \S+\((\S+),(\S+)\)</regex>
  <order>user, srcip</order>
</decoder>

 <decoder name="dovecot-disconnect-user">
   <parent>dovecot</parent>
   <prematch offset="after_parent">^\w\w\w\w-login: Disconnected\.+user=</prematch>
   <regex offset="after_parent">user=(\S+), method=\S+, rip=(\S+), lip=(\S+),</regex>
   <order>srcuser, srcip, dstip</order>
 </decoder>

<decoder name="dovecot-disconnect">
  <parent>dovecot</parent>
  <prematch offset="after_parent">^\w\w\w\w-login: Disconnected</prematch>
  <regex offset="after_prematch">rip=(\S+), lip=(\S+),|rip=(\S+), lip=(\S+)$</regex>
  <order>srcip, dstip</order>
</decoder>

<decoder name="dovecot-info">
  <program_name>^Info$|^Warn$</program_name>
</decoder>

<decoder name="imap-login-login">
  <parent>dovecot-info</parent>
  <prematch>imap-login</prematch>
  <regex offset="after_parent">Login: user=(\S+), method=\.+, rip=(\S+), lip=(\S+) </regex>
  <order>user, srcip, dstip</order>
</decoder>

<decoder name="dovecot-info-auth">
  <parent>dovecot-info</parent>
  <regex offset="after_parent">auth\(\.+\): \S+\((\S+),(\S+)\):</regex>
  <order>user, srcip</order>
</decoder>
