<!--
  Copyright (C) 2015, Wazuh Inc.
-->

<!-- 
  Decoders for:
    FortiMail v6.4.5(GA), build453, 2021.06.09

  Sample logs:
    2021-07-08T13:45:20.966330-03:00 10.132.128.10 date=2021-07-08 time=13:45:21.846 device_id=XXXXXXXX log_id=0200027993 type=statistics pri=information  session_id="168GjLEk027992-16027992" client_name="" client_ip="11.22.33.44" client_cc="ZZ" dst_ip="12.34.56.78" from="noreply@domain.com" hfrom="noreply@domain.com" to="user@gmail.com" polid="2:2:5:SYSTEM" domain="HHHHHHHH" mailer="mta" resolved="FAIL" src_type="int" direction="out" virus="" disposition="Accept" classifier="Not Spam" message_length="23951" subject="Subject of the message" message_id="896710244.116204.16257.Mail@lnk2489" recv_time="" notif_delay="0" scan_time="0.008128" xfer_time="0.005643" srcfolder="" read_status=""
-->

<decoder name="fortimail-like">
  <prematch>time=\S+ device_id=\S+ log_id=\S+ |time=\S+ devid=\S+ log_id=\S+</prematch>
</decoder>

<decoder name="fortimail-like-child">
  <parent>fortimail-like</parent>
  <regex>pri=(\w+)</regex>
  <order>pri</order>
</decoder>

<decoder name="fortimail-like-child">
  <parent>fortimail-like</parent>
  <regex>session_id=(\w+)|session_id="(\.*)"</regex>
  <order>sessionid</order>
</decoder>

<decoder name="fortimail-like-child">
  <parent>fortimail-like</parent>
  <regex>client_name=(\w+)|client_name="(\.*)"</regex>
  <order>client.name</order>
</decoder>

<decoder name="fortimail-like-child">
  <parent>fortimail-like</parent>
  <regex>client_ip=(\S+)</regex>
  <order>srcip</order>
</decoder>

<decoder name="fortimail-like-child">
  <parent>fortimail-like</parent>
  <regex>client_cc=(\w+)|client_cc="(\.*)"</regex>
  <order>client.cc</order>
</decoder>

<decoder name="fortimail-like-child">
  <parent>fortimail-like</parent>
  <regex>dst_ip="(\.*)"</regex>
  <order>dstip</order>
</decoder>

<decoder name="fortimail-like-child">
  <parent>fortimail-like</parent>
  <regex>from="(\.*)"</regex>
  <order>from</order>
</decoder>

<decoder name="fortimail-like-child">
  <parent>fortimail-like</parent>
  <regex>hfrom="(\.*)"</regex>
  <order>hfrom</order>
</decoder>

<decoder name="fortimail-like-child">
  <parent>fortimail-like</parent>
  <regex>to="(\.*)"</regex>
  <order>to</order>
</decoder>

<decoder name="fortimail-like-child">
  <parent>fortimail-like</parent>
  <regex>domain="(\.*)"</regex>
  <order>domain</order>
</decoder>

<decoder name="fortimail-like-child">
  <parent>fortimail-like</parent>
  <regex>mailer="(\.*)"</regex>
  <order>mailer</order>
</decoder>

<decoder name="fortimail-like-child">
  <parent>fortimail-like</parent>
  <regex>type=(\w+)|type="(\.+)"</regex>
  <order>type</order>
</decoder>

<decoder name="fortimail-like-child">
  <parent>fortimail-like</parent>
  <regex>msg="(\.*)"|msg=(\.*)\s|msg=(\.*)$</regex>
  <order>msg</order>
</decoder>

<decoder name="fortimail-like-child">
  <parent>fortimail-like</parent>
  <regex>subtype="(\.*)"|subtype=(\.*)\s|subtype=(\.*)$</regex>
  <order>subtype</order>
</decoder>

<decoder name="fortimail-like-child">
  <parent>fortimail-like</parent>
  <regex>resolved="(\.*)"</regex>
  <order>resolved</order>
</decoder>

<decoder name="fortimail-like-child">
  <parent>fortimail-like</parent>
  <regex>src_type="(\.*)"</regex>
  <order>srctype</order>
</decoder>

<decoder name="fortimail-like-child">
  <parent>fortimail-like</parent>
  <regex>virus="(\.*)"</regex>
  <order>virus</order>
</decoder>

<decoder name="fortimail-like-child">
  <parent>fortimail-like</parent>
  <regex>disposition="(\.*)"</regex>
  <order>disposition</order>
</decoder>

<decoder name="fortimail-like-child">
  <parent>fortimail-like</parent>
  <regex>classifier="(\.*)"</regex>
  <order>classifier</order>
</decoder>

<decoder name="fortimail-like-child">
  <parent>fortimail-like</parent>
  <regex>message_length="(\.*)"</regex>
  <order>message.length</order>
</decoder>

<decoder name="fortimail-like-child">
  <parent>fortimail-like</parent>
  <regex>message_id="(\.*)"</regex>
  <order>message.id</order>
</decoder>

<decoder name="fortimail-like-child">
  <parent>fortimail-like</parent>
  <regex>subject="(\.*)"</regex>
  <order>subject</order>
</decoder>

<decoder name="fortimail-like-child">
  <parent>fortimail-like</parent>
  <regex>message.id="(\.*)"</regex>
  <order>message.id</order>
</decoder>

<decoder name="fortimail-like-child">
  <parent>fortimail-like</parent>
  <regex>recv_time="(\.*)"</regex>
  <order>recvtime</order>
</decoder>

<decoder name="fortimail-like-child">
  <parent>fortimail-like</parent>
  <regex>notif_delay="(\.*)"</regex>
  <order>notifdelay</order>
</decoder>

<decoder name="fortimail-like-child">
  <parent>fortimail-like</parent>
  <regex>scan_time="(\.*)"</regex>
  <order>scantime</order>
</decoder>

<decoder name="fortimail-like-child">
  <parent>fortimail-like</parent>
  <regex>xfer_time="(\.*)"</regex>
  <order>xfertime</order>
</decoder>

<decoder name="fortimail-like-child">
  <parent>fortimail-like</parent>
  <regex>srcfolder="(\.*)"</regex>
  <order>srcfolder</order>
</decoder>

<decoder name="fortimail-like-child">
  <parent>fortimail-like</parent>
  <regex>read_status="(\.*)"</regex>
  <order>readstatus</order>
</decoder>
