<!--
  Copyright (C) 2015, Wazuh Inc.
-->

<!-- 
  Decoders for:
    FortiAuth
  
  Sample logs:
    2021-07-08T11:00:56-03:00 XXX.XXX.XXX.XXX db[31013]:  category="Event" subcategory="Authentication" typeid=20001 level="information" user="user1" nas="XXX.XXX.XXX.XXX" action="Authentication" status="Success" Remote RADIUS user authentication with no token successful
    2021-07-08T11:01:03-03:00 XXX.XXX.XXX.XXX db[32167]:  category="Event" subcategory="System" typeid=30101 level="information" user="admin" nas="" action="" status="" RADIUS server running in full edition
    2021-07-08T11:01:06-03:00 XXX.XXX.XXX.XXX db[32167]:  category="Event" subcategory="Authentication" typeid=20299 level="information" user="user2" nas="XXX.XXX.XXX.XXX" action="Authentication" status="Pending" Remote RADIUS user authentication partially done, remote server expecting challenge response
-->

<decoder name="fortiauth">
  <program_name>^db$</program_name>
</decoder>

<decoder name="fortiauth-fields">
  <parent>fortiauth</parent>
  <regex>category="(\.+)"</regex>
  <order>category</order>
</decoder>

<decoder name="fortiauth-fields">
  <parent>fortiauth</parent>
  <regex>subcategory="(\.+)"</regex>
  <order>subcategory</order>
</decoder>

<decoder name="fortiauth-fields">
  <parent>fortiauth</parent>
  <regex>typeid=(\d+) </regex>
  <order>typeid</order>
</decoder>

<decoder name="fortiauth-fields">
  <parent>fortiauth</parent>
  <regex>level="(\.+)"</regex>
  <order>level</order>
</decoder>

<decoder name="fortiauth-fields">
  <parent>fortiauth</parent>
  <regex>user="(\S+)"</regex>
  <order>user</order>
</decoder>

<decoder name="fortiauth-fields">
  <parent>fortiauth</parent>
  <regex>nas="(\S+)"</regex>
  <order>nas</order>
</decoder>

<decoder name="fortiauth-fields">
  <parent>fortiauth</parent>
  <regex>action="(\.*)"</regex>
  <order>data.action</order>
</decoder>

<decoder name="fortiauth-fields">
  <parent>fortiauth</parent>
  <regex>status="(\.*)"\s(\.+)</regex>
  <order>data.status,description</order>
</decoder>
