<!--
  -  Grandstream HT502 VoIP gateway decoders
  -  Author: Michael Starks.
  -  Updated by Wazuh, Inc.
  -  Copyright (C) 2015, Wazuh Inc.
  -  Copyright (C) 2009 Trend Micro Inc.
  -  This program is a free software; you can redistribute it and/or modify it under the terms of GPLv2.
-->

<!-- HT502: [00:0B:82:14:5B:94] Transport error (-1) for transaction 2677 -->

<decoder name="grandstream-ata">
 <prematch>^HT286: [\w\w:\w\w:\w\w:\w\w:\w\w:\w\w]\p*\.+\p* |</prematch>
 <prematch>^HT502: [\w\w:\w\w:\w\w:\w\w:\w\w:\w\w]\p*\.+\p* |</prematch>
 <prematch>^HT503: [\w\w:\w\w:\w\w:\w\w:\w\w:\w\w]\p*\.+\p* </prematch>
</decoder>

<decoder name="grandstream-registration">
 <parent>grandstream-ata</parent>
 <prematch>Received </prematch>
 <regex offset="after_prematch">^(\d+) response for transaction (\d+)\((\w+)\)$</regex>
 <order>status, id, action</order>
</decoder>

<decoder name="grandstream-fts-registered">
 <parent>grandstream-ata</parent>
 <prematch>Account </prematch>
 <regex offset="after_prematch">^(\d+) (registered), tried \d+; Next registration in \d+ seconds \(\d+/\d+\) on (\.+)$</regex>
 <order>id, status, extra_data</order>
 <fts>name, location, extra_data</fts>
</decoder>

<decoder name="grandstream-incoming-cid">
 <parent>grandstream-ata</parent>
 <prematch>Vinetic::</prematch>
 <regex offset="after_prematch">^(startRing) with CID, Attempting to deliver CID (\d+) on port \d+$</regex>
 <order>action, id</order>
</decoder>

<decoder name="grandstream-outgoing-call">
 <parent>grandstream-ata</parent>
 <regex offset="after_parent">^(Dialing) (\d+)$</regex>
 <order>action, id</order>
</decoder>
