<!--
  -  Horde decoders
  -  Author: Daniel Cid.
  -  Updated by Wazuh, Inc.
  -  Copyright (C) 2015, Wazuh Inc.
  -  Copyright (C) 2009 Trend Micro Inc.
  -  This program is a free software; you can redistribute it and/or modify it under the terms of GPLv2.
-->


<!--
  - Will extract: username and srcip.
  - Examples:
  - [notice] [imp] Login success for raphaelv@xx [100.121.170.41] to {a.b.c:143} [on line 92 of "/home/webmail/horde/imp/redirect.php"]
  - [error] [imp] FAILED LOGIN 210.179.154.213 to xxx:143[imap] as mala1
  -->
<decoder name="horde_imp">
  <prematch>^[\w+] [imp] |^[\w+] [horde] </prematch>
</decoder>

<decoder name="horde_imp_success">
  <parent>horde_imp</parent>
  <prematch offset="after_parent">^Login success </prematch>
  <regex offset="after_prematch">^for (\S+) [(\S+)] </regex>
  <order>user, srcip</order>
</decoder>

<decoder name="horde_imp_failed">
  <parent>horde_imp</parent>
  <prematch offset="after_parent">^FAILED LOGIN</prematch>
  <regex offset="after_prematch">^ (\S+) to \S+ as (\S+) </regex>
  <order>srcip, user</order>
</decoder>
