<!--
  -  Mail scanner decoders
  -  Author: Daniel Cid.
  -  Updated by Wazuh, Inc.
  -  Copyright (C) 2015, Wazuh Inc.
  -  Copyright (C) 2009 Trend Micro Inc.
  -  This program is a free software; you can redistribute it and/or modify it under the terms of GPLv2.
-->


<!--
  - Will extract the srcip/action
  - Examples:
  - MailScanner[24112]: Message k7B9Mc6b015925 from
  68.171.145.34 (nilsenator@hotmail.com) to yyyyy.no is spam, SpamAssassin
  - May  3 16:28:40 jarjar MailScanner[4732]: Message k436SX2M005191 from
  111.222.111.222 (david@our.domain.org) to our.domain.org is spam
  , SpamAssassin
  - MailScanner[5317]: Message k436dCIW005370 from
  111.222.111.222 (david@our.domain.org) to another.domain.org is not s
  pam, SpamAssassin
  - MailScanner[29107]: Message j0EMandY027564 from xxx.xxx.xxx.xxx(xxxxx@xxxxx.ie) to xxxxx.ie is not spam
  -->
<decoder name="mailscanner">
  <program_name>^MailScanner</program_name>
</decoder>

<decoder name="mailscanner-ip">
  <parent>mailscanner</parent>
  <prematch>^Message \S+ from </prematch>
  <regex offset="after_prematch">^(\S+) \S+ to \S+ is (\w+)</regex>
  <order>srcip, action</order>
</decoder>
