<!--
  -  Netscaler decoders
  -  Created by Wazuh, Inc.
  -  Copyright (C) 2015, Wazuh Inc.
  -  This program is a free software; you can redistribute it and/or modify it under the terms of GPLv2.
-->

<!--
31/12/2015: 12:00:00 GMT name PPE : Text
31/12/2015: 12:00:00 GMT name 0-PPE : Text
31/12/2015: 12:00:00 GMT name 0-PPE-0 : Text
27/06/2009: 04:51:17 GMT ns 90 : Text
-->
<decoder name="netscaler">
    <prematch>\d\d/\d\d/\d\d\d\d:\s*\d\d:\d\d:\d\d\s+GMT\s+\S+\.+PPE\.+:\s|\d\d/\d\d/\d\d\d\d:\s*\d\d:\d\d:\d\d\s+GMT\s+ns\.+:\s</prematch>
</decoder>

<!--
AAA LOGIN_FAILED
02/12/2012: 17:16:28 GMT CUA30070LBN5501 PPE-3 : AAA LOGIN_FAILED 233 0 : User smulpuru - Client_ip 04.xx.158.50 - Failure_reason "External authentication server denied access"
-->
<decoder name="netscaler-AAA">
    <parent>netscaler</parent>
    <prematch> AAA LOGIN_FAILED</prematch>
    <regex offset="after_parent">(AAA) LOGIN_FAILED \.+User (\S+) - Client_ip (\S+) - Failure_reason ("\.+")</regex>
    <order>id,srcuser,srcip,status</order>
</decoder>

<!--
UI CMD_EXECUTED
02/14/2012: 14:32:35 GMT CUA30070LBN6202 PPE-1 : UI CMD_EXECUTED 427 :  User ******** - Remote_ip 10.31.66.1 - Command "bind system global SYSLOG -priority 0" - Status "Success"
01/05/2016: 22:09:54 GMT SERVER 0-PPE-0 : API CMD_EXECUTED 12345678 0 :  User nsroot - Remote_ip 10.10.10.10 - Command "login nsroot ********" - Status "ERROR: Invalid username or password"
-->
<decoder name="netscaler-UI">
    <parent>netscaler</parent>
    <prematch> UI CMD_EXECUTED| API CMD_EXECUTED</prematch>
    <regex offset="after_parent">(\S+) CMD_EXECUTED \.+User (\S+) - Remote_ip (\S+) - Command "(\.+)" - Status "(\.+)"</regex>
    <order>id,srcuser,srcip,action,status</order>
</decoder>

<!--
SSLVPN LOGIN
Mar 17 13:06:45 <local0.info> 192.168.1.121 03/17/2014:12:06:45 GMT b3nsc21 0-PPE-0 : SSLVPN LOGIN 10728 0 : Context matthijs@192.168.1.84 - SessionId: 5- User matthijs - Client_ip 192.168.1.84 - Nat_ip "Mapped Ip" - Vserver 192.168.1.208:443 - Browser_type "Mozilla/5.0 (Windows NT 5.1; rv:27.0) Gecko/20100101 Firefox/27.0" - SSLVPN_client_type ICA - Group(s) "N/A"
-->
<decoder name="netscaler-SSLVPN-LOGIN">
    <parent>netscaler</parent>
    <prematch> SSLVPN LOGIN</prematch>
    <regex offset="after_parent">(SSLVPN) LOGIN \.+ User (\S+) - Client_ip (\S+) - Nat_ip "\.+" - Vserver (\S+) - Browser_type "\.+" - SSLVPN_client_type \.+ - Group</regex>
    <order>id,srcuser,srcip,dstip</order>
</decoder>

<!--
SSLVPN LOGOUT
Oct 31 09:26:29 <local0.info> 172.16.90.10 10/31/2014:09:26:29 GMT HLCNS001 0-PPE-0 : SSLVPN LOGOUT 165769 0 :  User schulz - Client_ip 212.184.206.143 - Nat_ip "Mapped Ip" - Vserver 192.168.10.8:443 - Start_time "10/31/2014:09:26:14 GMT" - End_time "10/31/2014:09:26:29 GMT" - Duration 00:00:15  - Http_resources_accessed 0 - NonHttp_services_accessed 0 - Total_TCP_connections 1 - Total_UDP_flows 0 - Total_policies_allowed 0 - Total_policies_denied 0 - Total_bytes_send 405 - Total_bytes_recv 4844 - Total_compressedbytes_send 0 - Total_compressedbytes_recv 0 - Compression_ratio_send 0.00% - Compression_ratio_recv 0.00% - LogoutMethod "InternalError" - Group(s) "N/A"
-->
<decoder name="netscaler-SSLVPN-LOGOUT">
    <parent>netscaler</parent>
    <prematch> SSLVPN LOGOUT</prematch>
    <regex offset="after_parent">(SSLVPN) LOGOUT \.+User (\S+) - Client_ip (\S+) - Nat_ip "\.+" - Vserver (\S+) - Start_time "\.+" - End_time "\.+" - Duration (\S+)</regex>
    <order>id,srcuser,srcip,dstip</order>
</decoder>

<!--
SSLVPN ICASTART
12/09/2012:14:40:46 GMT ns 0-PPE-0 : SSLVPN ICASTART 540963 0 : Source 192.168.1.98:62362 - Destination 192.168.1.82:2598 - username:domainname mhayes:Xentrifuge - applicationName Desktop - startTime "12/09/2012:14:40:46 GMT" - connectionId 81d1
-->
<decoder name="netscaler-SSLVPN-ICASTART">
    <parent>netscaler</parent>
    <prematch> SSLVPN ICASTART</prematch>
    <regex offset="after_parent">(SSLVPN) ICASTART \.+Source (\S+) - Destination (\S+) - username:domainname (\S+) - applicationName (\S+) </regex>
    <order>id,srcip,dstip,srcuser,extra_data</order>
</decoder>


<!--
SSLVPN ICAEND_CONNSTAT
12/09/2012:14:41:12 GMT ns 0-PPE-0 : SSLVPN ICAEND_CONNSTAT 541032 0 : Source 192.168.1.98:62362 - Destination 192.168.1.82:2598 - username:domainname mhayes:Xentrifuge - startTime "12/09/2012:14:40:46 GMT" - endTime "12/09/2012:14:41:12 GMT" - Duration 00:00:26 - Total_bytes_send 9363 - Total_bytes_recv 587588 - Total_compressedbytes_send 0 - Total_compressedbytes_recv 0 - Compression_ratio_send 0.00% - Compression_ratio_recv 0.00% - connectionId 81d16
-->
<decoder name="netscaler-SSLVPN-ICAEND_CONNSTAT">
    <parent>netscaler</parent>
    <prematch> SSLVPN ICAEND_CONNSTAT</prematch>
    <regex offset="after_parent">(SSLVPN) ICAEND_CONNSTAT \.+Source (\S+) - Destination (\S+) - username:domainname (\S+) -</regex>
    <order>id,srcip,dstip,srcuser</order>
</decoder>


<!--
SSLVPN NONHTTP_RESOURCEACCESS_DENIED
12/09/2012:14:41:12 GMT ns  0-PPE-0 : SSLVPN NONHTTP_RESOURCEACCESS_DENIED 181277 0 : Context xxx@x.x.x.x - SessionId: 207- User xxx - Client_ip x.x.x.x - Nat_ip 10.61.8.1 - Vserver x.x.x.x:443 - Source x.x.x.x:26414 - Destination 10.55.55.80:80 - Total_bytes_send 357 - Total_bytes_recv 0 - Denied_by_policy "deny local" - Group(s) "Netscaler VPN
-->
<decoder name="netscaler-SSLVPN-NONHTTP_RESOURCEACCESS_DENIED">
    <parent>netscaler</parent>
    <prematch> SSLVPN NONHTTP_RESOURCEACCESS_DENIED</prematch>
    <regex offset="after_parent">(SSLVPN) NONHTTP_RESOURCEACCESS_DENIED\.+User (\S+) - Client_ip (\S+) - Nat_ip \S+ - Vserver (\S+) - Source (\S+) - Destination (\S+) -\.+Denied_by_policy "(\.+)" - Group</regex>
    <order>id,srcuser,srcip,dstip,srcport,dstport,extra_data</order>
</decoder>

<!--
SSLVPN HTTP_RESOURCEACCESS_DENIED
Local0.Alert 10.10.0.1 27/06/2009:04:51:17 GMT ns 90 : SSLVPN HTTP_RESOURCEACCESS_DENIED : Context srabc@10.10.10.1 - User srabc - Total_bytes_send 1535 - Remote_host abc.net - Denied_url GET /Citrix/AccessPlatform/auth/login.aspx - Denied_by_policy "SETVPNPARAMS_POL" - Group(s) "N/A"
-->
<decoder name="netscaler-SSLVPN-HTTP_RESOURCEACCESS_DENIED">
    <parent>netscaler</parent>
    <prematch> SSLVPN HTTP_RESOURCEACCESS_DENIED</prematch>
    <regex offset="after_parent">(SSLVPN) HTTP_RESOURCEACCESS_DENIED\.+User (\S+) - \.+ - Remote_host (\S+) - Denied_url (\S+ \S+) - Denied_by_policy "(\.+)" - Group</regex>
    <order>id,srcuser,dstip,url,extra_data</order>
</decoder>

<!--
SSLVPN CLISEC_CHECK
Jul 16 15:00:39 <local0.err> 10.90.192.54 07/16/2007:15:00:39 GMT ns : SSLVPN CLISEC_CHECK : User joe12 - Client_ip 10.90.147.47 - Vserver 10.90.192.74:443 - Client_security_expression "CLIENT.FILE(tsto.exe) EXISTS -frequency 3" - Client security check failed - User put in quarantine group Quarantine
-->
<decoder name="netscaler-SSLVPN-CLISEC_CHECK">
    <parent>netscaler</parent>
    <prematch> SSLVPN CLISEC_CHECK</prematch>
    <regex offset="after_parent">(SSLVPN) CLISEC_CHECK\.+User (\S+) - Client_ip (\S+) - Vserver (\S+) - Client_security_expression "(\.+)" -</regex>
    <order>id,srcuser,srcip,dstip,extra_data</order>
</decoder>

<!--
ACL
Jun  8 16:03:12 <local0.info> 10.12.33.16 06/08/2009:16:03:12 GMT ns : ACL ACL_PKT_LOG 67868 :  Source 10.12.33.12:5353 -- > Destination 224.0.0.251:5353 - Protocol UDP - TimeStamp 871184790(ms) - Hitcount 0 - Hit Rule Deny.12 - Data
-->
<decoder name="netscaler-ACL">
    <parent>netscaler</parent>
    <prematch> ACL ACL_PKT_LOG</prematch>
    <regex offset="after_parent">(ACL) ACL_PKT_LOG\.+Source (\S+) --\.+Destination (\S+) - Protocol (\S+) - \.+Hit Rule (\.+) - Data</regex>
    <order>id,srcip,dstip,protocol,extra_data</order>
</decoder>

<!--
AAATM LOGIN
Jul 31 04:37:59 <local0.info> 127.0.0.2 07/31/2015:04:37:59 GMT  0-PPE-0 : default AAATM LOGIN 790 0 : Context user1@aaatm-test.com@10.102.229.222 - SessionId: 4- User user1@aaatm-test.com - Client_ip 10.102.229.222 - Nat_ip "Mapped Ip" - Vserver 10.102.42.32:443 - Browser_type "Mozilla/5.0 (Windows NT 6.0; rv:39.0) Gecko/20100101 Firefox/39.0" - Group(s) "N/A"
-->
<decoder name="netscaler-AAATM-LOGIN">
    <parent>netscaler</parent>
    <prematch> AAATM LOGIN</prematch>
    <regex offset="after_parent">(AAATM) LOGIN\.+User (\S+) - Client_ip (\S+) - Nat_ip "\.+" - Vserver (\S+)</regex>
    <order>id,srcuser,srcip,dstip</order>
</decoder>

<!--
AAATM LOGOUT
Jan 13 23:22:25 <local0.info> 10.217.28.160 01/13/2015:23:22:25 GMT  0-PPE-0 : AAATM LOGOUT 3312 0 : Context _57007c730f84b76545378fd2e042fc95@10.252.112.245 - SessionId: 58- User _57007c730f84b76545378fd2e042fc95 - Client_ip 10.252.112.245 - Nat_ip "Mapped Ip" - Vserver 10.217.28.163:443 - Start_time "01/13/2015:23:22:17 GMT" - End_time "01/13/2015:23:22:25 GMT" - Duration 00:00:08  - Http_resources_accessed 0 - Total_TCP_connections 0 - Total_policies_allowed 0 - Total_policies_denied 0 - Total_bytes_send 0 - Total_bytes_recv 0 - Total_compressedbytes_send 0 - Total_compressedbytes_recv 0 - Compression_ratio_send 0.00% - Compression_ratio_recv 0.00% - LogoutMethod "FreedViaDHT" - Group(s) "N/A"
-->
<decoder name="netscaler-AAATM-LOGOUT">
    <parent>netscaler</parent>
    <prematch> AAATM LOGOUT</prematch>
    <regex offset="after_parent">(AAATM) LOGOUT \.+User (\S+) - Client_ip (\S+) - Nat_ip "\.+" - Vserver (\S+) - Start_time "\.+" - End_time "\.+" - Duration (\S+)</regex>
    <order>id,srcuser,srcip,dstip</order>
</decoder>

<!--
Generic
-->
<decoder name="netscaler-generic">
    <parent>netscaler</parent>
    <prematch offset="after_parent">^AAA|^UI|^SSLVPN|^EVENT|^SSLLOG|^APPFW|^TCP|^ROUTING|^SNMP|^ACL|^TRANSFORM|^APPFW_RESP|^AAATM|^PITBOSS|^CVPN</prematch>
    <regex offset="after_parent">(\S+)</regex>
    <order>id</order>
</decoder>
