<!--
  -  Netscreen Firewall decoders
  -  Author: Daniel Cid.
  -  Updated by Wazuh, Inc.
  -  Copyright (C) 2015, Wazuh Inc.
  -  Copyright (C) 2009 Trend Micro Inc.
  -  This program is a free software; you can redistribute it and/or modify it under the terms of GPLv2.
-->

<!--
  - Will extract the action,srcip,dstip,protocol,srcport,dstport
  - Examples:
  - Jan  1 10:02:11 xx ns5gt: NetScreen device_id=ns5gt  [No Name]system-notification-00257(traffic): start_time="2006-01-01 10:09:38" duration=0 policy_id=310101 service=tcp/port:1526 proto=6 src zone=Null dst zone=self action=Deny sent=0 rcvd=38 src=10.1.2.3 dst=10.1.1.1 src_port=51350 dst_port=1426
  - Mar 16 15:27:56 192.168.2.1 ns5gt: NetScreen device_id=ns5gt  [No Name]system-notification-00257(traffic): start_time=\"2004-03-16 16:31:22\" duration=0 policy_id=310001 service=tcp/port:120 proto=6 src zone=Null dst zone=self action=Deny sent=0 rcvd=60 src=10.1.1.1 dst=10.1.2.1 src_port=32047 dst_port=22
  - Jun  2 11:24:16 fire00 sav00: NetScreen device_id=sav00  [Root]system-critical-00436: Large ICMP packet! From 210.232.20.7 to 148.100.114.126, proto 1 (zone Untrust, int ethernet1/2). Occurred 1 times. (2006-06-02 11:24:16)
  - ... NetScreen device_id=ns5gt [Root]system-critical-00027: Multiple login failures occurred for user netscreen from IP address 1.2.3.4:1567 (2004-10-07)
  -
  - 10.10.10.10 Host: NetScreen device_id=Text
  -
  - ** Program name for netscreen is empty, since it is the hostname.
  -->

<decoder name="netscreenfw">
    <program_name />
    <prematch>^NetScreen device_id</prematch>
</decoder>

<decoder name="netscreenfw-traffic">
  <parent>netscreenfw</parent>
  <type>firewall</type>

  <prematch offset="after_parent">system-notification-00257</prematch>
  <prematch>\(traffic\): </prematch>

  <regex offset="after_prematch"> proto=(\w+) \.+action=(\w+) </regex>
  <regex>\.+src=(\S+) dst=(\S+) src_port=(\d+) dst_port=(\d+)</regex>
  <order>protocol, action, srcip, dstip, srcport, dstport</order>
</decoder>

<decoder name="netscreenfw-critical">
  <parent>netscreenfw</parent>
  <prematch offset="after_parent">system-critical-\.+ from |</prematch>
  <prematch>system-alert-\.+ from |</prematch>
  <prematch>system-emergency-\.+ From </prematch>

  <regex offset="after_parent">system-(\w+)-(\d+): \.+ </regex>
  <regex>from\.+(\S+)</regex>
  <order>action, id, srcip</order>
</decoder>

<decoder name="netscreenfw-admin">
  <parent>netscreenfw</parent>
  <regex offset="after_parent">system-(\w+)-(\d+):</regex>
  <order>action, id</order>
</decoder>
