<!--
  -  Racoon VPN decoders
  -  Author: Daniel Cid.
  -  Updated by Wazuh, Inc.
  -  Copyright (C) 2015, Wazuh Inc.
  -  Copyright (C) 2009 Trend Micro Inc.
  -  This program is a free software; you can redistribute it and/or modify it under the terms of GPLv2.
-->

<!--
  - Extract id (error or info) and ip address whenever possible.
  - 2006-08-08 01:42:09: ERROR: couldn't find the pskey for 222.155.15.88.
  -->
<decoder name="racoon">
  <prematch>^\d\d\d\d-\d\d-\d\d \d\d:\d\d:\d\d: </prematch>
</decoder>

<decoder name="racoon-failed">
  <parent>racoon</parent>
  <use_own_name>true</use_own_name>

  <prematch offset="after_parent">^ERROR: couldn't find the pskey </prematch>
  <regex offset="after_prematch">^for (\S+)</regex>
  <order>srcip</order>
</decoder>

<decoder name="racoon-action">
  <parent>racoon</parent>
  <regex offset="after_parent">^(\w+): </regex>
  <order>action</order>
</decoder>
