<!--
  -  RSA Authentication Manager decoders
  -  Created by Wazuh, Inc.
  -  Copyright (C) 2015, Wazuh Inc.
  -  This program is a free software; you can redistribute it and/or modify it under the terms of GPLv2.
-->


<!--
Aug  6 02:40:45 2016-08-08 02: 40:45,950, , audit.runtime.com.rsa.ims.authn.impl.AuthenticationBrokerImpl, INFO, 585bf8e310071e0a19c3d7d0f2b5837c,2c86bfdf10071e0a08016d23ea5beb0b,10.10.10.10,11.11.11.11,AUTHN_LOGIN_EVENT,13002,SUCCESS,AUTHN_METHOD_SUCCESS,559c176910071e0a1900d9e7c72003f7-7d/OKWJDqk0N,23e6e28d10071e0a1cb16377de220689,8f5e606910071e0a1ad04a0285b57528,7de95eab10071e0a1cc2326cbfb8f9fd,jsmith,John,Smith,37c00b2c10071e0a1bfcc6d3899e9e19,000000000000000000001000e0011000,10.10.10.10,HOSTFW01,7,000000000000000000002000f1022000,SecurID_Native,,,AUTHN_LOGIN_EVENT,6,4,,,,,1d7059a310071e0a1c9a0fb3e6788d0d,xxxxxxxx1022,,
-->
<decoder name="rsa-auth-manager">
    <program_name></program_name>
    <prematch>audit.runtime.com.rsa</prematch>
</decoder>

<decoder name="rsa-auth-manager-auth-login">
    <parent>rsa-auth-manager</parent>
    <prematch offset="after_parent">AUTHN_LOGIN_EVENT</prematch>
    <regex offset="after_parent">\S+,\S+,(\S+),(\S+),(AUTHN_LOGIN_EVENT),\d+,(\S+),\S+,\S+,\S+,\S+,\S+,(\S+),\S+,\S+,\S+,\S+,\S+,(\S+),</regex>
    <order>srcip,dstip,id,action,user,url</order>
</decoder>
