<!--
  -  rshd decoders
  -  Author: Daniel Cid.
  -  Updated by Wazuh, Inc.
  -  Copyright (C) 2015, Wazuh Inc.
  -  Copyright (C) 2009 Trend Micro Inc.
  -  This program is a free software; you can redistribute it and/or modify it under the terms of GPLv2.
-->


<!--
 - Example message:
 - Dec 17 10:49:23 hostname rshd[347339]: Connection from 10.217.223.31 on illegal port
 -->
<decoder name="rshd">
  <program_name>^rshd$</program_name>
</decoder>

<decoder name="rshd-illegal-connection">
  <parent>rshd</parent>
  <regex>^Connection from (\S+) on illegal port$</regex>
  <order>srcip</order>
</decoder>
