<!--
  -  Copyright (C) 2015, Wazuh Inc.
-->

<!--
  SonicWall decoders:

  Comments:
    Will extract action, srcip, dstip, protocol, srcport and dstport

    The field <plugin_decoder> is required for SonicWall: https://documentation.wazuh.com/current/user-manual/ruleset/ruleset-xml-syntax/decoders.html#plugin-decoder
   
  Examples logs:
    Jan  3 13:45:36 192.168.5.1 id=firewall sn=000SERIAL time="2007-01-03 14:48:06" fw=1.1.1.1 pri=6 c=262144 m=98 msg="Connection Opened" n=23419 src=2.2.2.2:36701:WAN dst=1.1.1.1:50000:WAN proto=tcp/50000
    Jan  3 13:45:36 192.168.5.1 id=firewall sn=000SERIAL time="2007-01-03 14:48:07" fw=1.1.1.1 pri=1 c=32 m=30 msg="Administrator login denied due to bad credentials" n=7 src=2.2.2.2:36701:WAN dst=1.1.1.1:50000:WAN
    id=firewall sn=00301E0526B1 time="2004-04-01 10:39:35" fw=67.32.44.2 pri=5 c=64 m=36 msg="TCP connection dropped" n=2686 src=67.101.200.27:4507:WAN dst=67.32.44.2:445:LAN rule=0
    id=firewall sn=C0EAE4599999 time="2019-02-15 09:45:17 UTC" fw=2.228.169.242 pri=5 c=512 m=1233 msg="Unhandled link-local or multicast IPv6 packet dropped" n=56642 srcV6=fe80::9851:b780:9d9d:a29e src=:49702:X0-V514 dstV6=ff02::1:3 dst=:5355 srcMac=90:e6:ba:32:5c:45 dstMac=33:33:00:01:00:03 proto=udp/5355
    id=NSA3500BR sn=0017C5DFCEEC time="2019-03-14 16:37:19 UTC" fw=172.29.169.2 pri=1 c=32 m=1388 msg="IPSec VPN Decryption Failed" n=1064050271 src=37.186.204.2 dst=172.29.168.2 note="Replay check failure."
    id=NSA3600  sn=C0EAE4599999 time="2019-02-27 12:55:40 UTC" fw=2.228.169.242 pri=5 c=0 m=1197 msg="NAT Mapping" n=4748427 src=10.12.14.9::X0-V500 dst=217.56.236.4::X3 proto=icmp note="Source: 2.228.169.242, 63130, Destination: 217.56.236.4, 8, Protocol: 1" rule="17 (LAN->WAN)"
    id=NSA2650GG sn=18B169D79980 time="2019-03-19 06:44:01 UTC" fw=83.211.91.146 pri=3 c=4 m=14 msg="Web site access denied" app=49177 appName="General HTTPS" n=856789 src=192.168.0.46:59668:X0:nb020.example.com dst=34.194.213.204:443:X1:example.com srcMac=a0:ce:c8:13:99:c5 dstMac=1a:b1:69:d7:99:80 proto=tcp/https dstname=example.com arg=/ code=49 Category="Freeware/Software Downloads"
    id=NSA2650GG sn=18B169D79980 time="2019-03-18 08:33:45 UTC" fw=83.211.91.146 pri=3 c=4 m=14 msg="Web site access denied" app=49177 appName="General HTTPS" n=838005 src=192.168.0.62:54993:X0:pc048.example.com dst=151.101.242.49:443:X1 srcMac=c8:9c:dc:fd:9d:02 dstMac=1a:b1:69:d7:99:80 proto=tcp/https dstname=example.com arg=/ code=49 Category="Freeware/Software Downloads"
  -->

<decoder name="sonicwall">
  <plugin_decoder>SonicWall_Decoder</plugin_decoder>
  <prematch>^\<\d+>\s*id=\w+\s+sn=\w+\s+time="\.+"\s+fw=\S+ |^\s*id=\w+\s+sn=\w+\s+time="\.+"\s+fw=\S+ </prematch>
</decoder>

<decoder name="sonicwall-fields">
  <parent>sonicwall</parent>
  <regex offset="after_parent">pri=(\S+)</regex>
  <order>status</order>
</decoder>

<decoder name="sonicwall-fields">
  <parent>sonicwall</parent>
  <regex offset="after_regex"> msg="(\.+)"</regex>
  <order>action</order>
</decoder>

<decoder name="sonicwall-fields">
  <parent>sonicwall</parent>
  <regex offset="after_regex">src=(\d+.\d+.\d+.\d+):(\d+):\S*</regex>
  <order>srcip, srcport</order>
</decoder>

<decoder name="sonicwall-fields">
  <parent>sonicwall</parent>
  <regex offset="after_regex">dst=(\d+.\d+.\d+.\d+):(\d+):\S*</regex>
  <order>dstip, dstport</order>
</decoder>

<decoder name="sonicwall-fields">
  <parent>sonicwall</parent>
  <regex offset="after_regex">src=(\d+.\d+.\d+.\d+)::|src=(\d+.\d+.\d+.\d+)\s</regex>
  <order>srcip</order>
</decoder>

<decoder name="sonicwall-fields">
  <parent>sonicwall</parent>
  <regex offset="after_regex">dst=(\d+.\d+.\d+.\d+)::|dst=(\d+.\d+.\d+.\d+)\s</regex>
  <order>dstip</order>
</decoder>

<decoder name="sonicwall-fields">
  <parent>sonicwall</parent>
  <regex offset="after_regex">proto=(\S+)</regex>
  <order>protocol</order>
</decoder>

<decoder name="sonicwall-fields">
  <parent>sonicwall</parent>
  <regex>app=(\S+)\s+appName="(\.+)"\.+dstname=(\S+)\.+Category="(\.+)"</regex>
  <order>app, appName, dstname, Category</order>
</decoder>

<decoder name="sonicwall-software_downloads">
  <parent>sonicwall</parent>
  <regex>id=(\S+)\s+sn=(\S+)\s+time="(\d+-\d\d-\d\d \d\d:\d\d:\d\d) (\S+)"\s+fw=(\S+)\s+pri=(\S+)\s+c=(\S+)\s+m=(\S+)\s+msg="(\.+)"\s+app=(\S+)\s+appName="(\.+)"\s+n=(\S+)\s+src=(\S+)\s+dst=(\S+)\s+srcMac=(\S+)\s+dstMac=(\S+)\s+proto=(\S+)\s+dstname=(\S+)\s+arg=(\S+)\s+code=(\S+)\s+Category="(\.+)"</regex>
  <order>id,sn,time,timezone,fw,pri,c,m,msg,app,appName,n,src,dst,srcMac,dstMac,proto,dstname,arg,code,Category</order>
</decoder>

<decoder name="sonicwall-fields">
  <parent>sonicwall</parent>
  <regex offset="after_regex">proto=(\S+)</regex>
  <order> protocol</order>
</decoder>
