<!--
  -  Sophos Anti-Virus decoders
  -  Created by Wazuh, Inc.
  -  Copyright (C) 2015, Wazuh Inc.
  -  This program is a free software; you can redistribute it and/or modify it under the terms of GPLv2.
-->

<!--
Sophos Anti-Virus
SAV.txt
https://community.sophos.com/kb/en-us/43391

20160806 050000	Scan 'Sophos Cloud Scheduled Scan' started.
20160806 052043	Scan 'Sophos Cloud Scheduled Scan' completed.
20160805 175034	User (NT AUTHORITY\SYSTEM) has stopped on-access scanning for this machine.
20160805 175143	Using detection data version 5.29 (detection engine 3.65.2). This version can detect 11628132 items.
 -->

<decoder name="sophos">
    <prematch>^\d\d\d\d\d\d\d\d \d\d\d\d\d\d\tScan|^\d\d\d\d\d\d\d\d \d\d\d\d\d\d\tUser|^\d\d\d\d\d\d\d\d \d\d\d\d\d\d\tUsing</prematch>
</decoder>

<decoder name="sophos-user">
    <parent>sophos</parent>
    <prematch>User</prematch>
    <regex offset="after_parent">\((\.+)\) has</regex>
    <order>srcuser</order>
</decoder>

<decoder name="sophos-update">
    <parent>sophos</parent>
    <prematch>detection</prematch>
    <regex offset="after_parent"> detection data version (\.+) </regex>
    <order>extra_data</order>
</decoder>

<!--
<log><category>savscan.log</category><level>INFO</level><domain>savscan</domain><msg>SAVSCAN-DETAILS %s %s %s %s %s %s</msg><time>1558570140</time><arg>0</arg><arg>0</arg><arg>108267</arg><arg>131</arg><arg>0</arg><arg>0</arg></log>
<log><category>update.check</category><level>INFO</level><domain>savupdate</domain><msg>NO_UPDATED_FROM %s</msg><time>1558572421</time><arg>http://10.11.12.13/SophosUpdate/CIDs/S000/EESAVUNIX/SUNOS_9_SPARC</arg></log>
<log><category>savscan.log</category><level>INFO</level><domain>savscan</domain><msg>NOTIFY_ONDEMANDTHREAT_INFECTED %s</msg><time>1558572421</time><arg>path_file</arg></log>
<log><category>savscan.log</category><level>INFO</level><domain>savscan</domain><msg>SCANNER_DIED_KILLED</msg><time>1558572421</time></log>  
-->
<decoder name="sophos-win">
    <prematch>\<log>\.+\</log></prematch>
</decoder>

<decoder  name="sophos-win">
    <parent>sophos-win</parent>
    <regex>\<category>(\.+)\</category></regex>
    <order>category</order>
</decoder>

<decoder name="sophos-win">
    <parent>sophos-win</parent>
    <regex>\<level>(\w+)\</level></regex>
    <order>level</order>
</decoder>

<decoder name="sophos-win">
    <parent>sophos-win</parent>
    <regex>\<domain>(\.+)\</domain></regex>
    <order>domain</order>
</decoder>

<decoder name="sophos-win">
    <parent>sophos-win</parent>
    <regex>\<msg>(\.+)\</msg></regex>
    <order>msg</order>
</decoder>

<decoder name="sophos-win">
    <parent>sophos-win</parent>
    <regex>\<time>(\w+)\</time></regex>
    <order>time</order>
</decoder>

<decoder name="sophos-win">
    <parent>sophos-win</parent>
    <regex>\<arg>(\w+)\</arg>\<arg>(\w+)\</arg>\<arg>(\w+)\</arg>\<arg>(\w+)\</arg>\<arg>(\w+)\</arg>\<arg>(\w+)\</arg></regex>
    <order>mbootrecords,bootrecords,scanned_files,scan_errors,threads,infected_files</order>
</decoder>

<decoder name="sophos-win">
    <parent>sophos-win</parent>
    <regex>\<msg>NOTIFY_ONDEMANDTHREAT_INFECTED\.+\</msg>\.+\<arg>(\.+)\</arg></regex>
    <order>infected_file_path</order>
</decoder>