<!--
  -  Squid decoders
  -  Author: Daniel Cid.
  -  Updated by Wazuh, Inc.
  -  Copyright (C) 2015, Wazuh Inc.
  -  Copyright (C) 2009 Trend Micro Inc.
  -  This program is a free software; you can redistribute it and/or modify it under the terms of GPLv2.
-->


<!--
  - Pre mach for Squid's log file access.log
  - Examples:
  - 1286536318.542    755 192.168.0.68 TCP_MISS/200 507 POST http://wazuh.com- DIRECT/X.X.X.X application/xml
  - 1140701044.525   1231 192.168.1.201 TCP_DENIED/400 1536 GET ahmet - NONE/- text/html
  - 1140701230.827    781 192.168.1.210 TCP_DENIED/407 1785 GET http://www.ossec.net oahmet NONE/- text/html
  -->
<decoder name="squid-accesslog">
  <type>squid</type>
  <prematch>^\d+ \S+ TCP_\S+ |^\d+ \S+ UDP_\S+ |^\d+ \S+ NONE\S+ </prematch>
  <regex>^\d+ (\S+) (\w+)/(\d+) \d+ \w+ (\S+) </regex>
  <order>srcip,action,id,url</order>
</decoder>

<!--
  - Extract srcip, action, id and url.
  -->
<decoder name="squid-accesslog-default">
  <parent>squid-accesslog</parent>
  <regex>^\d+ (\S+) (\w+)/(\d+) \d+ \w+ (\S+) </regex>
  <order>srcip,action,id,url</order>
</decoder>

<!--
  - Pre mach for Squid's log file cache.log
  - Examples:
  - 2019/03/21 08:36:27 kid1| HTCP Disabled
  - 2019/03/21 08:36:27| pinger: Initialising ICMP pinger ...
  - 2019/03/21 08:36:27| pinger: ICMP socket opened.
  - 2019/03/21 08:36:27| pinger: ICMPv6 socket opened
  - 2010/10/03 12:17:45| FD 60 Closing HTTP connection
  - 2010/10/03 12:17:45| FD 62 Closing HTTP connection
-->
<decoder name="squid-cachelog">
  <type>squid</type>
  <prematch>^\d+/\d+/\d+ \d+:\d+:\d+\| |^\d+/\d+/\d+ \d+:\d+:\d+ \w+\| </prematch>
</decoder>


<!--
  - Extract action
-->
<decoder name="squid-cachelog-default">
  <parent>squid-cachelog</parent>
  <regex>\S+ \.+\| (\.+)</regex>
  <order>action</order>
</decoder>
