<!--
  -  Unix decoders
  -  Created by Wazuh, Inc.
  -  Copyright (C) 2015, Wazuh Inc.
  -  This program is a free software; you can redistribute it and/or modify it under the terms of GPLv2.
-->


<!-- unix_chkpwd
  -  Author: Daniel B. Cid
  - Jul 21 07:40:29 localhost unix_chkpwd[15804]: password check failed for user (username)
-->
<decoder name="unix_chkpwd">
  <program_name>^unix_chkpwd</program_name>
</decoder>

<!--Jul 21 07:40:29 localhost unix_chkpwd[15804]: password check failed for user (username)-->
<decoder name="chkpwd-user">
  <parent>unix_chkpwd</parent>
  <regex offset="after_parent">user \((\w+)\)$</regex>
  <order>srcuser</order>
</decoder>

<!--
Dec  1 12:25:52 ip-10-0-0-220 groupadd[2668]: new group: name=marge, GID=1004
Dec  1 12:25:52 ip-10-0-0-220 useradd[2672]: new user: name=marge, UID=1006, GID=1004, home=/home/marge, shell=/bin/bash
Dec  1 12:25:57 ip-10-0-0-220 chfn[2680]: changed user 'marge' information
Dec  1 16:22:16 ip-10-0-0-220 gpasswd[3246]: user bart added by root to group sudo
-->

<decoder name="groupadd">
    <program_name>groupadd</program_name>
</decoder>

<decoder name="groupadd-fields">
    <parent>groupadd</parent>
    <prematch offset="after_parent">new group: name=</prematch>
    <regex offset="after_prematch">(\S+), GID=(\S+)</regex>
    <order>user,gid</order>
</decoder>


<decoder name="useradd">
    <program_name>useradd</program_name>
</decoder>

<decoder name="useradd-fields">
    <parent>useradd</parent>
    <prematch offset="after_parent">new user: </prematch>
    <regex offset="after_prematch">name=(\S+), UID=(\S+), GID=(\S+), home=(\S+), shell=(\S+)</regex>
    <order>user,uid,gid,home,shell</order>
</decoder>


<decoder name="chfn">
    <program_name>chfn</program_name>
</decoder>

<decoder name="chfn-fields">
    <parent>chfn</parent>
    <prematch offset="after_parent">changed user</prematch>
    <regex offset="after_prematch">'(\S+)'</regex>
    <order>user</order>
</decoder>


<decoder name="gpasswd">
    <program_name>gpasswd</program_name>
</decoder>

<decoder name="gpasswdgpasswd-fields">
    <parent>gpasswd</parent>
    <prematch offset="after_parent">added by</prematch>
    <regex offset="after_parent">user (\S+) added by (\S+) to group (\S+)</regex>
    <order>dstuser,srcuser,group</order>
</decoder>

<decoder name="systemd">
    <program_name>systemd</program_name>
</decoder>
