<!--
  -  Vmware ESX decoders
  -  Author: Daniel Cid.
  -  Updated by Wazuh, Inc.
  -  Copyright (C) 2015, Wazuh Inc.
  -  Copyright (C) 2009 Trend Micro Inc.
  -  This program is a free software; you can redistribute it and/or modify it under the terms of GPLv2.
-->


  <!--
  - Will extract the severity and username/ip when available.
  - Examples:
  - [2008-03-09 22:43:35.924 'ha-eventmgr' 84503472 info] Event 2053 : User root@127.0.0.1 logged in
  - [2008-02-05 02:13:18.112 'ha-eventmgr' 95833272 info] Event xyz : User m@1.2.3.4 logged in
  -  [2008-08-26 11:06:16.359 'ha-eventmgr' 20532144 info] Event 285 : Failed login attempt for root@127.0.0.1
  - Aug 25 06:01:10 hostname vmware-hostd[1863]: Accepted password for user root from 127.0.0.1
  - Aug  7 11:05:34 localhost vmware-authd[9709]: login from 172.16.129.78 as 523b717c-4542-f5fc-c006-1644eb8f4330
  - Aug 26 11:42:29 localhost vmware-hostd[1863]: Rejected password for user blablabla from 127.0.0.1
  -->
<decoder name="vmware">
  <prematch>^[\d\d\d\d-\d\d-\d\d \d\d:\d\d:\d\d.\d\d\d '\S+' \d+ </prematch>
</decoder>

<decoder name="vmware-extra">
  <parent>vmware</parent>
  <regex offset="after_parent">^(\w+)] \S+ \S+ </regex>
  <order>status</order>
</decoder>

<decoder name="vmware-extra">
  <parent>vmware</parent>
  <regex offset="after_regex">^: User (\w+)@(\d+.\d+.\d+.\d+)</regex>
  <regex> logged |^: Failed login \w+ for (\w+)@(\d+.\d+.\d+.\d+)</regex>
  <order>user, srcip</order>
</decoder>

<decoder name="vmware-syslog">
  <program_name>vmware</program_name>
</decoder>

<decoder name="vmware-success">
  <parent>vmware-syslog</parent>
  <prematch>^Accepted|^Rejected</prematch>
  <regex offset="after_prematch">^ \S+ for user (\S+) from (\S+)$</regex>
  <order>user, srcip</order>
</decoder>

<decoder name="vmware-login">
  <parent>vmware-syslog</parent>
  <prematch>^login from </prematch>
  <regex offset="after_prematch">^(\S+) as</regex>
  <order>srcip</order>
</decoder>
