<!--
  Windows decoders
  Copyright (C) 2015, Wazuh Inc.

  Products:
    MS IIS
    MS Firewall
    MS Exchange
    Sysmon
    Defender
    Terminal Services
-->

<!--
  Windows date format.
  Pre match for windows date format. Used on Windows firewall,
  IIS, etc.
  Examples:
  2006-07-23 04:40:02 xxx
-->
<decoder name="windows-date-format">
  <prematch>^\d\d\d\d-\d\d-\d\d \d\d:\d\d:\d\d </prematch>
</decoder>

<!--
  Windows firewall decoder.
  Will extract action, protocol, srcip, dstip, srcport and dstport.
  Examples:
  2006-09-18 22:25:30 OPEN TCP 11.12.72.10 12.252.71.6 3311 445 - - - - - - - - -
  2006-09-18 22:26:23 DROP UDP 11.152.183.14 239.255.255.250 65299 1900 310 - - - - - - - RECEIVE
  2006-09-18 22:26:23 DROP UDP 11.152.183.14 239.255.255.250 65299 1900 310 - - - - - - - RECEIVE
  2006-09-18 22:26:23 DROP UDP 11.152.183.14 239.255.255.250 65298 1900 319 - - - - - - - RECEIVE
 -->
<decoder name="windows-firewall">
  <parent>windows-date-format</parent>
  <type>firewall</type>
  <use_own_name>true</use_own_name>
  <prematch offset="after_parent">^OPEN|^CLOSE|^DROP</prematch>
  <regex offset="after_parent">^(\w+) (\w+) </regex>
  <regex>(\S+) (\S+) (\d+) (\d+) </regex>
  <order>action, protocol, srcip, dstip, srcport, dstport</order>
</decoder>

<!--
  IIS 5 WWW W3C log format.
  #Fields: date time c-ip cs-username s-sitename s-computername s-ip s-port cs-method cs-uri-stem cs-uri-query sc-status cs-host cs(User-Agent) cs(Referer)
  Examples:
  2006-07-23 04:40:02 1.2.3.4 - W3SVC3 CIN1WEB03 1.2.3.4 443 GET /Default.asp - 200 hiden.com Mozilla/4.0+(compatible;+MSIE+6.0;+Windows+NT+5.1;+Avant+Browser;+Avant+Browser;+.NET+CLR+1.1.4322;+.NET+CLR+2.0.50727) -
-->
<decoder name="web-accesslog-iis5">
  <parent>windows-date-format</parent>
  <type>web-log</type>
  <use_own_name>true</use_own_name>
  <prematch offset="after_parent">^\S+ \S+ W3SVC</prematch>
  <regex offset="after_parent">^(\S+) \S+ \S+ \S+ \S+ </regex>
  <regex>\d+ \S+ (\S+ \S+) (\d+) </regex>
  <order>srcip,url,id</order>
</decoder>

<!--
  IIS6 WWW W3C log format.
  #Fields: date time s-sitename s-computername s-ip cs-method cs-uri-stem
  cs-uri-query s-port cs-username c-ip cs-version cs(User-Agent)
  cs(Cookie) cs(Referer) cs-host sc-status sc-substatus sc-win32-status
  sc-bytes cs-bytes time-taken
  Examples:
  2007-01-22 05:00:11 W3SVC1 HOSTNAME 1.1.1.1 POST /SimpleAuthWebService/SimpleAuth.asmx - 80 - 2.2.2.2 HTTP/1.1 Windows-Update-Agent - - hostname 200 0 0 1467 841 31
-->
<decoder name="web-accesslog-iis6">
  <parent>windows-date-format</parent>
  <type>web-log</type>
  <use_own_name>true</use_own_name>
  <prematch offset="after_parent">^W3SVC\d+ \S+ \S+ \S+ </prematch>
  <regex offset="after_prematch">^(\S+ \S+) \d+ \S+ (\S+) </regex>
  <regex>\S+ \S+ \S+ \S+ \S+ (\d+) </regex>
  <order>url, srcip, id</order>
</decoder>

<!--
  Windows IIS decoder for default settings
  Tested with IIS 7.5 and IIS 8.5 (Windows 2008R2 and Windows 2012R2)
  Will extract URL, Source IP, and HTTP response code
  Examples:
  IIS 7.5
  2015-07-28 15:07:26 1.2.3.4 GET /QOsa/Browser/Default.aspx UISessionId=SN1234123&DeviceId=SN12312232SHARP+MX-4111N 80 - 31.3.3.7 OpenSystems/1.0;+product-family="85";+product-version="123ER123" 302 0 0 624
  IIS 8.5
  2015-03-11 20:28:21 1.2.3.4 GET /certsrv/Default.asp - 80 - 31.3.3.7 Mozilla/5.0+(compatible;+MSIE+9.0;+Windows+NT+6.1;+WOW64;+Trident/7.0) - 401 2 5 0
  2015-03-11 21:59:09 1.2.3.4 GET /console/faces/com_sun_web_ui/jsp/version/version_30.jsp - 80 - 31.3.3.7 Sun+Web+Console+Fingerprinter/7.15 - 404 0 2 0
  2015-03-11 22:01:58 1.2.3.4 GET /IISADMPWD/aexp.htr - 80 - 31.3.3.7 - - 404 0 2 0
-->
<decoder name="web-accesslog-iis-default">
  <parent>windows-date-format</parent>
  <type>web-log</type>
  <use_own_name>true</use_own_name>
  <prematch offset="after_parent">^\S+ GET |^\S+ POST</prematch>
  <regex offset="after_parent">^\S+ (\w+) (\S+ \S+) (\S+) \S+ (\S+) (\S+) \.*(\d\d\d) </regex>
  <order>action, url, srcport, srcip, user_agent, id</order>
</decoder>

<!--
  IIS 5 W3C FTP log format.
  Examples:
  #Fields: date time c-ip cs-username s-sitename s-computername s-ip s-port cs-method cs-uri-stem cs-uri-query sc-status sc-win32-status sc-bytes cs-bytes time-taken cs-version cs-host cs(User-Agent) cs(Cookie) cs(Referer)
  2006-07-23 17:57:59 192.168.3.64 Administrator MSFTPSVC1 HAIJO2 192.168.1.12 21 [144]USER Administrator - 331 0 0 0 0 FTP - - - -
  2006-07-23 17:57:59 192.168.3.64 Administrator MSFTPSVC1 HAIJO2 192.168.1.12 21 [144]PASS - - 230 0 0 0 16 FTP - - - -
-->
<decoder name="msftp">
  <parent>windows-date-format</parent>
  <use_own_name>true</use_own_name>
  <prematch offset="after_parent">^\S+ \S+ MSFTPSVC</prematch>
  <regex offset="after_parent">^(\S+) (\S+) \S+ \S+ \S+ </regex>
  <regex>\d+ [\d+](\S+) \S+ \S+ (\d+) </regex>
  <order>srcip,user,action,id</order>
</decoder>

<!--
  IIS 5 W3C SMTP log format (Exchange).
  Examples:
  #Fields: date time c-ip cs-username s-sitename s-computername s-ip s-port cs-method cs-uri-stem cs-uri-query sc-status sc-win32-status sc-bytes cs-bytes time-taken cs-version cs-host cs(User-Agent) cs(Cookie) cs(Referer)
  2006-10-09 14:04:46 69.217.186.117 - SMTPSVC1 MEE-PDC 192.168.X.X 0 xxxx -
  +hupylaw.hupy.local 500 0 32 23 0 SMTP - - - -
-->
<decoder name="msexchange">
  <parent>windows-date-format</parent>
  <use_own_name>true</use_own_name>
  <prematch offset="after_parent">^\S+ \S+ SMTPSVC</prematch>
  <regex offset="after_parent">^(\S+) \S+ \S+ \S+ \S+ </regex>
  <regex>\d+ (\S+) \S+ \S+ (\d+) </regex>
  <order>srcip, action, id</order>
</decoder>

<!--
  Server 2008 DHCP IPv4 Decoder (must go first)
  ID,Date,Time,Description,IP Address,Host Name,MAC Address,User Name, TransactionID, QResult,Probationtime, CorrelationID.
  24,3/10/2009,0:00:46,Database Cleanup Begin,,,,
  0,3/10/2009,0:00:46,DNS Update Request,201.10.168.192,OPS03W034.,,
-->
<decoder name="ms-dhcp-ipv4">
  <prematch>^\d\d,\d+/\d+/\d\d\d\d,\d+:\d+:\d+,|</prematch>
  <prematch>^\d\d,\d+/\d+/\d\d,\d+:\d+:\d+,</prematch>
  <regex>^(\d\d),\d+/\d+/\d\d\d*,\d+:\d+:\d+,(\w+),(\S+)</regex>
  <order>id,extra_data,srcip</order>
</decoder>

<!--
  Server 2008 DHCP IPv6 Decoder (must go second)
  ID,Date,Time,Description,IPV6 Address,Host Name,Error Code, Duid Length, Duid Bytes(Hex),User Name.
-->
<decoder name="ms-dhcp-ipv6">
  <prematch>^\d\d\d\d\d,\d\d/\d\d/\d\d,\d\d:\d\d:\d\d,</prematch>
  <regex>^(\d\d\d\d\d),</regex>
  <order>id</order>
</decoder>

<!--
  Windows decoder
  Will extract extra_data (as win source),action (as win category), id,
  username and computer name (as system_name).
  Examples:
  WinEvtLog: Application: INFORMATION(0x00000064): ESENT:
  (no user)(no domain):
  WinEvtLog: Security: AUDIT_FAILURE(0x000002A9): Security:
  SYSTEM: NT AUTHORITY: The logon to account: xyz    by:
  MICROSOFT_AUTHENTICATION_PACKAGE_V1_0    from workstation: la    failed.
  The error code was: 3221225572
  WinEvtLog: Security: AUDIT_FAILURE(0x00000211): Security:
  SYSTEM: NT AUTHORITY: Logon Failure:      Reason:     Unknown user
  name or bad password       User Name:  ab      Domain:     cd
  Logon Type: 2       Logon Process:  User32          Authentication
  Package: Negotiate       Workstation Name:   ad
  WinEvtLog: Security: AUDIT_SUCCESS(538): Security: lac: OSSEC-HM: OSSEC-HM: User Logoff:        User Name:      lac     Domain:         OSSEC-HM        Logon ID:               (0x0,0x7C966E)          Logon Type:     2
  2013 Oct 09 17:09:04 WinEvtLog: Application: INFORMATION(1): My Script: (no user): no domain: demo1.foo.example.com: test
  2016 Sep 27 10:48:30 WinEvtLog: Security: AUDIT_SUCCESS(4624): Microsoft-Windows-Security-Auditing: AAAABCC: KKKKK: 01.KKKKK.com: An account was successfully logged on. Subject:  Security ID:  S-1-0-0  Account Name:  -  Account Domain:  -  Logon ID:  0x0  Logon Type:   3  New Logon:  Security ID:  S-1-5-21-1119803419-263072742-1537874043-22758  Account Name:  AAAABCC  Account Domain:  KKKKK  Logon ID:  0x2b111bcc  Logon GUID:  {C609F1DB-667E-654F-AC26-48E1A2C6FA5F}  Process Information:  Process ID:  0x0  Process Name:  -  Network Information:  Workstation Name:   Source Network Address: 192.168.12.123  Source Port:  54200  Detailed Authentication Information:  Logon Process:  Kerberos  Authentication Package: Kerberos  Transited Services: -  Package Name (NTLM only): -  Key Length:  0  This event is generated when a logon session is created. It is generated on the computer that was accessed.
  2016 Sep 27 07:51:56 WinEvtLog: Application: AUDIT_FAILURE(18456): MSSQLSERVER: (no user): no domain: BBBB.AAAA.com: Login failed for user ''. Reason: An attempt to login using SQL authentication failed. Server is configured for Windows authentication only. [CLIENT: 10.1.4.21]
  -->
<decoder name="windows">
  <type>windows</type>
  <program_name>^WinEvtLog</program_name>
</decoder>

<!--
  WinEvtLog: sysmon decoder
  Event ID 1: Process Created

 Examples Old version:
 2014 Dec 20 09:29:47 WinEvtLog: Microsoft-Windows-Sysmon/Operational: INFORMATION(1): Microsoft-Windows-Sysmon: SYSTEM: NT AUTHORITY: WIN-U93G48C7BOP: Process Create:  UtcTime: 12/20/2014 2:29 PM  ProcessGuid: {00000000-87DB-5495-0000-001045F25A00}  ProcessId: 3048  Image: C:\Windows\system32\svchost.exe  CommandLine: "C:\Windows\system32\NOTEPAD.EXE" C:\Users\Administrator\Desktop\ossec.log  User: WIN-U93G48C7BOP\Administrator  LogonGuid: {00000000-84B8-5494-0000-0020CB330200}  LogonId: 0x233CB  TerminalSessionId: 1  IntegrityLevel: High  HashType: SHA1  Hash: 9FEF303BEDF8430403915951564E0D9888F6F365  ParentProcessGuid: {00000000-84B9-5494-0000-0010BE4A0200}  ParentProcessId: 848  ParentImage: C:\Windows\Explorer.EXE  ParentCommandLine: C:\Windows\Explorer.EXE

 Examples New version*:
 2015 Nov 19 18:32:31 WinEvtLog: Microsoft-Windows-Sysmon/Operational: INFORMATION(1): Microsoft-Windows-Sysmon: SYSTEM: NT AUTHORITY: WIN-K3UD9R5LCEL: Process Create:  UtcTime: 2015-11-19 17:32:31.562  ProcessGuid: {0B364D7C-07AF-564E-0000-001098C90800}  ProcessId: 2188  Image: C:\Windows\System32\rundll32.exe  CommandLine: C:\Windows\system32\rundll32.exe C:\Windows\system32\inetcpl.cpl,ClearMyTracksByProcess Flags:65800 WinX:0 WinY:0 IEFrame:0000000000000000  CurrentDirectory: C:\Users\Administrator.WIN-K3UD9R5LCEL\Desktop\  User: WIN-K3UD9R5LCEL\Administrator  LogonGuid: {0B364D7C-FDDB-564D-0000-00209CA10100}  LogonId: 0x1a19c  TerminalSessionId: 1  IntegrityLevel: High  Hashes: SHA1=963B55ACC8C566876364716D5AAFA353995812A8  ParentProcessGuid: {0B364D7C-FE43-564D-0000-0010F1720200}  ParentProcessId: 576  ParentImage: C:\Program Files\Internet Explorer\iexplore.exe  ParentCommandLine: "C:\Program Files\Internet Explorer\iexplore.exe"
 2017 Mar 29 13:36:36 WinEvtLog: Microsoft-Windows-Sysmon/Operational: INFORMATION(1): Microsoft-Windows-Sysmon: SYSTEM: NT AUTHORITY: WIN-P57C9KN929H: Process Create:  UtcTime: 2017-03-29 11:36:36.964  ProcessGuid: {DB577E3B-9C44-58DB-0000-0010B0983A00}  ProcessId: 3784  Image: C:\Windows\System32\WindowsPowerShell\v1.0\powershell.exe  CommandLine: "C:\Windows\System32\WindowsPowerShell\v1.0\powershell.exe" "-file" "C:\Users\Alberto\Desktop\test.ps1"  CurrentDirectory: C:\Users\Alberto\Desktop\  User: WIN-P57C9KN929H\Alberto  LogonGuid: {DB577E3B-89E5-58DB-0000-0020CB290500}  LogonId: 0x529cb  TerminalSessionId: 1  IntegrityLevel: Medium  Hashes: MD5=92F44E405DB16AC55D97E3BFE3B132FA,SHA256=6C05E11399B7E3C8ED31BAE72014CF249C144A8F4A2C54A758EB2E6FAD47AEC7  ParentProcessGuid: {DB577E3B-89E6-58DB-0000-0010FA3B0500}  ParentProcessId: 2308  ParentImage: C:\Windows\explorer.exe  ParentCommandLine: C:\Windows\Explorer.EXE
-->
<decoder name="Sysmon-EventID#1">
    <parent>windows</parent>
    <type>windows</type>
    <prematch>INFORMATION\(1\)\.+HashType</prematch>
    <regex>Image: (\.*) \s*CommandLine: \.* \s*User: (\.*) \s*LogonGuid: \S* \s*LogonId: \S* \s*TerminalSessionId: \S* \s*IntegrityLevel: \.*HashType: \S* \s*Hash: (\S*) \s*ParentProcessGuid: \S* \s*ParentProcessID: \S* \s*ParentImage: (\.*) \s*ParentCommandLine:</regex>
    <order>sysmon.image,srcuser,sysmon.hash,sysmon.parentImage</order>
</decoder>

<decoder name="Sysmon-EventID#1_new">
    <parent>windows</parent>
    <type>windows</type>
    <prematch>INFORMATION\(1\)\.+Hashes</prematch>
    <regex>Microsoft-Windows-Sysmon/Operational: \S+\((\d+)\)</regex>
    <order>id</order>
</decoder>

<decoder name="Sysmon-EventID#1_new">
    <parent>windows</parent>
    <type>windows</type>
    <regex offset="after_regex">ProcessGuid: (\.*) \s*ProcessId: (\.*) \s*Image: (\.*) \s*CommandLine: (\.*)\s+CurrentD</regex>
    <order>sysmon.processGuid, sysmon.processId, sysmon.image, sysmon.commandLine</order>
</decoder>

<decoder name="Sysmon-EventID#1_new">
    <parent>windows</parent>
    <type>windows</type>
    <regex offset="after_regex">irectory: (\.*) \s*User: (\.*) \s*LogonGuid: (\S*) \s*LogonId: (\S*)\s*TerminalSessionId: (\S*) \s*IntegrityLevel: (\.*) \s*Hashes: \S+=(\S*)\s*ParentProcessGuid: (\S*) \s*ParentProcessId: (\S*) \s*ParentImage: (\.*.\S+) \s*Parent</regex>
    <order>sysmon.currentDirectory,srcuser,sysmon.logonGuid, sysmon.logonId, sysmon.terminalSessionId, sysmon.integrityLevel, sysmon.hashes, sysmon.parentProcessGuid, sysmon.parentProcessId, sysmon.parentImage</order>
</decoder>

<decoder name="Sysmon-EventID#1_new">
    <parent>windows</parent>
    <type>windows</type>
    <regex offset="after_regex">CommandLine: "(\.*)"$</regex>
    <order>sysmon.parentCommandLine</order>
</decoder>

<!--
  Event ID 2: A process changed a file creation time
  2015 Nov 19 18:32:16 WinEvtLog: Microsoft-Windows-Sysmon/Operational: INFORMATION(2): Microsoft-Windows-Sysmon: SYSTEM: NT AUTHORITY: WIN-K3UD9R5LCEL: File creation time changed:  UtcTime: 2015-11-19 17:32:16.578  ProcessGuid: {0B364D7C-FE43-564D-0000-0010F1720200}  ProcessId: 576  Image: C:\Program Files\Internet Explorer\iexplore.exe  TargetFilename: C:\Users\Administrator.WIN-K3UD9R5LCEL\AppData\Roaming\Microsoft\Windows\Recent\CustomDestinations\QK9FKZ7I2DSU0MTCD160.temp  CreationUtcTime: 2015-11-19 03:28:08.281  PreviousCreationUtcTime: 2015-11-19 17:32:16.578
-->
<decoder name="Sysmon-EventID#2">
    <parent>windows</parent>
    <type>windows</type>
    <prematch>Microsoft-Windows-Sysmon/Operational: INFORMATION\(2\)</prematch>
    <regex>Microsoft-Windows-Sysmon/Operational: \S+\((\d+)\)</regex>
    <order>id</order>
</decoder>

<decoder name="Sysmon-EventID#2">
    <parent>windows</parent>
    <type>windows</type>
    <regex offset="after_regex">Image: (\.*)\s+TargetFilename: (\.*)\s+CreationUtcTime: (\.*)\s+PreviousCreationUtcTime: (\.*)</regex>
    <order>sysmon.image, sysmon.targetfilename, sysmon.creationUtcTime, sysmon.previousCreationUtcTime</order>
</decoder>

<!--
  Event ID 3: Network connection

  2015 Nov 19 20:33:25 WinEvtLog: Microsoft-Windows-Sysmon/Operational: INFORMATION(3): Microsoft-Windows-Sysmon: SYSTEM: NT AUTHORITY: WIN-K3UD9R5LCEL: Network connection detected:  UtcTime: 2015-11-19 19:33:23.824  ProcessGuid: {0B364D7C-23F6-564E-0000-00100D5A1100}  ProcessId: 2028  Image: C:\Program Files (x86)\Internet Explorer\iexplore.exe  User: WIN-K3UD9R5LCEL\Administrator  Protocol: tcp  Initiated: true  SourceIsIpv6: false  SourceIp: 192.168.2.201  SourceHostname: WIN-K3UD9R5LCEL.LinDomain  SourcePort: 49192  SourcePortName:   DestinationIsIpv6: false  DestinationIp: XXX.58.XXX.206  DestinationHostname: webdest  DestinationPort: 443  DestinationPortName: https
  2018 Nov 03 14:41:15 WinEvtLog: Microsoft-Windows-Sysmon/Operational: INFORMATION(3): Microsoft-Windows-Sysmon: SYSTEM: NT AUTHORITY: HOST2.abcusa.local: Network connection detected:  RuleName:   UtcTime: 2018-11-03 18:41:12.049  ProcessGuid: {1DCE106C-1FD9-5BD9-0000-001089032E01}  ProcessId: 12836  Image: C:\Windows\System32\mmc.exe  User: ABCUSA\admin.smith  Protocol: tcp  Initiated: true  SourceIsIpv6: false  SourceIp: 10.150.133.7  SourceHostname: HOST2.abcusa.local  SourcePort: 54709  SourcePortName:   DestinationIsIpv6: false  DestinationIp: 10.150.133.6  DestinationHostname: HOST1.abcusa.local  DestinationPort: 49161  DestinationPortName:
-->
<decoder name="Sysmon-EventID#3">
    <parent>windows</parent>
    <type>windows</type>
    <prematch>Microsoft-Windows-Sysmon/Operational: INFORMATION\(3\)</prematch>
    <regex>Microsoft-Windows-Sysmon/Operational: \S+\((\d+)\)</regex>
    <order>id</order>
</decoder>

<decoder name="Sysmon-EventID#3">
    <parent>windows</parent>
    <type>windows</type>
    <regex offset="after_regex">ProcessGuid: (\.*) \s*ProcessId: (\.*) \s*Image: (\.*)\s+User: (\.*)\s+Protocol: (\S*)\s+Initiated: (\.*) \s*SourceIsIpv6: (\.*) \s*SourceIp: (\S*)\s+SourceHostname: (\.*) \s*SourcePort: (\S*)\s+SourcePortName: (\.*)\s*DestinationIsIpv6: (\.*) \s*DestinationIp: (\S*)\s+DestinationHostname: (\.*) \s*DestinationPort: (\S*)\s*DestinationPortName:\s*(\S*)\s*$</regex>
    <order>sysmon.processGuid, sysmon.processId, sysmon.image, srcuser, protocol, sysmon.initiated, sysmon.sourceIsIpv6, srcip, sysmon.sourceHostname, srcport, sysmon.srcPortName, sysmon.destinationIsIpv6, dstip, sysmon.destinationHostname, dstport, sysmon.dstPortName</order>
</decoder>

<!--
  Event ID 4: Sysmon service state changed

  2015 Nov 19 20:27:42 WinEvtLog: Microsoft-Windows-Sysmon/Operational: INFORMATION(4): Microsoft-Windows-Sysmon: SYSTEM: NT AUTHORITY: WIN-K3UD9R5LCEL: Sysmon service state changed:  UtcTime: 2015-11-19 19:27:42.796  State: Started
-->
<decoder name="Sysmon-EventID#4">
    <parent>windows</parent>
    <type>windows</type>
    <prematch>Microsoft-Windows-Sysmon/Operational: INFORMATION\(4\)</prematch>
    <regex>Microsoft-Windows-Sysmon/Operational: \S+\((\d+)\)</regex>
    <order>id</order>
</decoder>

<decoder name="Sysmon-EventID#4">
    <parent>windows</parent>
    <type>windows</type>
    <regex offset="after_regex">State: (\S*)</regex>
    <order>sysmon.state</order>
</decoder>

<!--
  Event ID 5: Process terminated

  2015 Nov 19 20:41:57 WinEvtLog: Microsoft-Windows-Sysmon/Operational: INFORMATION(5): Microsoft-Windows-Sysmon: SYSTEM: NT AUTHORITY: WIN-K3UD9R5LCEL: Process terminated:  UtcTime: 2015-11-19 19:41:57.648  ProcessGuid: {0B364D7C-2353-564E-0000-001025511000}  ProcessId: 2196  Image: C:\Windows\System32\wbem\WmiPrvSE.exe
-->
<decoder name="Sysmon-EventID#5">
    <parent>windows</parent>
    <type>windows</type>
    <prematch>Microsoft-Windows-Sysmon/Operational: INFORMATION\(5\)</prematch>
    <regex>Microsoft-Windows-Sysmon/Operational: \S+\((\d+)\)</regex>
    <order>id</order>
</decoder>

<decoder name="Sysmon-EventID#5">
    <parent>windows</parent>
    <type>windows</type>
    <regex offset="after_regex">Image: (\S*)</regex>
    <order>sysmon.image</order>
</decoder>

<!--
  Event ID 6: Driver loaded

  2015 Nov 20 11:01:41 WinEvtLog: Microsoft-Windows-Sysmon/Operational: INFORMATION(6): Microsoft-Windows-Sysmon: SYSTEM: NT AUTHORITY: WIN-K3UD9R5LCEL: Driver loaded:  UtcTime: 2015-11-20 10:01:41.765  ImageLoaded: C:\Windows\System32\drivers\cdrom.sys  Hashes: SHA1=89204964B695862C31B10AB7129EC96B66C78F89  Signed: true  Signature: Microsoft Windows
-->
<decoder name="Sysmon-EventID#6">
    <parent>windows</parent>
    <type>windows</type>
    <prematch>Microsoft-Windows-Sysmon/Operational: INFORMATION\(6\)</prematch>
    <regex>Microsoft-Windows-Sysmon/Operational: \S+\((\d+)\)</regex>
    <order>id</order>
</decoder>

<decoder name="Sysmon-EventID#6">
    <parent>windows</parent>
    <type>windows</type>
    <regex offset="after_regex">ImageLoaded: (\S*)\s+Hashes: \S+=(\S*)\s+Signed: (\S*)\s+Signature: (\.*)</regex>
    <order>sysmon.imageLoaded, sysmon.hashes, sysmon.signed, sysmon.signature</order>
</decoder>

<!--
  Event ID 7: Image loaded

  2015 Nov 20 11:26:13 WinEvtLog: Microsoft-Windows-Sysmon/Operational: INFORMATION(7): Microsoft-Windows-Sysmon: SYSTEM: NT AUTHORITY: WIN-K3UD9R5LCEL: Image loaded:  UtcTime: 2015-11-20 10:26:13.672  ProcessGuid: {0B364D7C-F545-564E-0000-001085D69400}  ProcessId: 2216  Image: C:\Windows\System32\cmd.exe  ImageLoaded: C:\Windows\System32\msctf.dll  Hashes: SHA1=E425577CCFC9B92EFBBCB760D21FCAA478D3E51A  Signed: true  Signature: Microsoft Windows
-->
<decoder name="Sysmon-EventID#7">
    <parent>windows</parent>
    <type>windows</type>
    <prematch>Microsoft-Windows-Sysmon/Operational: INFORMATION\(7\)</prematch>
    <regex>Microsoft-Windows-Sysmon/Operational: \S+\((\d+)\)</regex>
    <order>id</order>
</decoder>

<decoder name="Sysmon-EventID#7">
    <parent>windows</parent>
    <type>windows</type>
    <regex offset="after_regex">Image: (\S*)\s+ImageLoaded: (\S*)\s+Hashes: \S+=(\S*)\s+Signed: (\S*)\s+Signature: (\.*)</regex>
    <order>sysmon.image, sysmon.imageLoaded, sysmon.hashes, sysmon.signed, sysmon.signature</order>
</decoder>

<!--
  Event ID 8: CreateRemoteThread

  2015 Nov 20 11:25:44 WinEvtLog: Microsoft-Windows-Sysmon/Operational: INFORMATION(8): Microsoft-Windows-Sysmon: SYSTEM: NT AUTHORITY: WIN-K3UD9R5LCEL: CreateRemoteThread detected:  UtcTime: 2015-11-20 10:25:44.562  SourceProcessGuid: {0B364D7C-E952-564E-0000-00104C3B0000}  SourceProcessId: 388  SourceImage: C:\Windows\System32\csrss.exe  TargetProcessGuid: {0B364D7C-EF10-564E-0000-001010EA0700}  TargetProcessId: 1152  TargetImage: C:\Windows\System32\cmd.exe  NewThreadId: 2128  StartAddress: 0x00000000777F4910  StartModule: C:\Windows\system32\kernel32.dll  StartFunction: CtrlRoutine
-->
<decoder name="Sysmon-EventID#8">
    <parent>windows</parent>
    <type>windows</type>
    <prematch>Microsoft-Windows-Sysmon/Operational: INFORMATION\(8\)</prematch>
    <regex>Microsoft-Windows-Sysmon/Operational: \S+\((\d+)\)</regex>
    <order>id</order>
</decoder>

<decoder name="Sysmon-EventID#8">
    <parent>windows</parent>
    <type>windows</type>
    <regex offset="after_regex">SourceImage: (\S*)\s+\.+TargetImage: (\S*)\s+\.+StartModule: (\S*)\s+StartFunction: (\.*)</regex>
    <order>sysmon.sourceImage, sysmon.targetImage, sysmon.startModule, sysmon.startFunction</order>
</decoder>

<!--
  Event ID 11:

  2017 Mar 30 15:09:02 WinEvtLog: Microsoft-Windows-Sysmon/Operational: INFORMATION(11): Microsoft-Windows-Sysmon: SYSTEM: NT AUTHORITY: WIN-KND6QGDH48O: File created:  UtcTime: 2017-03-30 15:09:02.934  ProcessGuid: {FE5A418C-1C6B-58DD-0000-001023A40B00}  ProcessId: 3064  Image: C:\Windows\System32\WindowsPowerShell\v1.0\powershell.exe  TargetFilename: C:\Windows\System32\drivers\malware.txt  CreationUtcTime: 2017-03-30 15:09:02.934
-->
<decoder name="Sysmon-EventID#11">
    <parent>windows</parent>
    <type>windows</type>
    <prematch>Microsoft-Windows-Sysmon/Operational: INFORMATION\(11\)</prematch>
    <regex>Microsoft-Windows-Sysmon/Operational: \S+\((\d+)\)</regex>
    <order>id</order>
</decoder>

<decoder name="Sysmon-EventID#11">
    <parent>windows</parent>
    <type>windows</type>
    <regex offset="after_regex">File created: (\.*)\s+UtcTime: (\.*)\s+ProcessGuid: (\.*)\s+ProcessId: (\.*)\s+Image: (\.*)\s+TargetFilename: (\.*)\s+CreationUtcTime: (\.*)</regex>
    <order>sysmon.filecreated, sysmon.utctime, sysmon.processguid, sysmon.processid, sysmon.image, sysmon.targetfilename, sysmon.creationutctime </order>
</decoder>

<!--
  Event ID 15: FileCreateStreamHash

  2017 Mar 22 20:58:52 WinEvtLog: Microsoft-Windows-Sysmon/Operational: INFORMATION(15): Microsoft-Windows-Sysmon: SYSTEM: NT AUTHORITY: WIN-M0OTMBFUNGN: File stream created:  UtcTime: 2017-03-22 19:58:52.021  ProcessGuid: {514DFA4C-D745-58D2-0000-00107ECE2501}  ProcessId: 2476  Image: C:\Program Files\Internet Explorer\iexplore.exe  TargetFilename: C:\Users\Alberto\Desktop\setupssh381-20040709.zip  CreationUtcTime: 2017-03-22 19:58:42.380  Hash: MD5=9F82020D0494ED2E38B201C1948DD146
-->
<decoder name="Sysmon-EventID#15">
    <parent>windows</parent>
    <type>windows</type>
    <prematch>Microsoft-Windows-Sysmon/Operational: INFORMATION\(15\)</prematch>
    <regex>Microsoft-Windows-Sysmon/Operational: \S+\((\d+)\)</regex>
    <order>id</order>
</decoder>

<decoder name="Sysmon-EventID#15">
    <parent>windows</parent>
    <type>windows</type>
	<regex offset="after_regex">ProcessId: (\.*)\s+Image: (\.*)\s+TargetFilename: (\.*)\s+CreationUtcTime: (\.*)\s+Hash: \S+=(\S*)</regex>
    <order>sysmon.processId, sysmon.image, sysmon.targetfilename, sysmon.creationUtcTime, sysmon.hash</order>
</decoder>

<!--
  Windows Defender
  2017 Apr 06 06:25:54 WinEvtLog: Microsoft-Windows-Windows Defender/Operational: WARNING(1116): Microsoft-Windows-Windows Defender: SYSTEM: NT AUTHORITY: DESKTOP-6UOEPO5: Windows Defender has detected malware or other potentially unwanted software.   For more information please see the following:  http://go.microsoft.com/fwlink/?linkid=37020&name=Virus:DOS/EICAR_Test_File&threatid=2147519003&enterprise=0     Name: Virus:DOS/EICAR_Test_File          ID: 2147519003          Severity: Severe        Category: Virus         Path: file:_C:\Users\spiderman\Downloads\eicar.com.txt          Detection Origin: Local machine         Detection Type: Concrete     Detection Source: Real-Time Protection          User: NT AUTHORITY\SYSTEM       Process Name: C:\Windows\System32\SearchProtocolHost.exe        Signature Version: AV: 1.239.892.0, AS: 1.239.892.0, NIS: 116.88.0.0    Engine Version: AM: 1.1.13601.0, NIS: 2.1.12706.0
-->
<decoder name="Windows-defender">
    <parent>windows</parent>
    <type>windows</type>
    <prematch>Microsoft-Windows-Windows Defender/Operational: \S+\(1\d\d\d\)</prematch>
	<regex>Microsoft-Windows-Windows Defender/Operational: \S+\((\d+)\)</regex>
	<order>id</order>
</decoder>

<decoder name="Windows-defender">
    <parent>windows</parent>
    <type>windows</type>
    <regex offset="after_regex">Name: (\.*)\s+ID: (\.*)\s+Severity: (\.*)\s+Category: (\.*)\s+Path: \S+:(\.*)\s+Detection </regex>
	<order>defender.name, defender.id, defender.severity, defender.category, defender.pathfound</order>
</decoder>

<decoder name="Windows-defender">
    <parent>windows</parent>
    <type>windows</type>
    <regex offset="after_regex">Type: (\.*)\s+Detection Source: (\.*)\s+User: (\.*)\s+Process Name: (\.*.\S+)\s+Signature</regex>
	<order>defender.detectiontype, defender.detectionsource, srcuser, defender.processname</order>
</decoder>

<!--
  2017 Apr 06 06:26:01 WinEvtLog: Microsoft-Windows-Windows Defender/Operational: INFORMATION(1117): Microsoft-Windows-Windows Defender: SYSTEM: NT AUTHORITY: DESKTOP-6UOEPO5: Windows Defender has taken action to protect this machine from malware or other potentially unwanted software.   For more information please see the following:  http://go.microsoft.com/fwlink/?linkid=37020&name=Virus:DOS/EICAR_Test_File&threatid=2147519003&enterprise=0         Name: Virus:DOS/EICAR_Test_File         ID: 2147519003          Severity: Severe        Category: Virus         Path: file:_C:\Users\spiderman\Downloads\eicar.com.txt;webfile:_C:\Users\spiderman\Downloads\eicar.com.txt|http://www.eicar.org/download/eicar.com.txt|chrome.exe    Detection Origin: Internet      Detection Type: Concrete        Detection Source: Real-Time Protection          User: NT AUTHORITY\SYSTEM       Process Name: C:\Windows\System32\SearchProtocolHost.exe     Action: Quarantine      Action Status:  No additional actions required          Error Code: 0x80508023          Error description: The program could not find the malware and other potentially unwanted software on this computer.          Signature Version: AV: 1.239.892.0, AS: 1.239.892.0, NIS: 116.88.0.0    Engine Version: AM: 1.1.13601.0, NIS: 2.1.12706.0
-->
<decoder name="Windows-defender">
    <parent>windows</parent>
    <type>windows</type>
    <regex offset="after_regex">Name: (\.*)\s+ID: (\.*)\s+Severity: (\.*)\s+Category: (\.*)\s+Path:\s+\S+:(\.*);</regex>
    <order>defender.name, defender.id, defender.severity, defender.category, defender.path</order>
</decoder>

<decoder name="Windows-defender">
    <parent>windows</parent>
    <type>windows</type>
    <regex offset="after_regex">User: (\S+ \S+) | User: (\S+) </regex>
	<order>srcuser</order>
</decoder>

<decoder name="Windows-defender">
    <parent>windows</parent>
    <type>windows</type>
    <regex offset="after_regex">Process Name: (\.*.\S+)\s+Action: (\S+)</regex>
	<order>defender.processname, defender.action</order>
</decoder>

<!--
  Terminal Services

  2018 Aug 20 10:09:53 WinEvtLog: Microsoft-Windows-TerminalServices-Gateway/Operational: INFORMATION(200): Microsoft-Windows-TerminalServices-Gateway: NETWORK SERVICE: NT AUTHORITY: some-host-name: The user "someuser\somedomain", on client computer "1.2.3.4", met connection authorization policy requirements and was therefore authorized to access the RD Gateway server. The authentication method used was: "NTLM" and connection protocol used: "HTTP".
  2018 Aug 20 07:41:27 WinEvtLog: Microsoft-Windows-TerminalServices-Gateway/Operational: ERROR(201): Microsoft-Windows-TerminalServices-Gateway: NETWORK SERVICE: NT AUTHORITY: some-host-name: The user "someuser\somedomain", on client computer "1.2.3.4", did not meet connection authorization policy requirements and was therefore not authorized to access the RD Gateway server. The authentication method used was: "NTLM" and connection protocol used: "HTTP". The following error occurred: "23003".
  2018 Aug 20 07:32:33 WinEvtLog: Microsoft-Windows-TerminalServices-Gateway/Operational: INFORMATION(202): Microsoft-Windows-TerminalServices-Gateway: NETWORK SERVICE: NT AUTHORITY: some-host-name: The administrator disconnected the user "someuser\somedomain", on client computer "1.2.3.4", from the following network resource: "resourceName". Before the user was disconnected, the client transferred 149218 bytes and received 196031 bytes using HTTP connection protocol. The client session duration was 85 seconds.
  2018 Aug 20 10:09:53 WinEvtLog: Microsoft-Windows-TerminalServices-Gateway/Operational: INFORMATION(300): Microsoft-Windows-TerminalServices-Gateway: NETWORK SERVICE: NT AUTHORITY: some-host-name: The user "someuser\somedomain", on client computer "1.2.3.4", met resource authorization policy requirements and was therefore authorized to connect to resource "resourceName".
  2018 Aug 20 07:55:34 WinEvtLog: Microsoft-Windows-TerminalServices-Gateway/Operational: ERROR(301): Microsoft-Windows-TerminalServices-Gateway: NETWORK SERVICE: NT AUTHORITY: some-host-name: The user "someuser\somedomain", on client computer "1.2.3.4", did not meet resource authorization policy requirements and was therefore not authorized to resource "resourceName". The following error occurred: "23002".
  2018 Aug 20 10:09:53 WinEvtLog: Microsoft-Windows-TerminalServices-Gateway/Operational: INFORMATION(302): Microsoft-Windows-TerminalServices-Gateway: NETWORK SERVICE: NT AUTHORITY: some-host-name: The user "someuser\somedomain", on client computer "1.2.3.4", connected to resource "resourceName". Connection protocol used: "HTTP".
  2018 Aug 20 10:10:36 WinEvtLog: Microsoft-Windows-TerminalServices-Gateway/Operational: INFORMATION(303): Microsoft-Windows-TerminalServices-Gateway: NETWORK SERVICE: NT AUTHORITY: some-host-name: The user "someuser\somedomain", on client computer "1.2.3.4", disconnected from the following network resource: "resourceName". Before the user disconnected, the client transferred 1285 bytes and received 3122 bytes. The client session duration was 43 seconds. Connection protocol used: "HTTP".
  2018 Aug 21 09:49:54 WinEvtLog: Microsoft-Windows-TerminalServices-Gateway/Operational: WARNING(304): Microsoft-Windows-TerminalServices-Gateway: NETWORK SERVICE: NT AUTHORITY: some-host-name: The user "someuser\somedomain", on client computer "195.160.232.242", met connection authorization policy and resource authorization policy requirements, but could not connect to resource "resourceName". Connection protocol used: "HTTP". The following error occurred: "23005".
-->
<decoder name="TerminalServices-Gateway">
  <type>windows</type>
  <parent>windows</parent>
  <prematch>Microsoft-Windows-TerminalServices-Gateway/Operational</prematch>
  <regex>^(Microsoft-Windows-TerminalServices-Gateway/Operational): (\w+)\((\d+)\): \.+: </regex>
  <regex>(\.+): \.+: (\S+): </regex>
  <order>type, status, id, account, system_name</order>
  <fts>name, location, system_name</fts>
</decoder>

<decoder name="TerminalServices-Gateway">
    <parent>windows</parent>
    <type>windows</type>
  <regex offset="after_regex">\whe user "(\.+)", on client computer "(\.*)", </regex>
	<order>user, dstip</order>
</decoder>

<decoder name="TerminalServices-Gateway">
    <parent>windows</parent>
    <type>windows</type>
    <regex offset="after_regex">resource\p* "(\.*)"</regex>
	<order>resource</order>
</decoder>

<decoder name="TerminalServices-Gateway">
    <parent>windows</parent>
    <type>windows</type>
    <regex offset="after_regex">method used was: "(\.*)"</regex>
	<order>auth_method</order>
</decoder>

<decoder name="TerminalServices-Gateway">
    <parent>windows</parent>
    <type>windows</type>
    <regex offset="after_regex">protocol used: "(\.*)"</regex>
	<order>protocol</order>
</decoder>

<decoder name="TerminalServices-Gateway">
    <parent>windows</parent>
    <type>windows</type>
    <regex offset="after_regex">using (\.*) connection protocol.</regex>
	<order>protocol</order>
</decoder>

<decoder name="TerminalServices-Gateway">
    <parent>windows</parent>
    <type>windows</type>
    <regex offset="after_regex">error occurred: "(\.*)"</regex>
	<order>error_code</order>
</decoder>

<!--
  Windows generic
  2013 Oct 09 17:09:04 WinEvtLog: Application: INFORMATION(1): My Script: (no user): no domain: demo1.foo.example.com: test
  fts:
  2016 Oct 14 11:44:25 WinEvtLog: Security: AUDIT_SUCCESS(528): Microsoft-Windows-Security-Auditing: homer: no domain: my.domain.com: A handle
  2016 Oct 14 11:44:25 WinEvtLog: Security: AUDIT_SUCCESS(528): Microsoft-Windows-Security-Auditing: bart: no domain: my.domain.com: A handle
-->
<decoder name="windows_fields">
  <type>windows</type>
  <parent>windows</parent>
  <prematch>\s</prematch>
  <regex offset="after_parent">^(\.+): (\w+)\((\d+)\): (\.+): </regex>
  <regex>(\.+): \.+: (\S+): </regex>
  <order>type, status, id, extra_data, user, system_name</order>
  <fts>name, location, user, system_name</fts>
</decoder>

<!--
  General:
  2016 Oct 14 11:44:25 WinEvtLog: Security: AUDIT_SUCCESS(4656): Microsoft-Windows-Security-Auditing: (no user): no domain: my.domain.com: A handle to an object was requested. Subject:  Security ID:  S-1-5-21-4109284664-1754905691-1510191782-1615  Account Name:  snaowpc  Account Domain:  DEV  Logon ID:  0x2054e3a2  Object:  Object Server:  Security  Object Type:  File  Object Name:  C:\ossec_test\test_file.txt  Handle ID:  0x15d4  Process Information: Process ID:  0  Process Name:  0xbd0  Access Request Information:  Transaction ID:  {00000000-0000-0000-0000-000000000000}  Accesses:  %%1541      %%4423       Access Mask:  %%1541: %%1801     D:(A;ID;FA;;;S-1-5-21-4109284664-1754905691-1510191782-1615)      %%4423: %%1801 D:(A;ID;FA;;;S-1-5-21-4109284664-1754905691-1510191782-1615)       Privileges Used for Access Check: 0x100080  Restricted SID Count: -

  General with '-':
  2016 Oct 14 11:44:25 WinEvtLog: Security: AUDIT_SUCCESS(4656): Microsoft-Windows-Security-Auditing: (no user): no domain: my.domain.com: A handle to an object was requested. Subject:  Security ID:  S-1-5-21-4109284664-1754905691-1510191782-1615  Account Name:  -  Account Domain:  -  Logon ID:  0x2054e3a2  Object:  Object Server:  Security  Object Type:  File  Object Name:  C:\ossec_test\test_file.txt  Handle ID:  0x15d4  Process Information: Process ID:  0  Process Name:  0xbd0  Access Request Information:  Transaction ID:  {00000000-0000-0000-0000-000000000000}  Accesses:  %%1541      %%4423       Access Mask:  %%1541: %%1801     D:(A;ID;FA;;;S-1-5-21-4109284664-1754905691-1510191782-1615)      %%4423: %%1801 D:(A;ID;FA;;;S-1-5-21-4109284664-1754905691-1510191782-1615)       Privileges Used for Access Check: 0x100080  Restricted SID Count: -

  Tabs:
  2016 Oct 14 11:44:25 WinEvtLog: Security: AUDIT_SUCCESS(4656): Microsoft-Windows-Security-Auditing: (no user): no domain: my.domain.com: A handle to an object was requested. Subject:	Security ID:	S-1-5-21-4109284664-1754905691-1510191782-1615	Account Name:	snaowpc	Account Domain:	DEV	Logon ID:	0x2054e3a2	Object:	Object Server:	Security	Object Type:	File	Object Name:	C:\ossec_test\test_file.txt	Handle ID:	0x15d4	Process Information: Process ID:	0	Process Name:	0xbd0	Access Request Information:	Transaction ID:	{00000000-0000-0000-0000-000000000000}	Accesses:	%%1541			%%4423			 Access Mask:	%%1541: %%1801		 D:(A;ID;FA;;;S-1-5-21-4109284664-1754905691-1510191782-1615)			%%4423: %%1801 D:(A;ID;FA;;;S-1-5-21-4109284664-1754905691-1510191782-1615)			 Privileges Used for Access Check: 0x100080	Restricted SID Count: -

  Subject:
  2017 Apr 18 17:30:52 WinEvtLog: Security: AUDIT_FAILURE(4625): Microsoft-Windows-Security-Auditing: (no user): no domain: WIN-1: An account failed to log on. Subject: Security ID: S-1-5-10 Account Name: WIN-1$ Account Domain: WORKGROUP Logon ID: 0x3E7 Logon Type: 10 Account For Which Logon Failed: Security ID: S-1-0-0 Account Name: Santiago Account Domain: test2 Failure Information: Failure Reason: Unknown user name or bad password. Status: 0xC000006D Sub Status: 0xC0000064 Process Information: Caller Process ID: 0xb50 Caller Process Name: C:\Windows\System32\winlogon.exe Network Information: Workstation Name: WIN-1 Source Network Address: 17.217.25.247 Source Port: 0 Detailed Authentication Information: Logon Process: User32 Authentication Package: Negotiate Transited Services: - Package Name (NTLM only): - Key Length: 0 This event is generated when a logon request fails. It.
  2017 Jun 10 12:34:01 WinEvtLog: Security: AUDIT_SUCCESS(4740): Microsoft-Windows-Security-Auditing: (no user): no domain: SERVER.mydomain.local: 0x8000000000000000    message: A user account was locked out.  Subject:  Security ID:  S-1-5-18  Account Name:  SERVER$  Account Domain:  MYDOMAIN  Logon ID:  0x3e7  Account That Was Locked Out:  Security ID:  S-1-5-21-1634102539-605432415-635521153-12345  Account Name:  user_account_name  Additional Information:  Caller Computer Name: OTHERSERVER
-->
<decoder name="windows_fields">
  <type>windows</type>
  <parent>windows</parent>
  <regex>Subject\s*:\t*\s*Security ID:\t*\s*(\S\S+)\t*\s*Account Name:\t*\s*(\S\S+)\t*\s*Account Domain:\t*\s*(\S\S+)\t*\s*Logon ID:\t*\s*(\S\S+)</regex>
  <order>subject.security_id, subject.account_name, subject.account_domain, subject.logon_id</order>
</decoder>

<decoder name="windows_fields">
  <type>windows</type>
  <parent>windows</parent>
  <regex offset="after_regex">Security ID:\t*\s*(\S\S+)</regex>
  <order>security_id</order>
</decoder>

<decoder name="windows_fields">
  <type>windows</type>
  <parent>windows</parent>
  <regex offset="after_regex">Account Name:\t*\s*(\S\S+)</regex>
  <order>account_name</order>
</decoder>

<decoder name="windows_fields">
  <type>windows</type>
  <parent>windows</parent>
  <regex offset="after_regex">Account Domain:\t*\s*(\S\S+)\t*\s*</regex>
  <order>account_domain</order>
</decoder>

<decoder name="windows_fields">
  <type>windows</type>
  <parent>windows</parent>
  <regex>Logon Type:\t*\s*(\S+)</regex>
  <order>logon_type</order>
</decoder>

<decoder name="windows_fields">
  <type>windows</type>
  <parent>windows</parent>
  <regex>Caller Computer Name:\t*\s*(\S+)</regex>
  <order>caller_computer</order>
</decoder>

<decoder name="windows_fields">
  <type>windows</type>
  <parent>windows</parent>
  <regex>Accesses:\s+(\.+)\s+Access Mask:|Accesses:\t+(\.+)Access Mask:</regex>
  <order>accesses</order>
</decoder>

<decoder name="windows_fields">
  <type>windows</type>
  <parent>windows</parent>
  <regex>File\s+Object Name:\s+(\w\.+)\s+Handle ID:|File\t+Object Name:\t+(\w\.+)\t+Handle ID:</regex>
  <order>target_file</order>
</decoder>

<!--
  2016 Oct 20 09:42:00 WinEvtLog: Security: AUDIT_SUCCESS(4656): Microsoft-Windows-Security-Auditing: (no user): no domain: snaowpc: A handle to an object was requested.    Subject:   Security ID:  S-1-5-21-466511811-1859800458-3340017162-1001   Account Name:  Pedro   Account Domain:  snaowpc   Logon ID:  0x1274A0BE    Object:   Source Network Address: 10.0.0.4 Object Server:  Security   Object Type:  File   Object Name:  C:\ossec_test\perro1 - copia (2).txt   Handle ID:  0x1dd0 Resource Attributes: -    Process Information:   Process ID:  0x1024   Process Name:  C:\Windows\explorer.exe    Access Request Information:   Transaction ID:  {00000000-0000-0000-0000-000000000000}   Accesses:  DELETE      READ_CONTROL      WRITE_DAC      SYNCHRONIZE      ReadData (or ListDirectory)      WriteData (or AddFile)      AppendData (or AddSubdirectory or CreatePipeInstance)      ReadEA      WriteEA      ReadAttributes      Write Attributes         Access Reasons:  -   Access Mask:  0x17019F   Privileges Used for Access Check: -   Restricted SID Count: 0
  2016 Oct 20 09:42:00 WinEvtLog: Security: AUDIT_SUCCESS(4656): Microsoft-Windows-Security-Auditing: (no user): no domain: snaowpc: A handle to an object was requested.    Subject:   Security ID:  S-1-5-21-466511811-1859800458-3340017162-1001   Account Name:  Pedro   Account Domain:  snaowpc   Logon ID:  0x1274A0BE    Object:   Source Network Address: - Object Server:  Security   Object Type:  File   Object Name:  C:\ossec_test\perro1 - copia (2).txt   Handle ID:  0x1dd0 Resource Attributes: -    Process Information:   Process ID:  0x1024   Process Name:  C:\Windows\explorer.exe    Access Request Information:   Transaction ID:  {00000000-0000-0000-0000-000000000000}   Accesses:  DELETE      READ_CONTROL      WRITE_DAC      SYNCHRONIZE      ReadData (or ListDirectory)      WriteData (or AddFile)      AppendData (or AddSubdirectory or CreatePipeInstance)      ReadEA      WriteEA      ReadAttributes      Write Attributes         Access Reasons:  -   Access Mask:  0x17019F   Privileges Used for Access Check: -   Restricted SID Count: 0
-->
<decoder name="windows_fields">
  <type>windows</type>
  <parent>windows</parent>
  <regex>Source Network Address:\t*\s*(\S+.\S+.\S+.\S+)|Source Network Address:\t*\s*(\S*:\S*:\S*:\S*:\S*:\S*:\S*:\S*)|[CLIENT: (\S+\d)]</regex>
  <order>srcip</order>
</decoder>

<!--
  Windows decoder -NTsyslog format
  Will extract extra_data (as win source),action (as win category), id,
  username and computer name (as url).
  Examples:
  security[failure] 577 IBM17M\Jeremy Lee  Privileged Service Called:  Server:Security  Service:-  Primary User Name:IBM17M$  Primary Domain:LEETHERNET  Primary Logon ID:(0x0,0x3E7)  Client User Name:Jeremy Lee  Client Domain:IBM17M  Client Logon ID:(0x0,0x1447F)  Privileges:SeSecurityPrivilege
  security[success] 528 IBM17M\Jeremy Lee  Successful Logon:  User Name:Jeremy Lee  Domain:IBM17M  Logon ID:(0x0,0x3A2E471)  Logon Type:2  Logon Process:User32    Authentication Package:Negotiate  Workstation Name:IBM17M  Logon GUID: {00000000-0000-0000-0000-000000000000}
-->
<decoder name="windows-ntsyslog">
  <type>windows</type>
  <prematch>^security[\w+] \d+ </prematch>
  <regex>^(\w+)[(\w+)] (\d+) </regex>
  <order>extra_data, status, id</order>
</decoder>

<!--
  Windows decoder - Snare format.
  Will extract extra_data (as win source), action (as category), id,
  username and computer name (as system_name).

  These logs must be tab-separated (as specified in the Snare format)

  Examples:
  Aug 11 11:11:11 xx.org MSWinEventLog  1       System 59221    Thu Aug 11 01:11:11 2006        17      Windows Update Agent    Unknown User
  Jan 16 05:52:15 hostname.xx.org MSWinEventLog 1
  Security        13049   Tue Jan 16 05:52:15 2007        680     Security
  SYSTEM  User    Success Audit   ACTUATE Account Logon
  Account Used for Logon by: MICROSOFT_AUTHENTICATION_PACKAGE_V1_0
  Account Name:     IUSR_HOSTNAME    Workstation:      ACTUATE
  12653
  Jan 16 13:02:24 hostname.yy.org MSWinEventLog 1
  Application     14539   Tue Jan 16 13:02:24 2007        1704    SceCli
  Unknown User    N/A     Information     ACTUATE None      Security
  policy in the Group policy objects are applied successfully.    67
  Jan 16 15:41:37 hostname.zz.org MSWinEventLog 1       System
  15059   Tue Jan 16 15:41:37 2007        10      Print   username User
  Information     HOSTNAME None            Document 76,
  /directory/directory/directory/directory/directory/date/Afilename owned
  by username was printed on hostname_duplex via port hostname_duplex.
  Size in bytes: 19543296; pages printed: 162        361
-->
<decoder name="windows-snare">
  <type>windows</type>
  <prematch>^MSWinEventLog\t\d\t\.+\t\d+\t\w\w\S+ \w\w\w \d\d \d\d</prematch>
  <regex offset="after_prematch">^:\d\d:\d\d \d\d\d\d\t(\d+)\t(\.+)</regex>
  <regex>\t(\.+)\t\.+\t(\.+)\t(\.+)\t</regex>
  <order>id, extra_data, user, status, system_name</order>
  <fts>name, id, location, user, system_name</fts>
</decoder>
