<!--
  -  Identity Guard decoders
  -  Created by Wazuh, Inc.
  -  Copyright (C) 2015, Wazuh Inc.
  -  This program is a free software; you can redistribute it and/or modify it under the terms of GPLv2.
-->

<decoder name="identity_guard">
     <prematch> [IG Audit Writer] </prematch>
</decoder>

<!--
[2017-04-10 10:23:20,361] [IG Audit Writer] [INFO ] [IG.AUDIT] [AUD6001] [web/test] User web/test failed authentication. Authentication Type: PASSWORD, Default Password: true, Remote Address: 10.10.10.10
-->

<decoder name="identity_guard-aud6001">
    <parent>identity_guard</parent>
    <prematch offset="after_parent">[AUD6001]</prematch>
    <regex offset="after_parent">^[(\.+)] [\.+] [(\.+)] [\.+] User (\S+) failed authentication. Authentication Type: (\S+), Default Password: (\S+), Remote Address: (\d+.\d+.\d+.\d+)</regex>
    <order>identity_guard.type,identity_guard.id,srcuser,identity_guard.authenticationtype,identity_guard.defaultpassword,srcip</order>
</decoder>

<decoder name="identity_guard-generic">
    <parent>identity_guard</parent>
    <regex offset="after_parent">^[(\.+)] [\.+] [(\.+)] [(\.+)] </regex>
    <order>identity_guard.type,identity_guard.id,srcuser</order>
</decoder>
