<!--
  -  vshell decoders
  -  Author: Stephen Hill.
  -  Updated by Wazuh, Inc.
  -  Copyright (C) 2015, Wazuh Inc.
  -  This program is a free software; you can redistribute it and/or modify it under the terms of GPLv2.
-->

<!--
  - example log file:
  - 2017-05-25 03:01:24 VShellSSH2 conn 55 10.64.32.61 55995 - - - 0 0 0 0 172.20.4.237 22 "00055: Connection accepted from 10.64.32.61:55995"
  - 2017-05-24 00:00:09 VShellSSH2 auth 44268 - - root - - 0 0 0 0 - - "44268: Authentication for root failed: Logon failure: unknown user name or bad password."
  - 2017-05-24 00:00:10 VShellSSH2 dbg 44269 116.31.116.28 15482 - - - 0 0 0 0 - - "44269: Connection from 116.31.116.28 rejected by Deny Hosts file 'C:\Program Files\VanDyke Software\VShell\Deny\deny.txt'"
  - 2017-05-24 00:04:45 VShellSSH2 auth 44286 213.86.218.94 59858 j_biggles - - 0 0 0 0 - - "44286: password for user j_biggles accepted"

  - Requires a new local file definition in the ossec agent config.
  - Example:
  - <localfile>
     <location>D:\VShell_Logs\%Y%m%d.log</location>
     <log_format>syslog</log_format>
   </localfile>
-->
<decoder name="vshell-rejected">
  <parent>windows-date-format</parent>
  <prematch>VShellSSH2 dbg </prematch>
  <regex offset="after_prematch">(\d+.\d+.\d+.\d+) rejected by Deny Hosts file </regex>
  <order>srcip</order>
</decoder>

<decoder name="vshell-accepted">
  <parent>windows-date-format</parent>
  <prematch>VShellSSH2 conn </prematch>
  <regex offset="after_prematch">accepted from (\S+):(\S+)</regex>
  <order>srcip, srcport</order>
</decoder>

<decoder name="vshell-logon">
  <parent>windows-date-format</parent>
  <prematch>VShellSSH2 auth </prematch>
  <regex offset="after_prematch">Authentication for (\S+) failed|password for user (\S+) accepted</regex>
  <order>dstuser</order>
</decoder>
