<!--
  -  OpenVAS decoders
  -  Author: Christian Fischer.
  -  Updated by Wazuh, Inc.
  -  Copyright (C) 2015, Wazuh Inc.
  -  This program is a free software; you can redistribute it and/or modify it under the terms of GPLv2.
-->

<!--
- Will extract username, src IP and log level from the logs, when available.

- Examples gsad.log:
gsad main:MESSAGE:2018-02-09 16h18.44 utc:4001: Starting GSAD version 7.0.2
gsad main:WARNING:2018-02-09 16h41.24 UTC:4001: MHD: Error: received handshake message out of context
gsad main:WARNING:2018-02-09 16h59.16 UTC:4001: Authentication failure for 'admin' from 192.168.0.1
gsad main:WARNING:2018-02-09 16h59.46 utc:10704: Authentication success for 'admin' from 192.168.0.1

- Examples GSA syslog:
Mar 10 09:54:53 hostname gsad main[8990]: Starting GSAD version 7.0.2
Mar 10 10:05:59 hosthane gsad main[8990]: Authentication failure for 'admin' from 192.168.0.1

- Examples openvasmd.log:
md   main:MESSAGE:2018-02-09 16h35.09 utc:4523:    OpenVAS Manager version 7.0.2 (DB revision 184)
md manage:   INFO:2018-02-09 16h35.09 utc:4523:    Checking alerts.
md    otp:MESSAGE:2018-02-09 16h36.54 utc:4763: Waiting for scanner to load NVTs: 57100 / 58651.
md   main:   INFO:2018-02-09 16h37.04 utc:4790: update_or_rebuild_nvt_cache: Rebuilding NVT cache
md   main:   INFO:2018-02-09 16h37.06 utc:4790:    Updating NVT cache.
event task:MESSAGE:2018-02-09 16h40.59 UTC:4853: Status of task 192.168.0.0/24 (ee321d99-987b-4617-e661-c1bb812124e4) has changed to Requested
event task:MESSAGE:2018-02-09 16h41.00 UTC:4853: Task 192.168.0.0/24 (ee321d99-987b-4617-e661-c1bb812124e4) has been requested to start by admin
event task:MESSAGE:2018-02-09 16h41.12 UTC:4855: Status of task 192.168.0.0/24 (ee321d99-987b-4617-e661-c1bb812124e4) has changed to Running
md    omp:WARNING:2018-02-09 16h59.14 utc:29296: Authentication failure for 'admin' from fda2:3ab6:adf4:aa2a::0
md    omp:WARNING:2018-02-09 16h59.16 utc:29301: Authentication failure for 'admin' from fda2:3ab6:adf4:aa2a::0
event task:MESSAGE:2018-02-09 18h07.38 UTC:4855: Status of task 192.168.0.0/24 (ee321d99-987b-4617-e661-c1bb812124e4) has changed to Done
event alert:MESSAGE:2018-02-09 18h07.38 UTC:4855: The alert Finished for task 192.168.0.0/24 was triggered (Event: Task status changed to 'Done', Condition: Always)

- Examples openvasmd syslog:
Mar 10 09:54:53 hostname md   main[8971]:    OpenVAS Manager version 7.0.2 (DB revision 184)
Mar 10 09:57:36 hostname md   main[9052]: rebuild_nvt_cache_retry: Reloading NVT cache
Mar 10 09:57:36 hostname md   main[9054]: update_or_rebuild_nvt_cache: Rebuilding NVT cache
Mar 10 09:57:39 hostname md   main[9054]:    Updating NVT cache.
Mar 10 09:57:40 hostname md    otp[9054]: Waiting for scanner to load NVTs: 23950 / 59254.
Mar 10 10:05:59 hostname md    omp[9140]: Authentication failure for 'admin' from fda2:3ab6:adf4:aa2a::0

- Examples openvassd.messages
[Fri Feb  9 16:24:52 2018][3963] openvassd 5.1.1 started
[Fri Feb  9 16:36:39 2018][3963] Reloading the scanner.
[Fri Feb  9 16:36:55 2018][3963] Finished reloading the scanner.
[Fri Feb  9 16:37:29 2018][4807] Client not present
[Fri Feb  9 16:41:18 2018][4854] Starts a new scan. Target(s) : 192.168.0.0/24, with max_hosts = 5 and max_checks = 4
[Fri Feb  9 16:41:18 2018][4854] exclude_hosts: Skipped 0 host(s).
[Fri Feb  9 16:41:18 2018][4854] Testing example.com (192.168.0.1) [4866]
[Fri Feb  9 16:46:32 2018][4868] Finished testing 192.168.0.1. Time : 313.23 secs
[Fri Feb  9 18:07:09 2018][4854] Test complete
[Fri Feb  9 18:07:09 2018][4854] Total time to scan all hosts : 5159 seconds
[Sat Feb 10 05:18:06 2018][3963] Received the Terminated signal
-->

<decoder name="gsad">
  <program_name>^gsad</program_name>
</decoder>

<decoder name="gsad">
  <prematch>^gsad\s*main:\s*\w+:\w+|^gsad\s*omp:\s*\w+:\w+|^gsad\s+xslt:\s+\w+:\w+|^gsad\s+base:\s+\w+:\w+|^gsad\s+vali:\s+\w+:\w+</prematch>
</decoder>

<decoder name="gsad-auth-failed">
  <parent>gsad</parent>
  <prematch>Authentication failure for '</prematch>
  <regex offset="after_prematch">^(\.+)' from (\S+)</regex>
  <order>user, srcip</order>
</decoder>

<decoder name="gsad-auth-success">
  <parent>gsad</parent>
  <prematch>Authentication success for '</prematch>
  <regex offset="after_prematch">^(\.+)' from (\S+)</regex>
  <order>user, srcip</order>
</decoder>

<decoder name="gsad-loglevel">
  <parent>gsad</parent>
  <prematch>main:\s*|omp:\s*|xslt:\s*</prematch>
  <regex offset="after_prematch">^(\w+):</regex>
  <order>status</order>
</decoder>

<decoder name="openvasmd">
  <program_name>^md$</program_name>
</decoder>

<decoder name="openvasmd">
  <prematch>^md\s*main:\s*\w+:\w+|^md\s*omp:\s*\w+:\w+|^md\s*otp:\s*\w+:\w+|^md\s+comm:\s+\w+:\w+|^md\s+crypt:\s+\w+:\w+|^md\s+manage:\s+\w+:\w+</prematch>
</decoder>

<decoder name="openvasmd">
  <prematch>^event\s*\w+:\s*\w+:\d\d\d\d-\d\d-\d\d \d\dh\d\d.\d\d UTC:\d+: </prematch>
</decoder>

<decoder name="openvasmd-auth-failed">
  <parent>openvasmd</parent>
  <prematch>Authentication failure for '</prematch>
  <regex offset="after_prematch">^(\.+)' from (\S+)</regex>
  <order>user, srcip</order>
</decoder>

<decoder name="openvasmd-loglevel">
  <parent>openvasmd</parent>
  <prematch>^md\s*\w+:|^event\s*\w+:</prematch>
  <regex offset="after_prematch">^\s*(\w+):</regex>
  <order>status</order>
</decoder>

<decoder name="openvassd">
  <program_name>^openvassd</program_name>
</decoder>
