<!--
  -  Pfsense firewall decoders
  -  Author Mark Alston
  -  Updated by Wazuh, Inc.
  -  Copyright (C) 2015, Wazuh Inc.
  -  This program is a free software; you can redistribute it and/or modify it under the terms of GPLv2.
-->

<!--
- Will extract src IP, src Port, dst IP, dst Port, Protocol and action from the pfsense logs, when available.
-->

<!-- PFSENSE
Nov  8 12:37:34 pfSense filterlog: 5,,,1000102433,em0,match,block,in,4,0x0,,128,24677,0,none,17,udp,186,10.9.0.119,10.9.0.255,17500,17600,166
Jan 22 18:34:00 filterlog: 65,,,0,vmx1,match,pass,out,4,0x0,,63,21011,0,none,1,icmp,56,192.168.105.11,192.168.105.1,datalength=36 
 -->
<decoder name="pf">
  <program_name>filterlog</program_name>
</decoder>

<decoder name="pf-fields">
  <parent>pf</parent>
  <regex>^\S*,\S*,\S*,(\S*),\S*,\S*,(\S*),</regex>
  <order>id,action</order>
</decoder>

<decoder name="pf-fields">
  <parent>pf</parent>
  <regex offset="after_regex">\S*,\S*,\S*,\S*,\S*,\S*,\S*,\S*,\S*,(\S*),\S*,(\S*),(\S*),</regex>
  <order>protocol,srcip,dstip</order>
</decoder>

<decoder name="pf-fields">
  <parent>pf</parent>
  <regex offset="after_regex">(\d*),(\d*),\S*</regex>
  <order>srcport,dstport</order>
</decoder>

<decoder name="pf-fields">
  <parent>pf</parent>
  <regex offset="after_regex">datalength=(\S*)|(\d*)</regex>
  <order>length</order>
</decoder>
