<!--
  -  Panda Advanced Protection Service (PAPS) decoders
  -  Created by Wazuh, Inc.
  -  Copyright (C) 2015, Wazuh Inc.
  -  This program is a free software; you can redistribute it and/or modify it under the terms of GPLv2.
-->

<!--
LEEF:1.0|Panda Security|paps|02.47.00.0000|registrym|sev=1	devTime=2019-05-09 22:01:23.255825	devTimeFormat=yyyy-MM-dd HH:mm:ss.SSS	usrName=SYSTEM	domain=NT AUTHORITY	src=10.255.44.11	identSrc=10.255.44.11	identHostName=44_CCO_11	HostName=44_CCO_11	MUID=D877F2C4C4000A9BF39F1710CA787291	Op=ModifyExeKey	Hash=F6494E7C35B6514A3AD74E27435F3141	DriveType=Fixed	Path=PROGRAM_FILESX86|\LANDesk\LDClient\hips\LDSecSvc64.EXE	ValidSig=true	Company=LANDESK Software, Inc. and its affiliates.	Broken=true	ImageType=EXE 64	ExeType=Unknown	Prevalence=Low	PrevLastDay=Low	Cat=Goodware	MWName=	TargetPath=3|PROGRAM_FILESX86|\LANDesk\LDClient\LDdrives.exe
LEEF:1.0|Panda Security|paps|02.47.00.0000|registrym|sev=1	devTime=2019-05-09 22:01:23.255825	devTimeFormat=yyyy-MM-dd HH:mm:ss.SSS	usrName=SYSTEM	domain=NT AUTHORITY	src=10.255.44.11	identSrc=10.255.44.11	identHostName=44_CCO_11	HostName=44_CCO_11	MUID=D877F2C4C4000A9BF39F1710CA787291	Op=ModifyExeKey	Hash=F6494E7C35B6514A3AD74E27435F3141	DriveType=Fixed	Path=PROGRAM_FILESX86|\LANDesk\LDClient\hips\LDSecSvc64.EXE	ValidSig=true	Company=LANDESK Software, Inc. and its affiliates.	Broken=true	ImageType=EXE 64	ExeType=Unknown	Prevalence=Low	PrevLastDay=Low	Cat=Goodware	MWName=	TargetPath=3|PROGRAM_FILESX86|\LANDesk\LDClient\LDdrives.exe
LEEF:1.0|Panda Security|paps|02.47.00.0000|registrym|sev=1	devTime=2019-05-09 22:03:58.692466	devTimeFormat=yyyy-MM-dd HH:mm:ss.SSS	usrName=SYSTEM	domain=NT AUTHORITY	src=192.168.0.8	identSrc=192.168.0.8	identHostName=13_2595_43	HostName=13_2595_43	MUID=6C6A0D57714FE5B6D72BA0EC0E46D71B	Op=ModifyExeKey	Hash=E60A27AAEB184AABD9C92C513B27F98A	DriveType=Fixed	Path=PROGRAM_FILES_COMMONX86|\Quest\Privilege Manager\Client\CSEHost.exe	ValidSig=true	Company=Quest Software Inc.	Broken=false	ImageType=EXE 32	ExeType=Unknown	Prevalence=Medium	PrevLastDay=Low	Cat=Goodware	MWName= TargetPath=3|PROGRAM_FILES_COMMONX86|\Quest\Privilege Manager\Client\GPEEventMsgFile.dll
LEEF:1.0|Panda Security|paps|02.47.00.0000|exec|sev=4	devTime=2019-05-09 22:00:57.880187	devTimeFormat=yyyy-MM-dd HH:mm:ss.SSS	usrName=SYSTEM	domain=NT AUTHORITY	src=11.22.33.44	identSrc=11.22.33.44	identHostName=44_CCO_11	HostName=44_CCO_11	MUID=D877F2C4C4000A9BF39F1710CA787291	Op=Exec	ParentHash=48EC9174FEFFDB93AD78D8F201BB5FE0	ParentDriveType=Fixed	ParentPath=PROGRAM_FILESX86|\LANDesk\LDClient\LocalSch.EXE	ParentValidSig=true	ParentCompany=LANDESK Software, Inc. and its affiliates.	ParentBroken=false	ParentImageType=EXE 32	ParentExeType=Unknown	ParentPrevalence=Medium	ParentPrevLastDay=Low	ParentCat=Goodware	ParentMWName=	ChildHash=922D954FC6A872B8C482A384D663E823	ChildDriveType=Fixed	ChildPath=PROGRAM_FILESX86|\LANDesk\LDClient\PWMCfg.exe	ChildValidSig=	ChildCompany=LANDESK Software, Inc. and its affiliates.	ChildBroken=false	ChildImageType=EXE 32	ChildExeType=Unknown	ChildPrevalence=Medium	ChildPrevLastDay=Low	ChildCat=Goodware	ChildMWName=	OCS_Exec=false	OCS_Name=	OCS_Version=	Params="C:\Program Files (x86)\LANDesk\LDClient\PWMCfg.exe" /set	ToastResult=	Action=Allow	ServiceLevel=Hardening	WinningTech=Cloud	DetId=0
-->

<decoder name="paps">
  <prematch>^LEEF:\.*\|Panda Security\|paps\|\.*\|\.*\|</prematch>
</decoder>

<decoder name="paps">
  <parent>paps</parent>
  <regex>^LEEF:(\.*)\|(\.*)\|(\.*)\|(\.*)\|(\.*)\|sev=(\d+)</regex>
  <order>LEEFversion,Vendor,Product,ProductVersion,EventID,Severity</order>
</decoder>

<decoder name="paps">
  <parent>paps</parent>
  <regex>devTime=(\.*)\t|devTime=(\.*)$</regex>
  <order>devTime</order>
</decoder>

<decoder name="paps">
  <parent>paps</parent>
  <regex>devTimeFormat=(\.*)\t|devTimeFormat=(\.*)$</regex>
  <order>devTimeFormat</order>
</decoder>

<decoder name="paps">
  <parent>paps</parent>
  <regex>usrName=(\.*)\t|usrName=(\.*)$</regex>
  <order>usrName</order>
</decoder>

<decoder name="paps">
  <parent>paps</parent>
  <regex>domain=(\.*)\t|domain=(\.*)$</regex>
  <order>domain</order>
</decoder>

<decoder name="paps">
  <parent>paps</parent>
  <regex>src=(\.*)\t|src=(\.*)$</regex>
  <order>src</order>
</decoder>

<decoder name="paps">
  <parent>paps</parent>
  <regex>identSrc=(\.*)\t|identSrc=(\.*)$</regex>
  <order>identSrc</order>
</decoder>

<decoder name="paps">
  <parent>paps</parent>
  <regex>identHostName=(\.*)\t|identHostName=(\.*)$</regex>
  <order>identHostName</order>
</decoder>

<decoder name="paps">
  <parent>paps</parent>
  <regex>1NFI=(\.*)\t|1NFI=(\.*)$</regex>
  <order>1NFI</order>
</decoder>

<decoder name="paps">
  <parent>paps</parent>
  <regex>1NMW=(\.*)\t|1NMW=(\.*)$</regex>
  <order>1NMW</order>
</decoder>

<decoder name="paps">
  <parent>paps</parent>
  <regex>AVDets=(\.*)\t|AVDets=(\.*)$</regex>
  <order>AVDets</order>
</decoder>

<decoder name="paps">
  <parent>paps</parent>
  <regex>Action=(\.*)\t|Action=(\.*)$</regex>
  <order>Action</order>
</decoder>

<decoder name="paps">
  <parent>paps</parent>
  <regex>Broken=(\.*)\t|Broken=(\.*)$</regex>
  <order>Broken</order>
</decoder>

<decoder name="paps">
  <parent>paps</parent>
  <regex>BytesReceived=(\.*)\t|BytesReceived=(\.*)$</regex>
  <order>BytesReceived</order>
</decoder>

<decoder name="paps">
  <parent>paps</parent>
  <regex>BytesSent=(\.*)\t|BytesSent=(\.*)$</regex>
  <order>BytesSent</order>
</decoder>

<decoder name="paps">
  <parent>paps</parent>
  <regex>Cat=(\.*)\t|Cat=(\.*)$</regex>
  <order>Cat</order>
</decoder>

<decoder name="paps">
  <parent>paps</parent>
  <regex>CfgSvcLevel=(\.*)\t|CfgSvcLevel=(\.*)$</regex>
  <order>CfgSvcLevel</order>
</decoder>

<decoder name="paps">
  <parent>paps</parent>
  <regex>Parent1NFI=(\.*)\t|Parent1NFI=(\.*)$</regex>
  <order>Parent1NFI</order>
</decoder>

<decoder name="paps">
  <parent>paps</parent>
  <regex>Parent1NMW=(\.*)\t|Parent1NMW=(\.*)$</regex>
  <order>Parent1NMW</order>
</decoder>

<decoder name="paps">
  <parent>paps</parent>
  <regex>ParentAVDets=(\.*)\t|ParentAVDets=(\.*)$</regex>
  <order>ParentAVDets</order>
</decoder>

<decoder name="paps">
  <parent>paps</parent>
  <regex>ParentBroken=(\.*)\t|ParentBroken=(\.*)$</regex>
  <order>ParentBroken</order>
</decoder>

<decoder name="paps">
  <parent>paps</parent>
  <regex>ParentCat=(\.*)\t|ParentCat=(\.*)$</regex>
  <order>ParentCat</order>
</decoder>

<decoder name="paps">
  <parent>paps</parent>
  <regex>ParentClass=(\.*)\t|ParentClass=(\.*)$</regex>
  <order>ParentClass</order>
</decoder>

<decoder name="paps">
  <parent>paps</parent>
  <regex>ParentCompany=(\.*)\t|ParentCompany=(\.*)$</regex>
  <order>ParentCompany</order>
</decoder>

<decoder name="paps">
  <parent>paps</parent>
  <regex>ParentDriveType=(\.*)\t|ParentDriveType=(\.*)$</regex>
  <order>ParentDriveType</order>
</decoder>

<decoder name="paps">
  <parent>paps</parent>
  <regex>ParentExeType=(\.*)\t|ParentExeType=(\.*)$</regex>
  <order>ParentExeType</order>
</decoder>

<decoder name="paps">
  <parent>paps</parent>
  <regex>ParentFlags=(\.*)\t|ParentFlags=(\.*)$</regex>
  <order>ParentFlags</order>
</decoder>

<decoder name="paps">
  <parent>paps</parent>
  <regex>ParentHash=(\.*)\t|ParentHash=(\.*)$</regex>
  <order>ParentHash</order>
</decoder>

<decoder name="paps">
  <parent>paps</parent>
  <regex>ParentHeurFI=(\.*)\t|ParentHeurFI=(\.*)$</regex>
  <order>ParentHeurFI</order>
</decoder>

<decoder name="paps">
  <parent>paps</parent>
  <regex>ParentImageType=(\.*)\t|ParentImageType=(\.*)$</regex>
  <order>ParentImageType</order>
</decoder>

<decoder name="paps">
  <parent>paps</parent>
  <regex>ParentJIDFI=(\.*)\t|ParentJIDFI=(\.*)$</regex>
  <order>ParentJIDFI</order>
</decoder>

<decoder name="paps">
  <parent>paps</parent>
  <regex>ParentJIDMW=(\.*)\t|ParentJIDMW=(\.*)$</regex>
  <order>ParentJIDMW</order>
</decoder>

<decoder name="paps">
  <parent>paps</parent>
  <regex>ParentMWName=(\.*)\t|ParentMWName=(\.*)$</regex>
  <order>ParentMWName</order>
</decoder>

<decoder name="paps">
  <parent>paps</parent>
  <regex>ParentPID=(\.*)\t|ParentPID=(\.*)$</regex>
  <order>ParentPID</order>
</decoder>

<decoder name="paps">
  <parent>paps</parent>
  <regex>ParentPath=(\.*)\t|ParentPath=(\.*)$</regex>
  <order>ParentPath</order>
</decoder>

<decoder name="paps">
  <parent>paps</parent>
  <regex>ParentPrevLastDay=(\.*)\t|ParentPrevLastDay=(\.*)$</regex>
  <order>ParentPrevLastDay</order>
</decoder>

<decoder name="paps">
  <parent>paps</parent>
  <regex>ParentPrevalence=(\.*)\t|ParentPrevalence=(\.*)$</regex>
  <order>ParentPrevalence</order>
</decoder>

<decoder name="paps">
  <parent>paps</parent>
  <regex>ParentSkeptic=(\.*)\t|ParentSkeptic=(\.*)$</regex>
  <order>ParentSkeptic</order>
</decoder>

<decoder name="paps">
  <parent>paps</parent>
  <regex>ParentStatus=(\.*)\t|ParentStatus=(\.*)$</regex>
  <order>ParentStatus</order>
</decoder>

<decoder name="paps">
  <parent>paps</parent>
  <regex>ParentValidSig=(\.*)\t|ParentValidSig=(\.*)$</regex>
  <order>ParentValidSig</order>
</decoder>

<decoder name="paps">
  <parent>paps</parent>
  <regex>Child1NFI=(\.*)\t|Child1NFI=(\.*)$</regex>
  <order>Child1NFI</order>
</decoder>

<decoder name="paps">
  <parent>paps</parent>
  <regex>Child1NMW=(\.*)\t|Child1NMW=(\.*)$</regex>
  <order>Child1NMW</order>
</decoder>

<decoder name="paps">
  <parent>paps</parent>
  <regex>ChildAVDets=(\.*)\t|ChildAVDets=(\.*)$</regex>
  <order>ChildAVDets</order>
</decoder>

<decoder name="paps">
  <parent>paps</parent>
  <regex>ChildBroken=(\.*)\t|ChildBroken=(\.*)$</regex>
  <order>ChildBroken</order>
</decoder>

<decoder name="paps">
  <parent>paps</parent>
  <regex>ChildCat=(\.*)\t|ChildCat=(\.*)$</regex>
  <order>ChildCat</order>
</decoder>

<decoder name="paps">
  <parent>paps</parent>
  <regex>ChildClass=(\.*)\t|ChildClass=(\.*)$</regex>
  <order>ChildClass</order>
</decoder>

<decoder name="paps">
  <parent>paps</parent>
  <regex>ChildCompany=(\.*)\t|ChildCompany=(\.*)$</regex>
  <order>ChildCompany</order>
</decoder>

<decoder name="paps">
  <parent>paps</parent>
  <regex>ChildDriveType=(\.*)\t|ChildDriveType=(\.*)$</regex>
  <order>ChildDriveType</order>
</decoder>

<decoder name="paps">
  <parent>paps</parent>
  <regex>ChildExeType=(\.*)\t|ChildExeType=(\.*)$</regex>
  <order>ChildExeType</order>
</decoder>

<decoder name="paps">
  <parent>paps</parent>
  <regex>ChildFlags=(\.*)\t|ChildFlags=(\.*)$</regex>
  <order>ChildFlags</order>
</decoder>

<decoder name="paps">
  <parent>paps</parent>
  <regex>ChildHash=(\.*)\t|ChildHash=(\.*)$</regex>
  <order>ChildHash</order>
</decoder>

<decoder name="paps">
  <parent>paps</parent>
  <regex>ChildHeurFI=(\.*)\t|ChildHeurFI=(\.*)$</regex>
  <order>ChildHeurFI</order>
</decoder>

<decoder name="paps">
  <parent>paps</parent>
  <regex>ChildImageType=(\.*)\t|ChildImageType=(\.*)$</regex>
  <order>ChildImageType</order>
</decoder>

<decoder name="paps">
  <parent>paps</parent>
  <regex>ChildJIDFI=(\.*)\t|ChildJIDFI=(\.*)$</regex>
  <order>ChildJIDFI</order>
</decoder>

<decoder name="paps">
  <parent>paps</parent>
  <regex>ChildJIDMW=(\.*)\t|ChildJIDMW=(\.*)$</regex>
  <order>ChildJIDMW</order>
</decoder>

<decoder name="paps">
  <parent>paps</parent>
  <regex>ChildMWName=(\.*)\t|ChildMWName=(\.*)$</regex>
  <order>ChildMWName</order>
</decoder>

<decoder name="paps">
  <parent>paps</parent>
  <regex>ChildPath=(\.*)\t|ChildPath=(\.*)$</regex>
  <order>ChildPath</order>
</decoder>

<decoder name="paps">
  <parent>paps</parent>
  <regex>ChildPrevLastDay=(\.*)\t|ChildPrevLastDay=(\.*)$</regex>
  <order>ChildPrevLastDay</order>
</decoder>

<decoder name="paps">
  <parent>paps</parent>
  <regex>ChildPrevalence=(\.*)\t|ChildPrevalence=(\.*)$</regex>
  <order>ChildPrevalence</order>
</decoder>

<decoder name="paps">
  <parent>paps</parent>
  <regex>ChildSkeptic=(\.*)\t|ChildSkeptic=(\.*)$</regex>
  <order>ChildSkeptic</order>
</decoder>

<decoder name="paps">
  <parent>paps</parent>
  <regex>ChildStatus=(\.*)\t|ChildStatus=(\.*)$</regex>
  <order>ChildStatus</order>
</decoder>

<decoder name="paps">
  <parent>paps</parent>
  <regex>ChildValidSig=(\.*)\t|ChildValidSig=(\.*)$</regex>
  <order>ChildValidSig</order>
</decoder>

<decoder name="paps">
  <parent>paps</parent>
  <regex>Class=(\.*)\t|Class=(\.*)$</regex>
  <order>Class</order>
</decoder>

<decoder name="paps">
  <parent>paps</parent>
  <regex>ClientCat=(\.*)\t|ClientCat=(\.*)$</regex>
  <order>ClientCat</order>
</decoder>

<decoder name="paps">
  <parent>paps</parent>
  <regex>Company=(\.*)\t|Company=(\.*)$</regex>
  <order>Company</order>
</decoder>

<decoder name="paps">
  <parent>paps</parent>
  <regex>DetId=(\.*)\t|DetId=(\.*)$</regex>
  <order>DetId</order>
</decoder>

<decoder name="paps">
  <parent>paps</parent>
  <regex>Direction=(\.*)\t|Direction=(\.*)$</regex>
  <order>Direction</order>
</decoder>

<decoder name="paps">
  <parent>paps</parent>
  <regex>DriveType=(\.*)\t|DriveType=(\.*)$</regex>
  <order>DriveType</order>
</decoder>

<decoder name="paps">
  <parent>paps</parent>
  <regex>ExeType=(\.*)\t|ExeType=(\.*)$</regex>
  <order>ExeType</order>
</decoder>

<decoder name="paps">
  <parent>paps</parent>
  <regex>Hash=(\.*)\t|Hash=(\.*)$</regex>
  <order>Hash</order>
</decoder>

<decoder name="paps">
  <parent>paps</parent>
  <regex>HeurFI=(\.*)\t|HeurFI=(\.*)$</regex>
  <order>HeurFI</order>
</decoder>

<decoder name="paps">
  <parent>paps</parent>
  <regex>HostName=(\.*)\t|HostName=(\.*)$</regex>
  <order>HostName</order>
</decoder>

<decoder name="paps">
  <parent>paps</parent>
  <regex>IP=(\.*)\t|IP=(\.*)$</regex>
  <order>IP</order>
</decoder>

<decoder name="paps">
  <parent>paps</parent>
  <regex>ImageType=(\.*)\t|ImageType=(\.*)$</regex>
  <order>ImageType</order>
</decoder>

<decoder name="paps">
  <parent>paps</parent>
  <regex>JIDFI=(\.*)\t|JIDFI=(\.*)$</regex>
  <order>JIDFI</order>
</decoder>

<decoder name="paps">
  <parent>paps</parent>
  <regex>JIDMW=(\.*)\t|JIDMW=(\.*)$</regex>
  <order>JIDMW</order>
</decoder>

<decoder name="paps">
  <parent>paps</parent>
  <regex>Key=(\.*)\t|Key=(\.*)$</regex>
  <order>Key</order>
</decoder>

<decoder name="paps">
  <parent>paps</parent>
  <regex>LocalIp=(\.*)\t|LocalIp=(\.*)$</regex>
  <order>LocalIp</order>
</decoder>

<decoder name="paps">
  <parent>paps</parent>
  <regex>LocalPort=(\.*)\t|LocalPort=(\.*)$</regex>
  <order>LocalPort</order>
</decoder>

<decoder name="paps">
  <parent>paps</parent>
  <regex>LoggedUser=(\.*)\t|LoggedUser=(\.*)$</regex>
  <order>LoggedUser</order>
</decoder>

<decoder name="paps">
  <parent>paps</parent>
  <regex>MUID=(\.*)\t|MUID=(\.*)$</regex>
  <order>MUID</order>
</decoder>

<decoder name="paps">
  <parent>paps</parent>
  <regex>MWName=\t*(\.*)\t|MWName=\t*(\.*)$</regex>
  <order>MWName</order>
</decoder>

<decoder name="paps">
  <parent>paps</parent>
  <regex>RegKey=(\.*)\t|RegKey=(\.*)$</regex>
  <order>RegKey</order>
</decoder>

<decoder name="paps">
  <parent>paps</parent>
  <regex>NumCacheClassifiedElements=(\.*)\t|NumCacheClassifiedElements=(\.*)$</regex>
  <order>NumCacheClassifiedElements</order>
</decoder>

<decoder name="paps">
  <parent>paps</parent>
  <regex>OCS_Exec=(\.*)\t|OCS_Exec=(\.*)$</regex>
  <order>OCS_Exec</order>
</decoder>

<decoder name="paps">
  <parent>paps</parent>
  <regex>OCS_Name=(\.*)\t|OCS_Name=(\.*)$</regex>
  <order>OCS_Name</order>
</decoder>

<decoder name="paps">
  <parent>paps</parent>
  <regex>OCS_Version=(\.*)\t|OCS_Version=(\.*)$</regex>
  <order>OCS_Version</order>
</decoder>

<decoder name="paps">
  <parent>paps</parent>
  <regex>Op=(\.*)\t|Op=(\.*)$</regex>
  <order>Op</order>
</decoder>

<decoder name="paps">
  <parent>paps</parent>
  <regex>OperationFlags=(\.*)\t|OperationFlags=(\.*)$</regex>
  <order>OperationFlags</order>
</decoder>

<decoder name="paps">
  <parent>paps</parent>
  <regex>PECreationSource=(\.*)\t|PECreationSource=(\.*)$</regex>
  <order>PECreationSource</order>
</decoder>

<decoder name="paps">
  <parent>paps</parent>
  <regex>PID=(\.*)\t|PID=(\.*)$</regex>
  <order>PID</order>
</decoder>

<decoder name="paps">
  <parent>paps</parent>
  <regex>Params=(\.*)\t|Params=(\.*)$</regex>
  <order>Params</order>
</decoder>

<decoder name="paps">
  <parent>paps</parent>
  <regex>Path=(\.*)\t|Path=(\.*)$</regex>
  <order>Path</order>
</decoder>

<decoder name="paps">
  <parent>paps</parent>
  <regex>Port=(\.*)\t|Port=(\.*)$</regex>
  <order>Port</order>
</decoder>

<decoder name="paps">
  <parent>paps</parent>
  <regex>PrevLastDay=(\.*)\t|PrevLastDay=(\.*)$</regex>
  <order>PrevLastDay</order>
</decoder>

<decoder name="paps">
  <parent>paps</parent>
  <regex>Prevalence=(\.*)\t|Prevalence=(\.*)$</regex>
  <order>Prevalence</order>
</decoder>

<decoder name="paps">
  <parent>paps</parent>
  <regex>Protocol=(\.*)\t|Protocol=(\.*)$</regex>
  <order>Protocol</order>
</decoder>

<decoder name="paps">
  <parent>paps</parent>
  <regex>RealSvcLevel=(\.*)\t|RealSvcLevel=(\.*)$</regex>
  <order>RealSvcLevel</order>
</decoder>

<decoder name="paps">
  <parent>paps</parent>
  <regex>RegAction=(\.*)\t|RegAction=(\.*)$</regex>
  <order>RegAction</order>
</decoder>

<decoder name="paps">
  <parent>paps</parent>
  <regex>ResolutionTime=(\.*)\t|ResolutionTime=(\.*)$</regex>
  <order>ResolutionTime</order>
</decoder>

<decoder name="paps">
  <parent>paps</parent>
  <regex>ResponseCat=(\.*)\t|ResponseCat=(\.*)$</regex>
  <order>ResponseCat</order>
</decoder>

<decoder name="paps">
  <parent>paps</parent>
  <regex>ResponseError=(\.*)\t|ResponseError=(\.*)$</regex>
  <order>ResponseError</order>
</decoder>

<decoder name="paps">
  <parent>paps</parent>
  <regex>ServiceLevel=(\.*)\t|ServiceLevel=(\.*)$</regex>
  <order>ServiceLevel</order>
</decoder>

<decoder name="paps">
  <parent>paps</parent>
  <regex>Skeptic=(\.*)\t|Skeptic=(\.*)$</regex>
  <order>Skeptic</order>
</decoder>

<decoder name="paps">
  <parent>paps</parent>
  <regex>TargetPath=(\.*)\t|TargetPath=(\.*)$</regex>
  <order>TargetPath</order>
</decoder>

<decoder name="paps">
  <parent>paps</parent>
  <regex>Timeout=(\.*)\t|Timeout=(\.*)$</regex>
  <order>Timeout</order>
</decoder>

<decoder name="paps">
  <parent>paps</parent>
  <regex>ToastResult=(\.*)\t|ToastResult=(\.*)$</regex>
  <order>ToastResult</order>
</decoder>

<decoder name="paps">
  <parent>paps</parent>
  <regex>URL=(\.*)\t|URL=(\.*)$</regex>
  <order>URL</order>
</decoder>

<decoder name="paps">
  <parent>paps</parent>
  <regex>ValidSig=(\.*)\t|ValidSig=(\.*)$</regex>
  <order>ValidSig</order>
</decoder>

<decoder name="paps">
  <parent>paps</parent>
  <regex>Value=(\.*)\t|Value=(\.*)$</regex>
  <order>Value</order>
</decoder>

<decoder name="paps">
  <parent>paps</parent>
  <regex>ValueData=(\.*)\t|ValueData=(\.*)$</regex>
  <order>ValueData</order>
</decoder>

<decoder name="paps">
  <parent>paps</parent>
  <regex>WinningTech=(\.*)\t|WinningTech=(\.*)$</regex>
  <order>WinningTech</order>
</decoder>
