<!--
  -  Perdition (imap/pop3 proxy) decoder
  -  Author: George Kissandrakis <gkissand@gmail.com>
  -  Updated by Wazuh, Inc.
  -  Copyright (C) 2015, Wazuh Inc.
  -  This program is a free software; you can redistribute it and/or modify it under the terms of GPLv2.
-->

<decoder name="perdition">
  <program_name>^perdition</program_name>
</decoder>

<decoder name="perdition-connections">
  <parent>perdition</parent>
  <regex>Connect:  (\d+.\d+.\d+.\d+)</regex>
  <order>srcip</order>
</decoder>
