<!--
  -  Freepbx decoders.
  -  Created by Wazuh, Inc.
  -  Copyright (C) 2015, Wazuh Inc.
  -  This program is a free software; you can redistribute it and/or modify it under the terms of GPLv2.
-->

<!--
[2019-07-25 14:29:19] Asterisk 15.7.3 built by root @ centos-7-31 on a x86_64 running Linux on 2019-07-25 14:15:02 UTC
May 19 00:22:05 freepbx-a pacemakerd[1310]:   notice: crm_add_logfile: Additional logging available in /var/log/cluster/corosync.log
[2019-07-25 14:58:54] ERROR[21763] config_options.c: Unable to load config file 'cel.conf'
[2019-Jul-25 14:28:32] [freepbx.INFO]: Deprecated way to add Console commands, adding console commands this way can have negative performance impacts. Please use module.xml. See: https://wiki.freepbx.org/display/FOP/Adding+fwconsole+commands [] []
[2019-Jul-25 14:28:31] [INFO] (libraries/modulefunctions.class.php:2083) - Generating CSS...Done
[npm-cache] [INFO] [npm] hash of /var/www/html/admin/modules/pm2/node/package.json: fa2348032788d5067b56972347177c79
May 19 00:22:05 freepbx-a pacemakerd[1310]:   notice: crm_add_logfile: Additional logging available in /var/log/cluster/corosync.log
-->
<decoder name="FreePBX">
    <prematch>[\d\d\d\d-\d\d-\d\d \d\d:\d\d:\d\d] \w+ \d+.\d.\d built by|\w+ \d\d* \d\d:\d\d:\d\d \w+[\d+]|[\d\d\d\d-\d\d-\d\d \d\d:\d\d:\d\d] \w+[\d+]|[\d\d\d\d-\w+-\d\d \d\d:\d\d:\d\d] [freepbx.\w+]:|[\d\d\d\d-\w+-\d\d \d\d:\d\d:\d\d] [\.+] (\.+) -|[\w+] [\w+] [\w+] hash of</prematch>
</decoder>
<decoder name="FreePBX">
    <program_name>pacemakerd</program_name>
    <prematch>  notice: \w+: \w+ </prematch>
</decoder>
<decoder name="FreePBX_child">
    <parent>FreePBX</parent>
    <regex>(\S+ \d\d* \d\d:\d\d:\d\d) (\w+)[(\d+)] (\.+).c: (\.+)</regex>
    <order>timestamp,msg_type,code,origin,msg</order>
</decoder>
<decoder name="FreePBX_child">
    <parent>FreePBX</parent>
    <regex>[(\d\d\d\d-\d\d-\d\d \d\d:\d\d:\d\d)] (\w+)[(\d+)] (\w+).c: (\.+)</regex>
    <order>timestamp,msg_type,code,origin,msg</order>n
</decoder>
<decoder name="FreePBX_child">
    <parent>FreePBX</parent>
    <regex>[(\d\d\d\d-\d\d-\d\d \d\d:\d\d:\d\d)] (\w+) (\d+.\d.\d) \S+ \S+ (\w+) @ (\S+) \S+ \S+ (\S+) \S+ (\S+) \S+ (\d\d\d\d-\d\d-\d\d \d\d:\d\d:\d\d \w+)</regex>
    <order>timestamp,program,version,user,machinename,type,os,since</order>
</decoder>
<decoder name="FreePBX_child">
    <parent>FreePBX</parent>
    <regex>[(\d\d\d\d-\w+-\d\d \d\d:\d\d:\d\d)] [(\.+)] \((\.+)\) - (\.+)</regex>
    <order>timestamp,msg_type,source,operation</order>
</decoder>
<decoder name="FreePBX_child">
    <parent>FreePBX</parent>
    <regex>[(\d\d\d\d-\w+-\d\d \d\d:\d\d:\d\d)] [\w+.(\w+)]: (\.+)</regex>
    <order>timestamp,msg_type,operation</order>
</decoder>
<decoder name="FreePBX_child">
    <parent>FreePBX</parent>
    <regex>[\.+] [(\w+)] [(\w+)] \S+ \S+ (\.+): (\w+)</regex>
    <order>msg_type,program,source,hash</order>
</decoder>
<decoder name="FreePBX_child">
    <parent>FreePBX</parent>
    <regex>(\w+): (\.+): (\.+)</regex>
    <order>msg_type,reason,details</order>
</decoder>
<decoder name="FreePBX_child">
    <parent>FreePBX</parent>
    <regex>[(\d\d\d\d-\d\d-\d\d \d\d:\d\d:\d\d)] (\w+) (\w+) \S+ (\w+) \S+ (\d+.\d+.\d+.\d+)</regex>
    <order>timestamp,operation,result,user,srcip</order>
</decoder>
