<!--
  -  Copyright (C) 2015, Wazuh Inc.
-->

<!--
Log references:
  - https://support.f5.com/csp/article/K15521451
  - https://support.f5.com/csp/article/K16197
  - https://support.f5.com/csp/article/K57555038

Log fields:
  <time stamp> <host name> <level> <service[pid]> <message code> <message text>

Log samples:

  May 24 11:15:01 HOSTNAME notice logrotate[3582]: ALERT exited abnormally with [1]
  May 24 11:15:25 HOSTNAME warning tmm1[18463]: 01260013:4: SSL Handshake failed for TCP 192.168.1.15:50932 -> 11.22.33.44:443
  May 17 11:28:20 HOSTNAME alert gtmd[13220]: 011ae0f2:1: Monitor instance /Common/Monitor_1.1.1.1 192.168.1.1:1526 UP -> DOWN from /Common/F5-LAN-SF (no reply from big3d: timed out)
  May 17 11:28:21 HOSTNAME alert gtmd[13202]: 011a4003:1: SNMP_TRAP: Pool /Common/hostname member pmtdbaf5-SF (ip:port=10.1.1.1:5443) state change green -> red ( Monitor /Common/Monitor_1.1.1.1 from /Common/F5-LAN-SF : no reply from big3d: timed out)
  May 17 11:28:22 HOSTNAME alert gtmd[13202]: 011a6006:1: SNMP_TRAP: VS virtual_server_name (ip:port=192.168.1.2:1526) (Server /Common/virtual_server_name) state change green -> red ( Monitor /Common/Monitor_1.1.1.1 from /Common/F5-LAN-SF : no reply from big3d: timed out)
-->

<!-- Group BigIP F5  decoders-->
<decoder name="f5-bigip">
  <type>syslog</type>
  <prematch type="pcre2">^\S+\s[^\[]+\[\d+\]:\s[0-9a-fA-F]+:\d+:\s</prematch>
</decoder>

<!-- General decoder catch all-->
<decoder name="f5-bigip-general-fields">
  <parent>f5-bigip</parent>
  <regex type="pcre2">^(\S+)\s([^\[]+)\[(\d+)\]:\s([0-9a-fA-F]+):(\d+):\s(.*)$</regex>
  <order>event.type, process.name, process.pid, event.code, log.level, message</order>
</decoder>

<!-- 01010251 : Virtual %s exceeded configured rate limit. -->
<decoder name="f5-bigip-general-fields">
  <parent>f5-bigip</parent>
  <regex type="pcre2">.*01010251:.*\s(Virtual\s(\S+)\s.*)</regex>
  <order>server_name</order>
</decoder>

<!-- 01010343 : Syncookie SW mode activated, server = %A:%d -->
<!-- 01010240 : Syncookie HW mode activated, server = %A:%d, HSB modId = %d -->
<!-- 01010241 : Syncookie HW mode exited, server = %A:%d, HSB modId = %d from %s. -->
<!-- 01010344 : Syncookie SW mode exited, server = %A:%d -->
<decoder name="f5-bigip-general-fields">
  <parent>f5-bigip</parent>
  <regex type="pcre2">.*server = ([^:]+):(\d+)</regex>
  <order>srcip, srcport</order>
</decoder>

<!-- 01310027 : ASM subsystem error (%s,%s): %s -->
<decoder name="f5-bigip-general-fields">
  <parent>f5-bigip</parent>
  <regex type="pcre2">.*01310027:.*\sASM\ssubsystem\serror\s([^:\s]+)[:\s]+(.*)</regex>
  <order>bigip.asm.subsystem, error.message</order>
</decoder>

<!-- Group BigIP F5 cef decoders-->
<decoder name="f5-bigip-cef">
  <type>syslog</type>
  <program_name>ASM</program_name>
</decoder>

<decoder name="f5-bigip-cef">
  <type>syslog</type>
  <prematch type="pcre2">CEF:0\|F5\|ASM\|[^\|]+\|(.+)|CEF:0\|F5\|[^\|]+\|[^\|]+\|.+</prematch>
</decoder>

<!-- General decoder message-->
<decoder name="f5-bigip-cef-general-fields">
  <parent>f5-bigip-cef</parent>
  <regex type="pcre2">CEF:0\|F5\|ASM\|[^\|]+\|(.+)|CEF:0\|F5\|[^\|]+\|[^\|]+\|(.+)</regex>
  <order>message</order>
</decoder>

<!-- Structured fields -->
<decoder name="f5-bigip-cef-general-fields">
  <parent>f5-bigip-cef</parent>
  <regex type="pcre2">dvchost=(\S+)?\s</regex>
  <order>dvchost</order>
</decoder>

<decoder name="f5-bigip-cef-general-fields">
  <parent>f5-bigip-cef</parent>
  <regex type="pcre2">dvc=(\S+)?\s</regex>
  <order>srcip</order>
</decoder>

<decoder name="f5-bigip-cef-general-fields">
  <parent>f5-bigip-cef</parent>
  <regex type="pcre2">cs1=(\S+)?\s</regex>
  <order>cs1</order>
</decoder>

<decoder name="f5-bigip-cef-general-fields">
  <parent>f5-bigip-cef</parent>
  <regex type="pcre2">cs1Label=(\S+)?\s</regex>
  <order>cs1Label</order>
</decoder>

<decoder name="f5-bigip-cef-general-fields">
  <parent>f5-bigip-cef</parent>
  <regex type="pcre2">cs2=(\S+)?\s</regex>
  <order>cs2</order>
</decoder>

<decoder name="f5-bigip-cef-general-fields">
  <parent>f5-bigip-cef</parent>
  <regex type="pcre2">cs2Label=(\S+)?\s</regex>
  <order>cs2Label</order>
</decoder>

<decoder name="f5-bigip-cef-general-fields">
  <parent>f5-bigip-cef</parent>
  <regex type="pcre2">deviceCustomDate1=(\w+\s\d{1,2}\s\d{4}\s\d{2}:\d{2}:\d{2})\s</regex>
  <order>deviceCustomDate1</order>
</decoder>

<decoder name="f5-bigip-cef-general-fields">
  <parent>f5-bigip-cef</parent>
  <regex type="pcre2">deviceCustomDate1Label=(\S+)?\s</regex>
  <order>deviceCustomDate1Label</order>
</decoder>

<decoder name="f5-bigip-cef-general-fields">
  <parent>f5-bigip-cef</parent>
  <regex type="pcre2">externalId=(\S+)?\s</regex>
  <order>externalId</order>
</decoder>

<decoder name="f5-bigip-cef-general-fields">
  <parent>f5-bigip-cef</parent>
  <regex type="pcre2">act=(\S+)?\s</regex>
  <order>act</order>
</decoder>

<decoder name="f5-bigip-cef-general-fields">
  <parent>f5-bigip-cef</parent>
  <regex type="pcre2">cn1=(\S+)?\s</regex>
  <order>cn1</order>
</decoder>

<decoder name="f5-bigip-cef-general-fields">
  <parent>f5-bigip-cef</parent>
  <regex type="pcre2">cn1Label=(\S+)?\s</regex>
  <order>cn1Label</order>
</decoder>

<decoder name="f5-bigip-cef-general-fields">
  <parent>f5-bigip-cef</parent>
  <regex type="pcre2">src=(\S+)?\s</regex>
  <order>srcip</order>
</decoder>

<decoder name="f5-bigip-cef-general-fields">
  <parent>f5-bigip-cef</parent>
  <regex type="pcre2">spt=(\S+)?\s</regex>
  <order>srcport</order>
</decoder>

<decoder name="f5-bigip-cef-general-fields">
  <parent>f5-bigip-cef</parent>
  <regex type="pcre2">dst=(\S+)?\s</regex>
  <order>dstip</order>
</decoder>

<decoder name="f5-bigip-cef-general-fields">
  <parent>f5-bigip-cef</parent>
  <regex type="pcre2">dpt=(\S+)?\s</regex>
  <order>dstport</order>
</decoder>

<decoder name="f5-bigip-cef-general-fields">
  <parent>f5-bigip-cef</parent>
  <regex type="pcre2">requestMethod=(\S+)?\s</regex>
  <order>requestMethod</order>
</decoder>

<decoder name="f5-bigip-cef-general-fields">
  <parent>f5-bigip-cef</parent>
  <regex type="pcre2">app=(\S+)?\s</regex>
  <order>app</order>
</decoder>

<decoder name="f5-bigip-cef-general-fields">
  <parent>f5-bigip-cef</parent>
  <regex type="pcre2">cs5=(\S+)?\s</regex>
  <order>cs5</order>
</decoder>

<decoder name="f5-bigip-cef-general-fields">
  <parent>f5-bigip-cef</parent>
  <regex type="pcre2">cs5Label=(\S+)?\s</regex>
  <order>cs5Label</order>
</decoder>

<decoder name="f5-bigip-cef-general-fields">
  <parent>f5-bigip-cef</parent>
  <regex type="pcre2">rt=(\w+\s\d{1,2}\s\d{4}\s\d{2}:\d{2}:\d{2})\s</regex>
  <order>rt</order>
</decoder>

<decoder name="f5-bigip-cef-general-fields">
  <parent>f5-bigip-cef</parent>
  <regex type="pcre2">deviceExternalId=(\S+)?\s</regex>
  <order>deviceExternalId</order>
</decoder>

<decoder name="f5-bigip-cef-general-fields">
  <parent>f5-bigip-cef</parent>
  <regex type="pcre2">cs4=(.*)\scs4Label=(\S+)?\s</regex>
  <order>cs4, cs4Label</order>
</decoder>

<decoder name="f5-bigip-cef-general-fields">
  <parent>f5-bigip-cef</parent>
  <regex type="pcre2">cs6=(\S+)?\s</regex>
  <order>cs6</order>
</decoder>

<decoder name="f5-bigip-cef-general-fields">
  <parent>f5-bigip-cef</parent>
  <regex type="pcre2">cs6Label=(\S+)?\s</regex>
  <order>cs6Label</order>
</decoder>

<decoder name="f5-bigip-cef-general-fields">
  <parent>f5-bigip-cef</parent>
  <regex type="pcre2">c6a1=(\S+)?\s</regex>
  <order>c6a1</order>
</decoder>

<decoder name="f5-bigip-cef-general-fields">
  <parent>f5-bigip-cef</parent>
  <regex type="pcre2">c6a1Label=(\S+)?\s</regex>
  <order>c6a1Label</order>
</decoder>

<decoder name="f5-bigip-cef-general-fields">
  <parent>f5-bigip-cef</parent>
  <regex type="pcre2">c6a2=(\S+)?\s</regex>
  <order>c6a2</order>
</decoder>

<decoder name="f5-bigip-cef-general-fields">
  <parent>f5-bigip-cef</parent>
  <regex type="pcre2">c6a2Label=(\S+)?\s</regex>
  <order>c6a2Label</order>
</decoder>

<decoder name="f5-bigip-cef-general-fields">
  <parent>f5-bigip-cef</parent>
  <regex type="pcre2">c6a3=(\S+)?\s</regex>
  <order>c6a3</order>
</decoder>

<decoder name="f5-bigip-cef-general-fields">
  <parent>f5-bigip-cef</parent>
  <regex type="pcre2">c6a3Label=(\S+)?\s</regex>
  <order>c6a3Label</order>
</decoder>

<decoder name="f5-bigip-cef-general-fields">
  <parent>f5-bigip-cef</parent>
  <regex type="pcre2">c6a4=(\S+)?\s</regex>
  <order>c6a4</order>
</decoder>

<decoder name="f5-bigip-cef-general-fields">
  <parent>f5-bigip-cef</parent>
  <regex type="pcre2">c6a4Label=(\S+)?\s</regex>
  <order>c6a4Label</order>
</decoder>

<decoder name="f5-bigip-cef-general-fields">
  <parent>f5-bigip-cef</parent>
  <regex type="pcre2">msg=(\S+)?\s</regex>
  <order>msg</order>
</decoder>

<decoder name="f5-bigip-cef-general-fields">
  <parent>f5-bigip-cef</parent>
  <regex type="pcre2">suid=(\S+)?\s</regex>
  <order>suid</order>
</decoder>

<decoder name="f5-bigip-cef-general-fields">
  <parent>f5-bigip-cef</parent>
  <regex type="pcre2">suser=(\S+)?\s</regex>
  <order>user</order>
</decoder>

<decoder name="f5-bigip-cef-general-fields">
  <parent>f5-bigip-cef</parent>
  <regex type="pcre2">cn2=(\S+)?\s</regex>
  <order>cn2</order>
</decoder>

<decoder name="f5-bigip-cef-general-fields">
  <parent>f5-bigip-cef</parent>
  <regex type="pcre2">cn2Label=(\S+)?\s</regex>
  <order>cn2Label</order>
</decoder>

<decoder name="f5-bigip-cef-general-fields">
  <parent>f5-bigip-cef</parent>
  <regex type="pcre2">cn3=(\S+)?\s</regex>
  <order>cn3</order>
</decoder>

<decoder name="f5-bigip-cef-general-fields">
  <parent>f5-bigip-cef</parent>
  <regex type="pcre2">cn3Label=(\S+)?\s</regex>
  <order>cn3Label</order>
</decoder>

<decoder name="f5-bigip-cef-general-fields">
  <parent>f5-bigip-cef</parent>
  <regex type="pcre2">microservice=(\S+)?\s</regex>
  <order>microservice</order>
</decoder>

<decoder name="f5-bigip-cef-general-fields">
  <parent>f5-bigip-cef</parent>
  <regex type="pcre2">request=(\S+)?\s</regex>
  <order>request</order>
</decoder>

<decoder name="f5-bigip-cef-general-fields">
  <parent>f5-bigip-cef</parent>
  <regex type="pcre2">cs3Label=(\S+)?\s</regex>
  <order>cs3Label</order>
</decoder>

<decoder name="f5-bigip-cef-general-fields">
  <parent>f5-bigip-cef</parent>
  <regex type="pcre2">cs3=(.*)</regex>
  <order>cs3</order>
</decoder>

<!-- Illegal action-->
<decoder name="f5-bigip-cef-general-fields">
  <parent>f5-bigip-cef</parent>
  <regex type="pcre2">(?:(Illegal)\s([^\|]+)\|){2}</regex>
  <order>type, action</order>
</decoder>
