<!--
  -  Arbor decoder
  -  Created by Wazuh, Inc. <support@wazuh.com>.
  -  Copyright (C) 2015, Wazuh Inc.
  -  This program is a free software; you can redistribute it and/or modify it under the terms of GPLv2.
-->

<!--
Sep 11 23:23:32 manager arbor-networks-aps: Blocked Host: Blocked host 192.168.0.180 at 11:23 by Invalid Packets using TCP/23 (TELNET) destination 172.168.0.150 source port 1560,URL: https://manager/summary/
Sep 11 23:23:32 manager arbor-networks-aps: Blocked Host: Blocked host 192.168.0.180 at 11:22 by TCP SYN Flood Detection using TCP/3306 (MYSQL) destination 172.168.0.150 source port 6000,URL: https://manager/summary/
-->
<decoder name="arbor">
    <program_name>arbor-networks-aps</program_name>
</decoder>

<decoder name="arbor-fields">
    <parent>arbor</parent>
    <regex>Blocked Host: Blocked host (\S+) at (\S+) by (\.+) using (\.*)/(\S*) \((\S*)\) destination (\S*),URL: (\S*)</regex>
    <order>srcip, arbor_time, category, proto, dstport, service, dstip, url</order>
</decoder>

<!--
Sep 11 23:55:32 manager arbor-networks-aps: Blocked Host: Blocked host 192.168.0.180 at 11:55 by Invalid Packets using UDP/0 (Unknown) destination 172.168.0.150,URL: https://manager/summary/
-->

<decoder name="arbor-fields">
    <parent>arbor</parent>
    <regex>Blocked host (\S*) at (\S*) by (\.*) using (\.*)/(\S*) \((\S*)\) destination (\S*) source port (\.*),URL: (\S*)</regex>
    <order>srcip, arbor_time, category, proto, dstport, service, dstip, srcport, url</order>
</decoder>


<decoder name="arbor-fields">
    <parent>arbor</parent>
    <regex>Blocked host (\S*) at (\S*) by (\.*) using (\.*) destination (\S*) source port (\.*),URL: (\S*)</regex>
    <order>srcip, arbor_time, category, dstport, dstip, srcport, url</order>
</decoder>


<decoder name="arbor-fields">
    <parent>arbor</parent>
    <regex>Blocked host (\S+) at (\S+) by (\.+) using (\S+) destination (\S+),URL: (\S+)</regex>
    <order>srcip, arbor_time, category, proto, dstip, url</order>
</decoder>


<decoder name="arbor-fields">
    <parent>arbor</parent>
    <regex>(Change Log): Username: (\S+), Subsystem: (\S+), Message: / (\.+) ,URL: (\S*)</regex>
    <order>category, username, subsystem, message, url</order>
</decoder>
