<!--
  -  FireEye decoders
  -  Created by Wazuh, Inc. <support@wazuh.com>.
  -  Copyright (C) 2015, Wazuh Inc.
  -  This program is a free software; you can redistribute it and/or modify it under the terms of GPLv2.
-->

<!--
    Oct 20 20:42:17 APCH-FE-NX silverfish: tid 6196: [silverfish.NOTICE]: ba_plugin: submitting file: file id(xxxxxxxxx) score(0) ext(zip)
    Oct 20 20:53:55 APCH-FE-NX silverfish: tid 6604: [silverfish.NOTICE]: Submitting file for obj analysis: file id(xxxxxxxxx), ext(zip)
    Oct 20 20:53:55 APCH-FE-NX silverfish: tid 6604: [silverfish.NOTICE]: (A) BA submitted with id: xxxxxxx
    Oct 20 20:53:54 BDC-FIREEYE-NX-01 silverfish: tid 46753: [silverfish.NOTICE]: NOT Submitting url for swf (SWF_NOREASON6, 0%): trigger file(id=xxxxxxxxxx)
-->
<decoder name="fireeye-silverfish">
    <program_name>silverfish</program_name>
</decoder>

<decoder name="fireeye-silverfish-fields1">
    <parent>fireeye-silverfish</parent>
    <prematch>ba_plugin: submitting file:</prematch>
    <regex offset="after_parent">submitting file: file id\((\S+)\) score\((\S+)\) ext\((\w+)\)</regex>
    <order>file_id,score,extension</order>
</decoder>

<decoder name="fireeye-silverfish-fields2">
    <parent>fireeye-silverfish</parent>
    <prematch>submitting file for obj analysis: </prematch>
    <regex offset="after_parent">submitting file for obj analysis: file id\((\S+)\), ext\((\w+)\)</regex>
    <order>file_id,extension</order>
</decoder>

<decoder name="fireeye-silverfish-fields3">
    <parent>fireeye-silverfish</parent>
    <prematch>BA submitted</prematch>
    <regex offset="after_parent">id: (\S+)</regex>
    <order>file_id</order>
</decoder>

<decoder name="cef-fireeye">
    <program_name>cef</program_name>
    <prematch>\.+\|fireeye</prematch>
</decoder>

<!--
hx
Aug 25 17:22:01 usa001 cef: CEF:0|fireeye|hx|3.5.1|IOC Hit Found|IOC Hit Found|10|rt=Aug 25 2017 17:22:01 UTC dvchost=usa001 categoryDeviceGroup=/IDS categoryDeviceType=Forensic Investigation categoryObject=/Host cs1Label=Host Agent Cert Hash cs1=DOdxxxuqM dst=192.168.1.2 dmac=a8-d0-d3-d8-d8-d8 dhost=XXXXXXXXX dntdom=NA deviceCustomDate1Label=Agent Last Audit deviceCustomDate1=Aug 25 2017 17:18:04 UTC cs2Label=FireEye Agent Version cs2=21.33.7 cs5Label=Target GMT Offset cs5=-PT4H cs6Label=Target OS cs6=Windows 7 Enterprise 7601 Service Pack 1 externalId=xxxxxxxx start=Aug 25 2017 17:17:34 UTC categoryOutcome=/Success categorySignificance=/Compromise categoryBehavior=/Found cs7Label=Resolution cs7=ALERT cs8Label=Alert Types cs8=exc act=Detection IOC Hit msg=Host XXXXXXXXXX-XX IOC compromise alert categoryTupleDescription=A Detection IOC found a compromise indication. cs4Label=IOC Name cs4=MALICIOUS SCRIPT CONTENT A (METHODOLOGY) categoryTechnique=Alert
Aug 26 02:51:57 usa001 cef[16323]: CEF:0|fireeye|hx|3.5.1|ExD Hit Found|ExD Hit Found|10|rt=Aug 26 2017 02:51:57 UTC dvchost=usa001 categoryDeviceGroup=/IDS categoryDeviceType=Exploit Detection categoryObject=/Host cs1Label=Host Agent Cert Hash cs1=fUKxxxwqs dst=192.168.1.2 dmac=d8-d5-d9-d2-d9-dd dhost=XXXXXXXXX dntdom=NA deviceCustomDate1Label=Agent Last Audit deviceCustomDate1=Aug 26 2017 02:51:52 UTC cs2Label=FireEye Agent Version cs2=21.33.7 cs5Label=Target GMT Offset cs5=-PT3H cs6Label=Target OS cs6=Windows 7 Enterprise 7601 Service Pack 1 externalId=xxxxxxxx start=Aug 26 2017 02:50:32 UTC categoryOutcome=/Success categorySignificance=/Compromise categoryBehavior=/Found cs7Label=Resolution cs7=ALERT cs8Label=Alert Types cs8=xplt act=Detection ExD Hit msg=Host XXXXXXXXXX-XX ExD compromise alert categoryTupleDescription=ExD found a compromise indication. cs4Label=Process Name cs4=chrome.exe categoryTechnique=Exploit
-->
<decoder name="fireeye-ioc">
    <parent>cef-fireeye</parent>
    <prematch>FireEye\|hx\|</prematch>
    <regex offset="after_parent">^\|(\.+)\|\.+\|\.+\|(\.+)\|\d+\|</regex>
    <order>app,type</order>
</decoder>

<decoder name="fireeye-ioc">
    <parent>cef-fireeye</parent>
    <regex offset="after_regex">rt=(\.+) dvchost=(\S+) categoryDeviceGroup=(\.+) categoryDeviceType=(\.+) categoryObject=(\S+)</regex>
    <order>rt, dvchost, categoryDeviceGroup, categoryDeviceType, categoryObject</order>
</decoder>

<!-- <decoder name="fireeye-ioc">
    <parent>cef-fireeye</parent>
    <regex offset="after_regex">cs1Label=(\.+) cs1=(\.+)</regex>
    <order>cs1Label, cs1, dst</order>
</decoder> -->

<decoder name="fireeye-ioc">
    <parent>cef-fireeye</parent>
    <regex offset="after_regex">dst=(\S+) dmac=(\S+) dhost=(\S+) </regex>
    <order>dstip, dmac, dhost</order>
</decoder>

<!-- <decoder name="fireeye-ioc">
    <parent>cef-fireeye</parent>
    <regex offset="after_regex">dntdom=(\.+) deviceCustomDate1Label=(\.+) deviceCustomDate1=(\.+) cs2Label=(\.+) cs2=(\.+) cs5Label=(\.+) cs5=(\S+) </regex>
    <order>dntdom, deviceCustomDate1Label, deviceCustomDate1, cs2Label, cs2, cs5Label, cs5</order>
</decoder> -->

<decoder name="fireeye-ioc">
    <parent>cef-fireeye</parent>
    <regex offset="after_regex">cs\dLabel=Target OS cs\d=(\.+) externalId=\.+ start=\.+ categoryOutcome=(\.+) categorySignificance=(\.+) categoryBehavior=(\S+) </regex>
    <order>target_os,categoryOutcome,categorySignificance,categoryBehavior</order>
</decoder>

<!-- <decoder name="fireeye-ioc">
    <parent>cef-fireeye</parent>
    <regex offset="after_regex">cs7Label=(\.+) cs7=(\.+) cs8Label=(\.+) cs8=(\S+) </regex>
    <order>cs7Label,cs7,cs8Label,cs8</order>
</decoder> -->


<decoder name="fireeye-ioc">
    <parent>cef-fireeye</parent>
    <regex offset="after_regex">act=(\.+) msg=(\.+) categoryTupleDescription=(\.+) cs4Label=</regex>
    <order>act, msg, categoryTupleDescription</order>
</decoder>

<decoder name="fireeye-ioc">
    <parent>cef-fireeye</parent>
    <regex offset="after_regex">(\.+) cs4=(\.+) categoryTechnique=(\.+)</regex>
    <order>key, value, categoryTechnique</order>
</decoder>



<!--
MPS
Sep  9 00:31:10 192.168.1.1 cef: CEF:0|FireEye|MPS|7.9.3.616878|MC|malware-callback|7|rt=Sep 09 2017 00:31:23 UTC src=192.168.1.1 cn3Label=cncPort cn3=1080 cn2Label=sid cn2=xxxxxxxx requestMethod=GET proto=tcp dst=192.168.1.2 cs5Label=cncHost cs5=192.168.1.1 spt=xxxxxx cs4Label=link cs4=https://192.168.1.1/event_stream/events_for_bot?ev_id\=xxxxx&lms_iden\=002xxxCBA smac=a0:a8:a3:af:ac:a4 cn1Label=vlan cn1=0 dpt=1080 externalId=xxxxx dvc=192.168.1.2 act=notified cs6Label=channel cs6=GET /api.php?sk\=strategy HTTP/1.1::~~uid: 1xxx5::~~self_pname: com.shinymobi.app.funweather::~~manuFacturer: leimin::~~rom_avl: 343xxx792::~~resolution: 480x854::~~net: WIFI::~~lang: es::~~androidid: c0axxx871::~~time: Fri Sep 08 19:31:02 CDT 2017::~~mc: d8:d5:d7:d7:df:d6::~~ext_tol: 395xxx512::~~sdk: 19::~~vcode: 40022::~~app: DollarGetter_lg2::~~os: 1::~~gaid: 4xxxb-9xxx0-4xxx0-9xxx8-1cxxx1b::~~apis: F:SP_V:40022::~~s_nation: mx::~~vendor: zhxingch::~~imei: 35xxx21::~~cpu: 1300000::~~a_location: /
-->
<decoder name="fireeye-MPS">
    <parent>cef-fireeye</parent>
    <prematch>FireEye\|MPS\|</prematch>
    <regex offset="after_parent">^\|(\.+)\|\.+\|\.+\|(\.+)\|\d+\|</regex>
    <order>app,type</order>
</decoder>

<decoder name="fireeye-MPS">
    <parent>cef-fireeye</parent>
    <regex offset="after_regex">rt=(\.+) src=(\S+) cn3Label=cncPort cn3=(\S+)</regex>
    <order>rt, srcip, srcport</order>
</decoder>

<decoder name="fireeye-MPS">
    <parent>cef-fireeye</parent>
    <regex offset="after_regex">cn2Label=sid cn2=(\S+)</regex>
    <order>sid</order>
</decoder>

<decoder name="fireeye-MPS">
    <parent>cef-fireeye</parent>
    <regex offset="after_regex">requestMethod=(\S+)</regex>
    <order>request_method</order>
</decoder>

<decoder name="fireeye-MPS">
    <parent>cef-fireeye</parent>
    <regex offset="after_regex">proto=(\S+)</regex>
    <order>proto</order>
</decoder>

<decoder name="fireeye-MPS">
    <parent>cef-fireeye</parent>
    <regex offset="after_regex">dst=(\S+)</regex>
    <order>dstip</order>
</decoder>

<decoder name="fireeye-MPS">
    <parent>cef-fireeye</parent>
    <regex offset="after_regex">cs5Label=cncHost cs5=(\S+)</regex>
    <order>host</order>
</decoder>

<decoder name="fireeye-MPS">
    <parent>cef-fireeye</parent>
    <regex offset="after_regex">spt=(\S+)</regex>
    <order>spt</order>
</decoder>

<decoder name="fireeye-MPS">
    <parent>cef-fireeye</parent>
    <regex offset="after_regex">cs4Label=link cs4=(\S+)</regex>
    <order>link</order>
</decoder>

<decoder name="fireeye-MPS">
    <parent>cef-fireeye</parent>
    <regex offset="after_regex">smac=(\S+)</regex>
    <order>smac</order>
</decoder>

<decoder name="fireeye-MPS">
    <parent>cef-fireeye</parent>
    <regex offset="after_regex">cn1Label=vlan cn1=(\S+)</regex>
    <order>vlan</order>
</decoder>

<decoder name="fireeye-MPS">
    <parent>cef-fireeye</parent>
    <regex offset="after_regex">dpt=(\S+)</regex>
    <order>dpt</order>
</decoder>

<decoder name="fireeye-MPS">
    <parent>cef-fireeye</parent>
    <regex offset="after_regex">externalId=(\S+)</regex>
    <order>external_id</order>
</decoder>

<decoder name="fireeye-MPS">
    <parent>cef-fireeye</parent>
    <regex offset="after_regex">dvc=(\S+)</regex>
    <order>dvc</order>
</decoder>

<decoder name="fireeye-MPS">
    <parent>cef-fireeye</parent>
    <regex offset="after_regex">act=(\S+)</regex>
    <order>act</order>
</decoder>

<decoder name="fireeye-MPS">
    <parent>cef-fireeye</parent>
    <regex offset="after_regex">dmac=(\S+)</regex>
    <order>dmac</order>
</decoder>

<decoder name="fireeye-MPS">
    <parent>cef-fireeye</parent>
    <regex offset="after_regex">cs1Label=sname cs1=(\S+)</regex>
    <order>sname</order>
</decoder>


<!--
Generic
Sep  9 00:31:10 192.168.1.1 cef: CEF:0|FireEye|????|7.9.3.616878|MC|YYYY|7|rt=Sep 09 2017 00:31:23 UTC src=192.168.1.2 cn3La...=tcp dst=192.168.1.2 cs5Lab...
-->
<decoder name="fireeye-generic">
    <parent>cef-fireeye</parent>
    <regex offset="after_parent">^\|(\.+)\|\.+\|\.+\|(\.+)\|\d+\|</regex>
    <order>app,type</order>
</decoder>

<decoder name="fireeye-generic">
    <parent>cef-fireeye</parent>
    <regex offset="after_regex">src=(\S+)</regex>
    <order>srcip</order>
</decoder>

<decoder name="fireeye-generic">
    <parent>cef-fireeye</parent>
    <regex offset="after_regex">dst=(\S+)</regex>
    <order>dstcip</order>
</decoder>
