<!--
  Copyright (C) 2015, Wazuh Inc.
-->

<!-- Sample log
  time="2021-07-19T00:02:37Z" level=info msg="STS response" accesskeyid=ABCDABCDABCD accountid=12341234 arn="arn:aws:sts::12341234:assumed-role/eksctl-cicd-nodegroup-ng-eks1-19-NodeInstanceRole-MBOPVSHP4S06/i-12ab12ab" client="127.0.0.1:33278" method=POST path=/authenticate session=i-12ab12ab12ab sts=sts.eu-central-1.amazonaws.com userid=ABCDABCDABCD
-->
<decoder name="aws-eks-authenticator">
  <prematch type="pcre2">time="\d{4}-\d{2}-\d{2}T\d{2}:\d{2}:\d{2}Z"</prematch>
</decoder>

<decoder name="aws-eks-authenticator-fields">
  <parent>aws-eks-authenticator</parent>
  <regex type="pcre2">time="(\d{4}-\d{2}-\d{2}T\d{2}:\d{2}:\d{2}Z)"</regex>
  <order>timestamp</order>
</decoder>

<decoder name="aws-eks-authenticator-fields">
  <parent>aws-eks-authenticator</parent>
  <regex type="pcre2">level=(\S+)</regex>
  <order>level</order>
</decoder>

<decoder name="aws-eks-authenticator-fields">
  <parent>aws-eks-authenticator</parent>
  <regex type="pcre2">msg="([^"]+)"\s</regex>
  <order>msg</order>
</decoder>

<decoder name="aws-eks-authenticator-fields">
  <parent>aws-eks-authenticator</parent>
  <regex type="pcre2">arn="([^"]+)"\s</regex>
  <order>arn</order>
</decoder>

<decoder name="aws-eks-authenticator-fields">
  <parent>aws-eks-authenticator</parent>
  <regex type="pcre2">client="([^"]+)"\s</regex>
  <order>client</order>
</decoder>

<decoder name="aws-eks-authenticator-fields">
  <parent>aws-eks-authenticator</parent>
  <regex type="pcre2">groups="([^"]+)"\s</regex>
  <order>groups</order>
</decoder>

<decoder name="aws-eks-authenticator-fields">
  <parent>aws-eks-authenticator</parent>
  <regex type="pcre2">method=(\S+)</regex>
  <order>method</order>
</decoder>

<decoder name="aws-eks-authenticator-fields">
  <parent>aws-eks-authenticator</parent>
  <regex type="pcre2">path=(\S+)</regex>
  <order>path</order>
</decoder>

<decoder name="aws-eks-authenticator-fields">
  <parent>aws-eks-authenticator</parent>
  <regex type="pcre2">sts=(\S+)</regex>
  <order>sts</order>
</decoder>

<decoder name="aws-eks-authenticator-fields">
  <parent>aws-eks-authenticator</parent>
  <regex type="pcre2">uid="([^"]+)"\s</regex>
  <order>uid</order>
</decoder>

<decoder name="aws-eks-authenticator-fields">
  <parent>aws-eks-authenticator</parent>
  <regex type="pcre2">username="([^"]+)"\s</regex>
  <order>username</order>
</decoder>

<decoder name="aws-eks-authenticator-fields">
  <parent>aws-eks-authenticator</parent>
  <regex type="pcre2">session=(\S+)</regex>
  <order>session</order>
</decoder>

<decoder name="aws-eks-authenticator-fields">
  <parent>aws-eks-authenticator</parent>
  <regex type="pcre2">accountid=(\S+)</regex>
  <order>accountid</order>
</decoder>

<decoder name="aws-eks-authenticator-fields">
  <parent>aws-eks-authenticator</parent>
  <regex type="pcre2">userid=(\S+)</regex>
  <order>userid</order>
</decoder>

<decoder name="aws-eks-authenticator-fields">
  <parent>aws-eks-authenticator</parent>
  <regex type="pcre2">accesskeyid=(\S+)</regex>
  <order>accesskeyid</order>
</decoder>
