<decoder name="macOS_tccd">
  <program_name>tccd</program_name>
</decoder>

<decoder name="macOS_tccd">
  <parent>macOS_tccd</parent>
  <regex>[com.apple.TCC:access] Update Access Record: (\S+) for (\S+) to (\S+) at \d+ \p\d+-\d+-\d+ (\d+:\d+:\d+) +\d+\p</regex>
  <order>service, application, status, time</order>
</decoder>

<decoder name="macOS_tccd">
  <parent>macOS_tccd</parent>
  <regex>[com.apple.TCC:access] Update Access Record: (\S+) for (\S+) to (\S+) \(System Set\) \(v1\) at \d+ \p\d+-\d+-\d+ (\d+:\d+:\d+) +\d+\p</regex>
  <order>service, application, status, time</order>
</decoder>

<decoder name="macOS_loginwindow">
  <program_name>loginwindow</program_name>
</decoder>

<decoder name="macOS_loginwindow">
  <parent>macOS_loginwindow</parent>
  <regex>com.apple.sessionDidLogin, with userID:(\d+)|com.apple.sessionagent.screenIsUnlocked, with userID:(\d+)|com.apple.sessionagent.screenIsLocked, with userID:(\d+)</regex>
  <order>userID</order>
</decoder>

<decoder name="macOS_screensharingd">
  <program_name>screensharingd</program_name>
</decoder>

<decoder name="macOS_screensharingd">
  <parent>macOS_screensharingd</parent>
  <regex>Authentication: (\S+) :: User Name: (\S+) :: Viewer Address: (\d+.\d+.\d+.\d+) :: Type: (\S+)</regex>
  <order>action, dstuser, ip_address, type</order>
</decoder>

<decoder name="macOS_securityd">
  <program_name>securityd</program_name>
</decoder>

<decoder name="macOS_securityd">
  <parent>macOS_securityd</parent>
  <regex>[com.apple.securityd:SecServer] \S+ Session \d+ created, uid:(\d+) sessionId:(\d+)</regex>
  <order>uid, sessionId</order>
</decoder>

<decoder name="macOS_securityd">
  <parent>macOS_securityd</parent>
  <regex>[com.apple.securityd:SecServer] \S+ Session (\d+) destroyed</regex>
  <order>sessionId</order>
</decoder>

<decoder name="macOS_sessionlogoutd">
  <program_name>sessionlogoutd</program_name>
</decoder>
