<!-- Local rules -->

<!-- Modify it at your will. -->
<!-- Copyright (C) 2015, Wazuh Inc. -->

<!-- Example -->
<group name="local,syslog,sshd,">

  <!--
  Dec 10 01:02:02 host sshd[1234]: Failed none for root from 1.1.1.1 port 1066 ssh2
  -->

  <rule id="100001" level="10">
    <if_sid>5716</if_sid>
    <match type="pcre2">\b(?!(10)|192\.168|172\.(2[0-9]|1[6-9]|3[0-1])|(25[6-9]|2[6-9][0-9]|[3-9][0-9][0-9]|99[1-9]))[0-9]{1,3}\.(25[0-5]|2[0-4][0-9]|[01]?[0-9][0-9]?)\.(25[0-5]|2[0-4][0-9]|[01]?[0-9][0-9]?)\.(25[0-5]|2[0-4][0-9]|[01]?[0-9][0-9]?)</match>
    <description>sshd: Authentication failed from a public IP address $(srcip).</description>
    <group>au
    thentication_failed,pci_dss_10.2.4,pci_dss_10.2.5,</group>
  </rule>
  
  
  <rule id="100002" level="10">
    <field name="abuseipdb.abuse_confidence_score" type="pcre2" negate="yes">^0$</field>
    <description>IP with $(abuseipdb.abuse_confidence_score)% confidence of abuse connected to your network.</description>
    <group>authentication_failed,pci_dss_10.2.4,pci_dss_10.2.5,</group>
  </rule>
</group>


<group name="pam,syslog,">
  <rule id="120100" level="10" frequency="3" timeframe="120">
    <if_matched_sid>5503</if_matched_sid>
    <description>Possible password guess on $(dstuser): 3 failed logins in a short period of time</description>
    <mitre>
      <id>T1110</id>
    </mitre>
  </rule>
</group>

<!-- Virus Toatal Detection and file Removal -->
<!-- Folders to be Checked by VirusTotal -->
<group name="syscheck,pci_dss_11.5,nist_800_53_SI.7,">
     Rules for Linux systems 
    <rule id="100200" level="7">
        <if_sid>550</if_sid>
        <field name="file">/tmp</field>
        <description>File modified in /root directory.</description>
    </rule>
    <rule id="100201" level="7">
        <if_sid>554</if_sid>
        <field name="file">/tmp</field>
        <description>File added to /root directory.</description>
    </rule>
</group>
<!-- Folders to be Checked by VirusTotal END -->

<group name="virustotal,">
  <rule id="100092" level="12">
    <if_sid>657</if_sid>
    <match>Successfully removed threat</match>
    <description>$(parameters.program) removed threat located at $(parameters.alert.data.virustotal.source.file)</description>
  </rule>

  <rule id="100093" level="12">
    <if_sid>657</if_sid>
    <match>Error removing threat</match>
    <description>Error removing threat located at $(parameters.alert.data.virustotal.source.file)</description>
  </rule>
</group>
<!-- Virus Total END -->

<!-- Yara Detection Rules -->

<!-- Folders To be Checked by YARA -->
<group name="syscheck,">
  <rule id="100300" level="7">
    <if_sid>550</if_sid>
    <field name="file">/tmp/yara/malware/</field>
    <description>File modified in /tmp/yara/malware/ directory.</description>
  </rule>
  <rule id="100301" level="7">
    <if_sid>554</if_sid>
    <field name="file">/tmp/yara/malware/</field>
    <description>File added to /tmp/yara/malware/ directory.</description>
  </rule>
  <rule id="100303" level="7">
    <if_sid>550</if_sid>
    <field name="file">C:\\Users\\xiotz\\Downloads</field>
    <description>File modified in C:\Users\xiotz\Downloads directory.</description>
  </rule>
  <rule id="100304" level="7">
    <if_sid>554</if_sid>
    <field name="file">C:\\Users\\xiotz\\Downloads</field>
    <description>File added to C:\Users\xiotz\Downloads  directory.</description>
  </rule>
</group>

<!-- Folders to be Checked by yara END -->

<group name="yara,">
  <rule id="102000" level="0">
    <decoded_as>yara_decoder</decoded_as>
    <description>Yara grouping rule</description>
  </rule>
  <rule id="102001" level="12">
    <if_sid>102000</if_sid>
    <match>xIoTz-yara: INFO - Scan result: </match>
    <description>File "$(yara_scanned_file)" is a positive match. Yara rule: $(yara_rule)</description>
  </rule>
</group>

<!-- Yara Detection END -->

<group name="custom_active_response_rules,">
  <rule id="100500" level="12">
    <if_sid>86600</if_sid>
    <field name="event_type">^alert$</field>
    <match>ET DOS Inbound GoldenEye DoS attack</match>
    <description>GoldenEye DoS attack has been detected. </description>
    <mitre>
      <id>T1498</id>
    </mitre>
  </rule>

  <rule id="100501" level="12">
    <if_sid>86600</if_sid>
    <field name="event_type">^alert$</field>
    <match>ET SCAN Nmap Scripting Engine User-Agent Detected (Nmap Scripting Engine)</match>
    <description>Nmap scripting engine detected. </description>
    <mitre>
      <id>T1595</id>
    </mitre>
  </rule>
</group>


<!-- USB Detection Rule -->
<group name="windows-usb-detect">
  <rule id="111000" level="7">
    <if_sid>60103</if_sid>
    <field name="win.system.eventID">^6416$</field>
    <match>USBSTOR\\Disk</match>
    <options>no_full_log</options>
    <description>Windows: A PNP device $(win.eventdata.deviceDescription) was connected to $(win.system.computer)</description>
  </rule>

  <rule id="111001" level="5">
    <if_sid>111000</if_sid>
    <options>no_full_log</options>
    <description>Windows: Authorized PNP device $(win.eventdata.deviceDescription) was connected to $(win.system.computer).</description>
  </rule>

  <rule id="111002" level="8">
    <if_sid>111000</if_sid>
    <list field="win.eventdata.deviceId" lookup="not_match_key">etc/lists/usb-drives</list>
    <options>no_full_log</options>
    <description>Windows: Unauthorized PNP device $(win.eventdata.deviceDescription) was connected to $(win.system.computer).</description>
  </rule>
</group>
<!-- USB Detection Rule END -->

<!-- Active Response Rules -->
<group name="custom_active_response_rules">
  <!-- Parent Rule -->
  <rule id="100700" level="3">
    <decoded_as>active_response_parent</decoded_as>
    <description>xIoTz Automated Response grouping rule</description>
    <options>no_full_log</options>
  </rule>

  <!-- Account Disabled Rule -->
  <rule id="100701" level="12">
    <if_sid>100700</if_sid>
    <match>account has been disabled.</match>
    <description>"$(username)" account has been disabled by xIoTz Automated Response</description>
  </rule>

  <!-- USB Device Disabled Rule -->
  <rule id="100703" level="12">
    <if_sid>100700</if_sid>
    <match>Active Response: Device</match>
    <description>USB device has been successfully disabled by xIoTz Automated Response</description>
  </rule>

  <!-- Process Kill Block Rule by Software Policy -->
  <rule id="100704" level="12">
    <if_sid>100700</if_sid>
    <match>The process was blocked as it is not allowed by the software policy</match>
    <description>A process was terminated by xIoTz Automated Response due to a violation of the software policy.</description>
  </rule>
<!-- Process Kill Block Rule by Uncommon Port -->
 <rule id="100705" level="12">
    <if_sid>100700</if_sid>
    <match>connection to an uncommon port</match>
    <description>A process was terminated by xIoTz Automated Response due to a network connection to an uncommon port.</description>
</rule>

</group>
<!-- Active Response Rules END -->


