<!--
  -  Rules config
  -  Author: Daniel Cid.
  -  Updated by Wazuh, Inc.
  -  Copyright (C) 2015, Wazuh Inc.
  -  Copyright (C) 2009 Trend Micro Inc.
  -  This program is a free software; you can redistribute it and/or modify it under the terms of GPLv2.
-->

<group name="syslog,">
  <rule id="1" level="0" noalert="1">
    <category>syslog</category>
    <description>Generic template for all syslog rules.</description>
  </rule>
</group>

<group name="firewall,">
  <rule id="2" level="0" noalert="1">
    <category>firewall</category>
    <description>Generic template for all firewall rules.</description>
  </rule>
</group>

<group name="ids,">
  <rule id="3" level="0" noalert="1">
    <category>ids</category>
    <description>Generic template for all ids rules.</description>
  </rule>
</group>

<group name="web-log,">
  <rule id="4" level="0" noalert="1">
    <category>web-log</category>
    <description>Generic template for all web rules.</description>
  </rule>
</group>

<group name="squid,">
  <rule id="5" level="0" noalert="1">
    <category>squid</category>
    <description>Generic template for all web proxy rules.</description>
  </rule>
</group>

<group name="windows,">
  <rule id="6" level="0" noalert="1">
    <category>windows</category>
    <description>Generic template for all windows rules.</description>
  </rule>
</group>

<group name="ossec,">
  <rule id="7" level="0" noalert="1">
    <category>ossec</category>
    <description>Generic template for all wazuh rules.</description>
  </rule>
</group>
