<!--
  -  Sendmail rules
  -  Author: Daniel Cid.
  -  Author: Ahmet Ozturk
  -  Updated by Wazuh, Inc.
  -  Copyright (C) 2015, Wazuh Inc.
  -  Copyright (C) 2009 Trend Micro Inc.
  -  This program is a free software; you can redistribute it and/or modify it under the terms of GPLv2.
-->

<group name="syslog,sendmail,">
  <rule id="3100" level="0">
    <decoded_as>sendmail-reject</decoded_as>
    <description>Grouping of the sendmail rules.</description>
  </rule>

  <rule id="3101" level="0" noalert="1">
    <if_sid>3100</if_sid>
    <match>reject=</match>
    <description>Grouping of the sendmail reject rules.</description>
  </rule>

  <rule id="3102" level="5">
    <if_sid>3101</if_sid>
    <match>reject=451 4.1.8 </match>
    <description>sendmail: Sender domain does not have any valid </description>
    <description>MX record (Requested action aborted).</description>
    <mitre>
      <id>T1114</id>
    </mitre>
    <group>spam,pci_dss_11.4,gdpr_IV_35.7.d,nist_800_53_SI.4,tsc_CC6.1,tsc_CC6.8,tsc_CC7.2,tsc_CC7.3,</group>
  </rule>

  <rule id="3103" level="6">
    <if_sid>3101</if_sid>
    <match>reject=550 5.0.0 |reject=553 5.3.0</match>
    <description>sendmail: Rejected by access list </description>
    <description>(55x: Requested action not taken).</description>
    <mitre>
      <id>T1114</id>
    </mitre>
    <group>spam,pci_dss_11.4,gdpr_IV_35.7.d,nist_800_53_SI.4,tsc_CC6.1,tsc_CC6.8,tsc_CC7.2,tsc_CC7.3,</group>
  </rule>

  <rule id="3104" level="6">
    <if_sid>3101</if_sid>
    <match>reject=550 5.7.1 </match>
    <description>sendmail: Attempt to use mail server as relay </description>
    <description>(550: Requested action not taken).</description>
    <mitre>
      <id>T1114</id>
    </mitre>
    <group>spam,pci_dss_11.4,gdpr_IV_35.7.d,nist_800_53_SI.4,tsc_CC6.1,tsc_CC6.8,tsc_CC7.2,tsc_CC7.3,</group>
  </rule>

  <rule id="3105" level="5">
    <if_sid>3101</if_sid>
    <match>reject=553 5.1.8 </match>
    <description>sendmail: Sender domain is not found </description>
    <description> (553: Requested action not taken).</description>
    <mitre>
      <id>T1114</id>
    </mitre>
    <group>spam,pci_dss_11.4,gdpr_IV_35.7.d,nist_800_53_SI.4,tsc_CC6.1,tsc_CC6.8,tsc_CC7.2,tsc_CC7.3,</group>
  </rule>

  <rule id="3106" level="5">
    <if_sid>3101</if_sid>
    <match>reject=553 5.5.4 </match>
    <description>sendmail: Sender address does not have domain </description>
    <description>(553: Requested action not taken).</description>
    <mitre>
      <id>T1114</id>
    </mitre>
    <group>spam,pci_dss_11.4,gdpr_IV_35.7.d,nist_800_53_SI.4,tsc_CC6.1,tsc_CC6.8,tsc_CC7.2,tsc_CC7.3,</group>
  </rule>

  <rule id="3107" level="4">
    <if_sid>3101</if_sid>
    <description>sendmail: Sendmail rejected message.</description>
  </rule>

  <rule id="3108" level="6">
    <if_sid>3100</if_sid>
    <match>rejecting commands from</match>
    <description>sendmail: Sendmail rejected due to pre-greeting.</description>
    <mitre>
      <id>T1114</id>
    </mitre>
    <group>spam,pci_dss_11.4,gdpr_IV_35.7.d,nist_800_53_SI.4,tsc_CC6.1,tsc_CC6.8,tsc_CC7.2,tsc_CC7.3,</group>
  </rule>

  <rule id="3109" level="8">
    <if_sid>3100</if_sid>
    <match>savemail panic</match>
    <description>sendmail: Sendmail save mail panic.</description>
    <group>system_error,gdpr_IV_35.7.d,</group>
  </rule>

  <rule id="3151" level="10" frequency="8" timeframe="120">
    <if_matched_sid>3102</if_matched_sid>
    <same_source_ip />
    <description>sendmail: Sender domain has bogus MX record. </description>
    <description>It should not be sending e-mail.</description>
    <mitre>
      <id>T1114</id>
      <id>T1499</id>
    </mitre>
    <group>multiple_spam,pci_dss_11.4,gdpr_IV_35.7.d,nist_800_53_SI.4,tsc_CC6.1,tsc_CC6.8,tsc_CC7.2,tsc_CC7.3,</group>
  </rule>

  <rule id="3152" level="6" frequency="8" timeframe="120">
    <if_matched_sid>3103</if_matched_sid>
    <same_source_ip />
    <description>sendmail: Multiple attempts to send e-mail from a </description>
    <description>previously rejected sender (access).</description>
    <mitre>
      <id>T1114</id>
      <id>T1499</id>
    </mitre>
    <group>multiple_spam,pci_dss_11.4,gdpr_IV_35.7.d,nist_800_53_SI.4,tsc_CC6.1,tsc_CC6.8,tsc_CC7.2,tsc_CC7.3,</group>
  </rule>

  <rule id="3153" level="6" frequency="8" timeframe="120">
    <if_matched_sid>3104</if_matched_sid>
    <same_source_ip />
    <description>sendmail: Multiple relaying attempts of spam.</description>
    <mitre>
      <id>T1114</id>
      <id>T1499</id>
    </mitre>
    <group>multiple_spam,pci_dss_11.4,gdpr_IV_35.7.d,nist_800_53_SI.4,tsc_CC6.1,tsc_CC6.8,tsc_CC7.2,tsc_CC7.3,</group>
  </rule>

  <rule id="3154" level="10" frequency="8" timeframe="120">
    <if_matched_sid>3105</if_matched_sid>
    <same_source_ip />
    <description>sendmail: Multiple attempts to send e-mail </description>
    <description>from invalid/unknown sender domain.</description>
    <mitre>
      <id>T1114</id>
      <id>T1499</id>
    </mitre>
    <group>multiple_spam,pci_dss_11.4,gdpr_IV_35.7.d,nist_800_53_SI.4,tsc_CC6.1,tsc_CC6.8,tsc_CC7.2,tsc_CC7.3,</group>
  </rule>

  <rule id="3155" level="10" frequency="8" timeframe="120">
    <if_matched_sid>3106</if_matched_sid>
    <same_source_ip />
    <description>sendmail: Multiple attempts to send e-mail from </description>
    <description>invalid/unknown sender.</description>
    <mitre>
      <id>T1114</id>
      <id>T1499</id>
    </mitre>
    <group>multiple_spam,pci_dss_11.4,gdpr_IV_35.7.d,nist_800_53_SI.4,tsc_CC6.1,tsc_CC6.8,tsc_CC7.2,tsc_CC7.3,</group>
  </rule>

  <rule id="3156" level="10" frequency="12" timeframe="120">
    <if_matched_sid>3107</if_matched_sid>
    <same_source_ip />
    <description>sendmail: Multiple rejected e-mails from same source ip.</description>
    <mitre>
      <id>T1114</id>
      <id>T1499</id>
    </mitre>
    <group>multiple_spam,pci_dss_11.4,gdpr_IV_35.7.d,nist_800_53_SI.4,tsc_CC6.1,tsc_CC6.8,tsc_CC7.2,tsc_CC7.3,</group>
  </rule>

  <rule id="3158" level="10" frequency="8" timeframe="120">
    <if_matched_sid>3108</if_matched_sid>
    <same_source_ip />
    <description>sendmail: Multiple pre-greetings rejects.</description>
    <mitre>
      <id>T1114</id>
      <id>T1499</id>
    </mitre>
    <group>multiple_spam,pci_dss_11.4,gdpr_IV_35.7.d,nist_800_53_SI.4,tsc_CC6.1,tsc_CC6.8,tsc_CC7.2,tsc_CC7.3,</group>
  </rule>


   <!-- Rules for SMF-SAV -->
   <rule id="3190" level="0">
     <decoded_as>smf-sav-reject</decoded_as>
     <description>Grouping of the smf-sav sendmail milter rules.</description>
     <group>smf-sav,</group>
   </rule>

   <rule id="3191" level="6">
     <if_sid>3190</if_sid>
     <match>^sender check failed|^sender check tempfailed</match>
     <description>sendmail: SMF-SAV sendmail milter unable to verify </description>
     <description>address (REJECTED).</description>
     <mitre>
       <id>T1114</id>
     </mitre>
     <group>smf-sav,spam,pci_dss_11.4,gdpr_IV_35.7.d,nist_800_53_SI.4,tsc_CC6.1,tsc_CC6.8,tsc_CC7.2,tsc_CC7.3,</group>
   </rule>

</group>
