<!--
  -  Postfix rules
  -  Author: Daniel Cid.
  -  Author: Ahmet Ozturk
  -  Updated by Wazuh, Inc.
  -  Copyright (C) 2015, Wazuh Inc.
  -  Copyright (C) 2009 Trend Micro Inc.
  -  This program is a free software; you can redistribute it and/or modify it under the terms of GPLv2.
-->

<var name="POSTFIX_FREQ">8</var>

<group name="syslog,postfix,">
  <rule id="3300" level="0">
    <decoded_as>postfix-reject</decoded_as>
    <description>Grouping of the postfix reject rules.</description>
  </rule>

  <rule id="3301" level="6">
    <if_sid>3300</if_sid>
    <id>^554$</id>
    <description>Postfix: Attempt to use mail server as relay </description>
    <description>(client host rejected).</description>
    <mitre>
      <id>T1114</id>
    </mitre>
    <group>spam,pci_dss_10.6.1,pci_dss_11.4,gdpr_IV_35.7.d,hipaa_164.312.b,nist_800_53_AU.6,nist_800_53_SI.4,tsc_CC7.2,tsc_CC7.3,tsc_CC6.1,tsc_CC6.8,</group>
  </rule>

  <rule id="3302" level="6">
    <if_sid>3300</if_sid>
    <id>^550$</id>
    <description>Postfix: Rejected by access list </description>
    <description>(Requested action not taken).</description>
    <mitre>
      <id>T1114</id>
    </mitre>
    <group>spam,pci_dss_10.6.1,pci_dss_11.4,gdpr_IV_35.7.d,hipaa_164.312.b,nist_800_53_AU.6,nist_800_53_SI.4,tsc_CC7.2,tsc_CC7.3,tsc_CC6.1,tsc_CC6.8,</group>
  </rule>

  <rule id="3303" level="5">
    <if_sid>3300</if_sid>
    <id>^450$</id>
    <description>Postfix: Sender domain is not found </description>
    <description>(450: Requested mail action not taken).</description>
    <mitre>
      <id>T1114</id>
    </mitre>
    <group>spam,pci_dss_10.6.1,pci_dss_11.4,gdpr_IV_35.7.d,hipaa_164.312.b,nist_800_53_AU.6,nist_800_53_SI.4,tsc_CC7.2,tsc_CC7.3,tsc_CC6.1,tsc_CC6.8,</group>
  </rule>

  <rule id="3304" level="5">
    <if_sid>3300</if_sid>
    <id>^503$</id>
    <description>Postfix: Improper use of SMTP command pipelining </description>
    <description>(503: Bad sequence of commands).</description>
    <mitre>
      <id>T1114</id>
    </mitre>
    <group>spam,pci_dss_10.6.1,pci_dss_11.4,gdpr_IV_35.7.d,hipaa_164.312.b,nist_800_53_AU.6,nist_800_53_SI.4,tsc_CC7.2,tsc_CC7.3,tsc_CC6.1,tsc_CC6.8,</group>
  </rule>

  <rule id="3305" level="5">
    <if_sid>3300</if_sid>
    <id>^504$</id>
    <description>Postfix: Recipient address must contain FQDN </description>
    <description>(504: Command parameter not implemented).</description>
    <mitre>
      <id>T1114</id>
    </mitre>
    <group>spam,pci_dss_10.6.1,pci_dss_11.4,gdpr_IV_35.7.d,hipaa_164.312.b,nist_800_53_AU.6,nist_800_53_SI.4,tsc_CC7.2,tsc_CC7.3,tsc_CC6.1,tsc_CC6.8,</group>
  </rule>

  <rule id="3306" level="6">
    <if_sid>3301, 3302</if_sid>
    <match> blocked using </match>
    <description>Postfix: IP Address black-listed by anti-spam (blocked).</description>
    <mitre>
      <id>T1114</id>
    </mitre>
    <group>spam,pci_dss_10.6.1,pci_dss_11.4,gdpr_IV_35.7.d,hipaa_164.312.b,nist_800_53_AU.6,nist_800_53_SI.4,tsc_CC7.2,tsc_CC7.3,tsc_CC6.1,tsc_CC6.8,</group>
  </rule>

  <rule id="3320" level="0">
    <decoded_as>postfix</decoded_as>
    <description>Grouping of the postfix rules.</description>
  </rule>

  <rule id="3330" level="10" ignore="240">
    <if_sid>3320</if_sid>
    <match>defer service failure|Resource temporarily unavailable|</match>
    <match>^fatal: the Postfix mail system is not running</match>
    <description>Postfix process error.</description>
    <mitre>
      <id>T1499</id>
    </mitre>
    <group>service_availability,pci_dss_10.6.1,gdpr_IV_35.7.d,hipaa_164.312.b,nist_800_53_AU.6,tsc_CC7.2,tsc_CC7.3,</group>
  </rule>

  <rule id="3332" level="5">
    <if_sid>3320</if_sid>
    <match> authentication failed</match>
    <description>Postfix SASL authentication failure.</description>
    <group>authentication_failed,pci_dss_10.2.4,pci_dss_10.2.5,gdpr_IV_35.7.d,gdpr_IV_32.2,hipaa_164.312.b,nist_800_53_AU.14,nist_800_53_AC.7,tsc_CC6.1,tsc_CC6.8,tsc_CC7.2,tsc_CC7.3,</group>
  </rule>

  <rule id="3331" level="10" ignore="120">
    <if_sid>3300</if_sid>
    <id>^452</id>
    <description>Postfix insufficient disk space error.</description>
    <group>service_availability,pci_dss_10.6.1,gdpr_IV_35.7.d,hipaa_164.312.b,nist_800_53_AU.6,tsc_CC7.2,tsc_CC7.3,</group>
  </rule>

  <rule id="3334" level="3">
    <if_sid>3320</if_sid>
    <match>^daemon started </match>
    <description>Postfix started.</description>
    <group></group>
  </rule>

  <rule id="3335" level="6">
    <if_sid>3320</if_sid>
    <match>^too many </match>
    <description>Postfix: too many errors after RCPT from unknown</description>
    <group>spam,pci_dss_10.6.1,pci_dss_11.4,gdpr_IV_35.7.d,hipaa_164.312.b,nist_800_53_AU.6,nist_800_53_SI.4,tsc_CC7.2,tsc_CC7.3,tsc_CC6.1,tsc_CC6.8,</group>
    <mitre>
      <id>T1114</id>
    </mitre>
  </rule>

  <rule id="3333" level="7">
    <if_sid>3320</if_sid>
    <match>^terminating on signal</match>
    <description>Postfix stopped.</description>
    <group>service_availability,pci_dss_10.6.1,gdpr_IV_35.7.d,hipaa_164.312.b,nist_800_53_AU.6,tsc_CC7.2,tsc_CC7.3,</group>
  </rule>

  <rule id="3351" level="6" frequency="$POSTFIX_FREQ" timeframe="90">
    <if_matched_sid>3301</if_matched_sid>
    <same_source_ip />
    <description>Postfix: Multiple relaying attempts of spam.</description>
    <mitre>
      <id>T1114</id>
      <id>T1499</id>
    </mitre>
    <group>multiple_spam,pci_dss_10.6.1,pci_dss_11.4,gdpr_IV_35.7.d,hipaa_164.312.b,nist_800_53_AU.6,nist_800_53_SI.4,tsc_CC7.2,tsc_CC7.3,tsc_CC6.1,tsc_CC6.8,</group>
  </rule>

  <rule id="3352" level="6" frequency="$POSTFIX_FREQ" timeframe="120">
    <if_matched_sid>3302</if_matched_sid>
    <same_source_ip />
    <description>Postfix: Multiple attempts to send e-mail from a </description>
    <description>rejected sender IP (access).</description>
    <mitre>
      <id>T1114</id>
      <id>T1499</id>
    </mitre>
    <group>multiple_spam,pci_dss_10.6.1,pci_dss_11.4,hipaa_164.312.b,nist_800_53_AU.6,nist_800_53_SI.4,tsc_CC7.2,tsc_CC7.3,tsc_CC6.1,tsc_CC6.8,</group>
  </rule>

  <rule id="3353" level="10" frequency="$POSTFIX_FREQ" timeframe="120">
    <if_matched_sid>3303</if_matched_sid>
    <same_source_ip />
    <description>Postfix: Multiple attempts to send e-mail from </description>
    <description>invalid/unknown sender domain.</description>
    <mitre>
      <id>T1114</id>
      <id>T1499</id>
    </mitre>
    <group>multiple_spam,pci_dss_10.6.1,pci_dss_11.4,gdpr_IV_35.7.d,hipaa_164.312.b,nist_800_53_AU.6,nist_800_53_SI.4,tsc_CC7.2,tsc_CC7.3,tsc_CC6.1,tsc_CC6.8,</group>
  </rule>

  <rule id="3354" level="12" frequency="$POSTFIX_FREQ" timeframe="120">
    <if_matched_sid>3304</if_matched_sid>
    <same_source_ip />
    <description>Postfix: Multiple misuse of SMTP service </description>
    <description>(bad sequence of commands).</description>
    <mitre>
      <id>T1114</id>
    </mitre>
    <group>multiple_spam,pci_dss_10.6.1,pci_dss_11.4,gdpr_IV_35.7.d,hipaa_164.312.b,nist_800_53_AU.6,nist_800_53_SI.4,tsc_CC7.2,tsc_CC7.3,tsc_CC6.1,tsc_CC6.8,</group>
  </rule>

  <rule id="3355" level="10" frequency="$POSTFIX_FREQ" timeframe="120">
    <if_matched_sid>3305</if_matched_sid>
    <same_source_ip />
    <description>Postfix: Multiple attempts to send e-mail to </description>
    <description>invalid recipient or from unknown sender domain.</description>
    <mitre>
      <id>T1114</id>
      <id>T1499</id>
    </mitre>
    <group>multiple_spam,pci_dss_10.6.1,pci_dss_11.4,gdpr_IV_35.7.d,hipaa_164.312.b,nist_800_53_AU.6,nist_800_53_SI.4,tsc_CC7.2,tsc_CC7.3,tsc_CC6.1,tsc_CC6.8,</group>
  </rule>

  <rule id="3356" level="10" frequency="$POSTFIX_FREQ" timeframe="120" ignore="30">
    <if_matched_sid>3306</if_matched_sid>
    <same_source_ip />
    <description>Postfix: Multiple attempts to send e-mail from </description>
    <description>black-listed IP address (blocked).</description>
    <mitre>
      <id>T1499</id>
    </mitre>
    <group>multiple_spam,pci_dss_10.6.1,pci_dss_11.4,gdpr_IV_35.7.d,hipaa_164.312.b,nist_800_53_AU.6,nist_800_53_SI.4,tsc_CC7.2,tsc_CC7.3,tsc_CC6.1,tsc_CC6.8,</group>
  </rule>

  <rule id="3357" level="10" frequency="8" timeframe="120" ignore="60">
    <if_matched_sid>3332</if_matched_sid>
    <same_source_ip />
    <description>Postfix: Multiple SASL authentication failures.</description>
    <mitre>
      <id>T1110</id>
    </mitre>
    <group>authentication_failures,pci_dss_10.2.4,pci_dss_10.2.5,pci_dss_11.4,gdpr_IV_35.7.d,gdpr_IV_32.2,hipaa_164.312.b,nist_800_53_AU.14,nist_800_53_AC.7,nist_800_53_SI.4,tsc_CC6.1,tsc_CC6.8,tsc_CC7.2,tsc_CC7.3,</group>
  </rule>

  <rule id="3390" level="0">
    <match>^clamsmtpd: </match>
    <description>Grouping of the clamsmtpd rules.</description>
  </rule>

  <rule id="3395" level="0">
    <description>Grouping of the postfix warning rules.</description>
    <decoded_as>postfix-warning</decoded_as>
  </rule>

  <rule id="3396" level="6">
    <if_sid>3395</if_sid>
    <match>verification</match>
    <description>Postfix: hostname verification failed</description>
    <mitre>
      <id>T1114</id>
    </mitre>
    <group>spam,pci_dss_10.6.1,pci_dss_11.4,gdpr_IV_35.7.d,hipaa_164.312.b,nist_800_53_AU.6,nist_800_53_SI.4,tsc_CC7.2,tsc_CC7.3,tsc_CC6.1,tsc_CC6.8,</group>
  </rule>

  <rule id="3397" level="6">
    <if_sid>3395</if_sid>
    <match>RBL</match>
    <description>Postfix: RBL lookup error: Host or domain name not found</description>
    <mitre>
      <id>T1114</id>
    </mitre>
    <group>spam,pci_dss_10.6.1,pci_dss_11.4,gdpr_IV_35.7.d,hipaa_164.312.b,nist_800_53_AU.6,nist_800_53_SI.4,tsc_CC7.2,tsc_CC7.3,tsc_CC6.1,tsc_CC6.8,</group>
  </rule>

  <rule id="3398" level="6">
    <if_sid>3395</if_sid>
    <match>MAIL|does not resolve to address</match>
    <description>Postfix: Illegal address from unknown sender</description>
    <mitre>
      <id>T1114</id>
    </mitre>
    <group>spam,pci_dss_10.6.1,pci_dss_11.4,gdpr_IV_35.7.d,hipaa_164.312.b,nist_800_53_AU.6,nist_800_53_SI.4,tsc_CC7.2,tsc_CC7.3,tsc_CC6.1,tsc_CC6.8,</group>
  </rule>

  <!--
  Jan 21 00:00:01 host postfix/postdrop[12345]: warning: mail_queue_enter: create file maildrop/123456.12345: Read-only file system
  -->
  <rule id="3399" level="0">
    <if_sid>3398</if_sid>
    <match>Read-only file system</match>
    <description>Postfix: Ignore permission warning</description>
  </rule>

</group>
