<!--
  -  MS Exchange rules
  -  Author: Daniel Cid.
  -  Updated by Wazuh, Inc.
  -  Copyright (C) 2015, Wazuh Inc.
  -  Copyright (C) 2009 Trend Micro Inc.
  -  This program is a free software; you can redistribute it and/or modify it under the terms of GPLv2.
-->

<group name="ms,exchange,">
  <rule id="3800" level="0">
    <decoded_as>msexchange</decoded_as>
    <description>Grouping of Exchange rules.</description>
  </rule>

  <rule id="3801" level="4">
    <if_sid>3800</if_sid>
    <action>RCPT</action>
    <id>^550</id>
    <description>ms-exchange: E-mail rcpt is not valid (invalid account).</description>
    <group>spam,</group>
  </rule>

  <rule id="3802" level="4">
    <if_sid>3800</if_sid>
    <id>^5</id>
    <description>ms-exchange: E-mail 500 error code.</description>
    <group>spam,</group>
  </rule>

  <rule id="3851" level="9" frequency="12" timeframe="120" ignore="120">
    <if_matched_sid>3801</if_matched_sid>
    <same_source_ip />
    <description>ms-exchange: Multiple e-mail attempts to an invalid account.</description>
    <mitre>
      <id>T1114</id>
      <id>T1499</id>
    </mitre>
    <group>multiple_spam,pci_dss_10.6.1,gpg13_4.12,gdpr_IV_35.7.d,hipaa_164.312.b,nist_800_53_AU.6,tsc_CC7.2,tsc_CC7.3,</group>
  </rule>

  <rule id="3852" level="9" frequency="14" timeframe="120" ignore="240">
    <if_matched_sid>3802</if_matched_sid>
    <same_source_ip />
    <description>ms-exchange: Multiple e-mail 500 error code (spam).</description>
    <mitre>
      <id>T1114</id>
      <id>T1499</id>
    </mitre>
    <group>multiple_spam,pci_dss_10.6.1,gpg13_4.12,gdpr_IV_35.7.d,hipaa_164.312.b,nist_800_53_AU.6,tsc_CC7.2,tsc_CC7.3,</group>
  </rule>

</group>
