<!--
  -  Courier rules
  -  Author: Daniel Cid.
  -  Updated by Wazuh, Inc.
  -  Copyright (C) 2015, Wazuh Inc.
  -  Copyright (C) 2009 Trend Micro Inc.
  -  This program is a free software; you can redistribute it and/or modify it under the terms of GPLv2.
-->

<group name="syslog,courier,">
  <rule id="3900" level="0">
    <decoded_as>courier</decoded_as>
    <description>Grouping for the courier rules.</description>
  </rule>

  <rule id="3901" level="3">
    <if_sid>3900</if_sid>
    <match>^Connection, </match>
    <description>New courier (imap/pop3) connection.</description>
    <group>connection_attempt,pci_dss_10.6.1,gdpr_IV_35.7.d,hipaa_164.312.b,nist_800_53_AU.6,tsc_CC7.2,tsc_CC7.3,</group>
  </rule>

  <rule id="3902" level="5">
    <if_sid>3900</if_sid>
    <match>^LOGIN FAILED,| FAILED:</match>
    <description>Courier (imap/pop3) authentication failed.</description>
    <group>authentication_failed,pci_dss_10.2.4,pci_dss_10.2.5,gpg13_7.1,gdpr_IV_35.7.d,gdpr_IV_32.2,hipaa_164.312.b,nist_800_53_AU.14,nist_800_53_AC.7,tsc_CC6.1,tsc_CC6.8,tsc_CC7.2,tsc_CC7.3,</group>
  </rule>

  <rule id="3903" level="0">
    <if_sid>3900</if_sid>
    <match>^LOGOUT,|^DISCONNECTED</match>
    <description>Courier logout/timeout.</description>
    <group>pci_dss_8.1.5,gpg13_7.1,hipaa_164.312.a.1,nist_800_53_AC.2,tsc_CC6.1,</group>
  </rule>

  <rule id="3904" level="3">
    <if_sid>3900</if_sid>
    <match>^LOGIN,</match>
    <description>Courier (imap/pop3) authentication success.</description>
    <mitre>
      <id>T1078</id>
    </mitre>
    <group>authentication_success,pci_dss_10.2.5,gpg13_7.1,gpg13_7.2,gdpr_IV_32.2,hipaa_164.312.b,nist_800_53_AU.14,nist_800_53_AC.7,tsc_CC6.8,tsc_CC7.2,tsc_CC7.3,</group>
  </rule>

  <rule id="3910" level="10" frequency="12" timeframe="30">
    <if_matched_sid>3902</if_matched_sid>
    <description>Courier brute force (multiple failed logins).</description>
    <mitre>
      <id>T1110</id>
    </mitre>
    <group>authentication_failures,pci_dss_10.2.4,pci_dss_10.2.5,pci_dss_11.4,gpg13_7.1,gdpr_IV_35.7.d,gdpr_IV_32.2,hipaa_164.312.b,nist_800_53_AU.14,nist_800_53_AC.7,nist_800_53_SI.4,tsc_CC6.1,tsc_CC6.8,tsc_CC7.2,tsc_CC7.3,</group>
    <same_source_ip />
  </rule>

  <rule id="3911" level="10" frequency="17" timeframe="30">
    <if_matched_sid>3901</if_matched_sid>
    <same_source_ip />
    <description>Courier: Multiple connection attempts from same source.</description>
    <mitre>
      <id>T1110</id>
    </mitre>
    <group>recon,pci_dss_10.6.1,pci_dss_11.4,gdpr_IV_35.7.d,hipaa_164.312.b,nist_800_53_AU.6,nist_800_53_SI.4,tsc_CC7.2,tsc_CC7.3,tsc_CC6.1,tsc_CC6.8,</group>
  </rule>
</group>
