<!--
  -  Netscreen rules
  -  Author: Daniel Cid.
  -  Updated by Wazuh, Inc.
  -  Copyright (C) 2015, Wazuh Inc.
  -  Copyright (C) 2009 Trend Micro Inc.
  -  This program is a free software; you can redistribute it and/or modify it under the terms of GPLv2.
-->

<group name="netscreenfw,">
  <rule id="4500" level="0">
    <decoded_as>netscreenfw</decoded_as>
    <description>Grouping for the Netscreen Firewall rules</description>
  </rule>

  <rule id="4501" level="3">
    <if_sid>4500</if_sid>
    <action>notification</action>
    <description>Netscreen notification message.</description>
  </rule>

  <rule id="4502" level="4">
    <if_sid>4500</if_sid>
    <action>warning</action>
    <description>Netscreen warning message.</description>
  </rule>

  <rule id="4503" level="5">
    <if_sid>4500</if_sid>
    <action>critical</action>
    <description>Netscreen critical/alert message.</description>
  </rule>

  <rule id="4513" level="5">
    <if_sid>4500</if_sid>
    <action>alert</action>
    <description>Netscreen critical/alert message.</description>
  </rule>

  <rule id="4504" level="5">
    <if_sid>4500</if_sid>
    <action>information</action>
    <description>Netscreen informational message.</description>
  </rule>

  <!-- ns204: NetScreen device_id=ns204 [Root]system-critical-00027:
     - Configuration Erase sequence accepted -->
  <rule id="4505" level="11">
    <if_sid>4503</if_sid>
    <id>^00027</id>
    <description>Netscreen Erase sequence started.</description>
    <mitre>
      <id>T1485</id>
    </mitre>
    <group>service_availability,pci_dss_1.4,pci_dss_10.6.1,gdpr_IV_35.7.d,hipaa_164.312.a.1,hipaa_164.312.b,nist_800_53_SC.7,nist_800_53_AU.6,tsc_CC6.7,tsc_CC6.8,tsc_CC7.2,tsc_CC7.3,</group>
  </rule>

  <rule id="4506" level="8">
    <if_sid>4501</if_sid>
    <id>^00002</id>
    <description>Netscreen firewall: Successfull admin login</description>
    <mitre>
      <id>T1078</id>
    </mitre>
    <group>authentication_success,pci_dss_10.2.5,pci_dss_10.2.2,gpg13_7.8,gdpr_IV_32.2,hipaa_164.312.b,nist_800_53_AU.14,nist_800_53_AC.7,nist_800_53_AC.6,tsc_CC6.8,tsc_CC7.2,tsc_CC7.3,</group>
  </rule>

  <rule id="4507" level="8">
    <if_sid>4502</if_sid>
    <id>^00515</id>
    <description>Netscreen firewall: Successfull admin login</description>
    <mitre>
      <id>T1078</id>
    </mitre>
    <group>authentication_success,pci_dss_10.2.5,pci_dss_10.2.2,gpg13_7.8,gdpr_IV_32.2,hipaa_164.312.b,nist_800_53_AU.14,nist_800_53_AC.7,nist_800_53_AC.6,tsc_CC6.8,tsc_CC7.2,tsc_CC7.3,</group>
  </rule>

  <rule id="4508" level="8">
    <if_sid>4501</if_sid>
    <id>^00018</id>
    <description>Netscreen firewall: policy changed.</description>
    <group>config_changed,pci_dss_1.1.1,gpg13_4.12,gdpr_IV_35.7.d,hipaa_164.312.a.1,nist_800_53_CM.3,nist_800_53_CM.5,tsc_CC8.1,</group>
  </rule>

  <rule id="4509" level="8">
    <if_sid>4504</if_sid>
    <id>^00767</id>
    <description>Netscreen firewall: configuration changed.</description>
    <mitre>
      <id>T1562.004</id>
    </mitre>
    <group>config_changed,pci_dss_1.1.1,gpg13_4.12,gdpr_IV_35.7.d,hipaa_164.312.a.1,nist_800_53_CM.3,nist_800_53_CM.5,tsc_CC8.1,</group>
  </rule>

  <rule id="4550" level="10" frequency="6" timeframe="180" ignore="60">
    <if_matched_sid>4503</if_matched_sid>
    <same_source_ip />
    <description>Netscreen firewall: Multiple critical messages from </description>
    <description>same source IP.</description>
    <mitre>
      <id>T1499</id>
    </mitre>
    <group>pci_dss_1.4,pci_dss_10.6.1,pci_dss_11.4,gpg13_4.1,gdpr_IV_35.7.d,hipaa_164.312.a.1,hipaa_164.312.b,nist_800_53_SC.7,nist_800_53_AU.6,nist_800_53_SI.4,tsc_CC6.7,tsc_CC6.8,tsc_CC7.2,tsc_CC7.3,tsc_CC6.1,</group>
  </rule>

  <rule id="4551" level="10" frequency="8" timeframe="180" ignore="60">
    <if_matched_sid>4503</if_matched_sid>
    <description>Netscreen firewall: Multiple critical messages.</description>
    <mitre>
      <id>T1499</id>
    </mitre>
  </rule>

  <rule id="4552" level="10" frequency="6" timeframe="180" ignore="60">
    <if_matched_sid>4513</if_matched_sid>
    <same_source_ip />
    <description>Netscreen firewall: Multiple alert messages from </description>
    <description>same source IP.</description>
    <group>pci_dss_1.4,pci_dss_10.6.1,pci_dss_11.4,gpg13_4.12,gdpr_IV_35.7.d,hipaa_164.312.a.1,hipaa_164.312.b,nist_800_53_SC.7,nist_800_53_AU.6,nist_800_53_SI.4,tsc_CC6.7,tsc_CC6.8,tsc_CC7.2,tsc_CC7.3,tsc_CC6.1,</group>
  </rule>

  <rule id="4553" level="10" frequency="10" timeframe="100" ignore="60">
    <if_matched_sid>4513</if_matched_sid>
    <description>Netscreen firewall: Multiple alert messages.</description>
  </rule>

  <rule id="4560" level="3">
    <if_sid>4500</if_sid>
    <match>SYN flood! </match>
    <description>netscreen detected a SYN flood.</description>
  </rule>
</group>

