<!--
  -  Telnetd rules
  -  Author: Daniel Cid.
  -  Author: Ahmet Ozturk.
  -  Updated by Wazuh, Inc.
  -  Copyright (C) 2015, Wazuh Inc.
  -  Copyright (C) 2009 Trend Micro Inc.
  -  This program is a free software; you can redistribute it and/or modify it under the terms of GPLv2.
-->

<group name="syslog,telnetd,">
  <rule id="5600" level="0" noalert="1">
    <decoded_as>telnetd</decoded_as>
    <description>Grouping for the telnetd rules</description>
  </rule>

  <rule id="5601" level="5">
    <if_sid>5600</if_sid>
    <match>refused connect from </match>
    <description>telnetd: Connection refused by TCP Wrappers.</description>
    <mitre>
      <id>T1095</id>
    </mitre>
    <group>gdpr_IV_35.7.d,</group>
  </rule>

  <rule id="5602" level="3">
    <if_sid>5600</if_sid>
    <match>connect from </match>
    <description>telnetd: Remote host established a telnet connection.</description>
    <group>pci_dss_10.2.5,gdpr_IV_32.2,</group>
  </rule>

  <rule id="5603" level="5" timeframe="1">
    <match>ttloop:  peer died:|ttloop:  read:</match>
    <if_sid>5600</if_sid>
    <if_matched_sid>5602</if_matched_sid>
    <description>telnetd: Remote host invalid connection.</description>
    <group>pci_dss_10.2.4,pci_dss_10.2.5,gdpr_IV_35.7.d,gdpr_IV_32.2,</group>
  </rule>

  <rule id="5604" level="5">
    <match>warning: can't verify hostname:</match>
    <description>telnetd: Reverse lookup error (bad hostname config).</description>
    <group>pci_dss_10.2.4,pci_dss_10.2.5,pci_dss_11.4,gdpr_IV_35.7.d,gdpr_IV_32.2,</group>
  </rule>

  <rule id="5631" level="10" frequency="6" timeframe="120">
    <if_matched_sid>5602</if_matched_sid>
    <same_source_ip />
    <description>telnetd: Multiple connection attempts from same source </description>
    <description>(possible scan).</description>
    <mitre>
      <id>T1110</id>
    </mitre>
    <group>gdpr_IV_35.7.d,gdpr_IV_32.2,</group>
  </rule>

</group>
