<!--
  -  Symantec AV rules
  -  Author: Daniel Cid.
  -  Updated by Wazuh, Inc.
  -  Copyright (C) 2015, Wazuh Inc.
  -  Copyright (C) 2009 Trend Micro Inc.
  -  This program is a free software; you can redistribute it and/or modify it under the terms of GPLv2.
-->

<group name="symantec,">
  <rule id="7300" level="0">
    <decoded_as>symantec-av</decoded_as>
    <description>Grouping of Symantec AV rules.</description>
  </rule>

  <rule id="7301" level="0">
    <category>windows</category>
    <extra_data>^Symantec AntiVirus</extra_data>
    <description>Grouping of Symantec AV rules from eventlog.</description>
  </rule>

  <rule id="7310" level="9">
    <if_sid>7300, 7301</if_sid>
    <id>^5$|^17$</id>
    <group>virus,pci_dss_5.1,pci_dss_5.2,pci_dss_11.4,gpg13_4.2,gdpr_IV_35.7.d,nist_800_53_SI.3,nist_800_53_SI.4,tsc_A1.2,tsc_CC6.1,tsc_CC6.8,tsc_CC7.2,tsc_CC7.3,</group>
    <description>Symantec-AV: Virus detected.</description>
  </rule>

  <rule id="7320" level="3">
    <if_sid>7300, 7301</if_sid>
    <id>^2$|^3$|^4$|^13$</id>
    <description>Symantec-AV: Virus scan updated,started or stopped.</description>
    <group>pci_dss_5.1,pci_dss_10.6.1,gdpr_IV_35.7.d,hipaa_164.312.b,nist_800_53_SI.3,nist_800_53_AU.6,tsc_A1.2,tsc_CC7.2,tsc_CC7.3,</group>
  </rule>

</group>
