<!--
  -  Roundcube rules
  -  Author: Daniel Cid.
  -  Author: Michael Starks.
  -  Updated by Wazuh, Inc.
  -  Copyright (C) 2015, Wazuh Inc.
  -  Copyright (C) 2009 Trend Micro Inc.
  -  This program is a free software; you can redistribute it and/or modify it under the terms of GPLv2.
-->

<group name="syslog,roundcube,">
  <rule id="9400" level="0">
    <decoded_as>roundcube</decoded_as>
    <description>Roundcube messages grouped.</description>
  </rule>

  <rule id="9401" level="6">
    <if_sid>9400</if_sid>
    <match>failed (LOGIN)| Login failed | Authentication failed| Failed login </match>
    <description>Roundcube authentication failed.</description>
    <group>authentication_failed,pci_dss_10.2.4,pci_dss_10.2.5,gpg13_7.1,gdpr_IV_35.7.d,gdpr_IV_32.2,hipaa_164.312.b,nist_800_53_AU.14,nist_800_53_AC.7,tsc_CC6.1,tsc_CC6.8,tsc_CC7.2,tsc_CC7.3,</group>
  </rule>

  <rule id="9402" level="3">
    <if_sid>9400</if_sid>
    <match>Successful login</match>
    <description>Roundcube authentication succeeded.</description>
    <mitre>
      <id>T1078</id>
    </mitre>
    <group>authentication_success,pci_dss_10.2.5,gpg13_7.1,gpg13_7.2,gdpr_IV_32.2,hipaa_164.312.b,nist_800_53_AU.14,nist_800_53_AC.7,tsc_CC6.8,tsc_CC7.2,tsc_CC7.3,</group>
  </rule>

  <rule id="9403" level="10" frequency="8" timeframe="120">
    <if_matched_sid>9401</if_matched_sid>
    <same_source_ip />
    <description>Roundcube brute force (multiple failed logins).</description>
    <mitre>
      <id>T1110</id>
    </mitre>
    <group>authentication_failures,pci_dss_10.2.4,pci_dss_10.2.5,pci_dss_11.4,gpg13_7.1,gdpr_IV_35.7.d,gdpr_IV_32.2,hipaa_164.312.b,nist_800_53_AU.14,nist_800_53_AC.7,nist_800_53_SI.4,tsc_CC6.1,tsc_CC6.8,tsc_CC7.2,tsc_CC7.3,</group>
  </rule>
</group>
