<!--
  -  Compaq Insight Manager (cimserver) rules
  -  Author: Daniel Cid.
  -  Author: Stephen Kreusch.
  -  Updated by Wazuh, Inc.
  -  Copyright (C) 2015, Wazuh Inc.
  -  Copyright (C) 2009 Trend Micro Inc.
  -  This program is a free software; you can redistribute it and/or modify it under the terms of GPLv2.
-->

<group name="syslog,cimserver,">
  <rule id="9600" level="0" noalert="1">
    <decoded_as>cimserver</decoded_as>
    <description>cimserver messages grouped.</description>
  </rule>

  <rule id="9610" level="5">
    <if_sid>9600</if_sid>
    <match>Authentication failed</match>
    <description>cimserver: Compaq Insight Manager authentication failure.</description>
    <group>authentication_failed,pci_dss_10.2.4,pci_dss_10.2.5,gpg13_7.8,gdpr_IV_35.7.d,gdpr_IV_32.2,hipaa_164.312.b,nist_800_53_AU.14,nist_800_53_AC.7,tsc_CC6.1,tsc_CC6.8,tsc_CC7.2,tsc_CC7.3,</group>
  </rule>

  <rule id="9611" level="12">
    <if_sid>9600</if_sid>
    <match>Server stopped</match>
    <description>cimserver: Compaq Insight Manager stopped.</description>
    <mitre>
      <id>T1499</id>
    </mitre>
    <group>service_availability,pci_dss_10.6.1,gpg13_4.14,gdpr_IV_35.7.d,hipaa_164.312.b,nist_800_53_AU.6,tsc_CC7.2,tsc_CC7.3,</group>
  </rule>
</group>
