<!--
  -  Copyright (C) 2015, Wazuh Inc.
-->

<!-- 
  ProFTPD rules ID:           11200 - 11300
-->

<group name="syslog,proftpd,">
  <rule id="11200" level="0" noalert="1">
    <decoded_as>proftpd</decoded_as>
    <description>Grouping for the proftpd rules.</description>
  </rule>

  <rule id="11201" level="3">
    <if_sid>11200</if_sid>
    <match>FTP session opened.$</match>
    <description>ProFTPD: FTP session opened.</description>
    <group>connection_attempt,gdpr_IV_32.2,hipaa_164.312.b,nist_800_53_AC.7,nist_800_53_AU.14,pci_dss_10.2.5,tsc_CC6.8,tsc_CC7.2,tsc_CC7.3,</group>
  </rule>

  <rule id="11202" level="0">
    <if_sid>11200</if_sid>
    <match>FTP session closed.$</match>
    <description>ProFTPD: FTP session closed.</description>
  </rule>

  <rule id="11203" level="5">
    <if_sid>11200</if_sid>
    <match> no such user </match>
    <description>ProFTPD: Attempt to login using a non-existent user.</description>
    <group>gdpr_IV_32.2,gdpr_IV_35.7.d,gpg13_7.1,hipaa_164.312.b,invalid_login,nist_800_53_AC.7,nist_800_53_AU.14,pci_dss_10.2.4,pci_dss_10.2.5,tsc_CC6.1,tsc_CC6.8,tsc_CC7.2,tsc_CC7.3,</group>
  </rule>

  <rule id="11204" level="5">
    <if_sid>11200</if_sid>
    <match>Incorrect password.$|Login failed</match>
    <description>ProFTPD: Login failed accessing the FTP server.</description>
    <group>authentication_failed,gdpr_IV_32.2,gdpr_IV_35.7.d,gpg13_7.1,hipaa_164.312.b,nist_800_53_AC.7,nist_800_53_AU.14,pci_dss_10.2.4,pci_dss_10.2.5,tsc_CC6.1,tsc_CC6.8,tsc_CC7.2,tsc_CC7.3,</group>
  </rule>

  <rule id="11205" level="3">
    <if_sid>11200</if_sid>
    <match>Login successful</match>
    <description>ProFTPD: FTP Authentication success.</description>
    <mitre>
      <id>T1078</id>
    </mitre>
    <group>authentication_success,gdpr_IV_32.2,gpg13_7.1,gpg13_7.2,hipaa_164.312.b,nist_800_53_AC.7,nist_800_53_AU.14,pci_dss_10.2.5,tsc_CC6.8,tsc_CC7.2,tsc_CC7.3,</group>
  </rule>

  <rule id="11206" level="5">
    <if_sid>11200</if_sid>
    <regex>Connection from \S+ [\S+] denied</regex>
    <description>ProFTPD: Connection denied by ProFTPD configuration.</description>
    <group>access_denied,gdpr_IV_32.2,gdpr_IV_35.7.d,hipaa_164.312.b,nist_800_53_AC.7,nist_800_53_AU.14,pci_dss_10.2.4,pci_dss_10.2.5,tsc_CC6.1,tsc_CC6.8,tsc_CC7.2,tsc_CC7.3,</group>
  </rule>

  <rule id="11207" level="5">
    <if_sid>11200</if_sid>
    <match>refused connect from</match>
    <description>ProFTPD: Connection refused by TCP Wrappers.</description>
    <mitre>
      <id>T1095</id>
    </mitre>
    <group>access_denied,gdpr_IV_32.2,gdpr_IV_35.7.d,hipaa_164.312.b,nist_800_53_AC.7,nist_800_53_AU.14,pci_dss_10.2.4,pci_dss_10.2.5,tsc_CC6.1,tsc_CC6.8,tsc_CC7.2,tsc_CC7.3,</group>
  </rule>

  <rule id="11208" level="4">
    <if_sid>11200</if_sid>
    <match>unable to find open port in PassivePorts range</match>
    <description>ProFTPD: Small PassivePorts range in config file. Server misconfiguration.</description>
  </rule>

  <rule id="11209" level="14">
    <if_sid>11200</if_sid>
    <match>Refused PORT </match>
    <info type="link">http://www.kb.cert.org/vuls/id/328867</info>
    <info type="text">US-Cert Note VU#328867: Multiple vendors' firewalls do not adequately keep state of FTP traffic</info>
    <description>ProFTPD: Attempt to bypass firewall that can't adequately keep state of FTP traffic.</description>
    <mitre>
      <id>T1071</id>
    </mitre>
    <group>gdpr_IV_35.7.d,hipaa_164.312.b,nist_800_53_AU.6,nist_800_53_SI.4,pci_dss_10.6.1,pci_dss_11.4,tsc_CC6.1,tsc_CC6.8,tsc_CC7.2,tsc_CC7.3,</group>
  </rule>

  <rule id="11210" level="10">
    <if_sid>11200</if_sid>
    <match>Maximum login attempts </match>
    <description>ProFTPD: Multiple failed login attempts.</description>
    <mitre>
      <id>T1110</id>
    </mitre>
    <group>authentication_failures,gdpr_IV_32.2,gdpr_IV_35.7.d,gpg13_7.1,hipaa_164.312.b,nist_800_53_AC.7,nist_800_53_AU.14,nist_800_53_SI.4,pci_dss_10.2.4,pci_dss_10.2.5,pci_dss_11.4,tsc_CC6.1,tsc_CC6.8,tsc_CC7.2,tsc_CC7.3,</group>
  </rule>

  <rule id="11211" level="4">
    <if_sid>11200</if_sid>
    <match>host name/name mismatch|host name/address mismatch</match>
    <description>ProFTPD: Mismatch in server's hostname.</description>
  </rule>

  <rule id="11212" level="5">
    <if_sid>11200</if_sid>
    <match>warning: can't verify hostname: </match>
    <description>ProFTPD: Reverse lookup error (bad ISP config).</description>
  </rule>

  <rule id="11213" level="3">
    <if_sid>11200</if_sid>
    <match>connect from </match>
    <description>ProFTPD: Remote host connected to FTP server.</description>
    <group>connection_attempt,gdpr_IV_35.7.d,hipaa_164.312.b,nist_800_53_AU.6,pci_dss_10.6.1,tsc_CC7.2,tsc_CC7.3,</group>
  </rule>

  <rule id="11214" level="3">
    <if_sid>11200</if_sid>
    <match>FTP no transfer timeout, disconnected</match>
    <description>ProFTPD: Remote host disconnected due to inactivity.</description>
    <group>gdpr_IV_35.7.d,hipaa_164.312.a.1,nist_800_53_AC.2,pci_dss_8.1.5,tsc_CC6.1,</group>
  </rule>

  <rule id="11215" level="3">
    <if_sid>11200</if_sid>
    <match>FTP login timed out, disconnected</match>
    <description>ProFTPD: Remote host disconnected due to login time out.</description>
    <group>gdpr_IV_35.7.d,hipaa_164.312.a.1,nist_800_53_AC.2,pci_dss_8.1.5,tsc_CC6.1,</group>
  </rule>

  <rule id="11216" level="3">
    <if_sid>11200</if_sid>
    <match>FTP session idle timeout, disconnected</match>
    <description>ProFTPD: Remote host disconnected due to time out.</description>
    <group>gdpr_IV_35.7.d,hipaa_164.312.a.1,nist_800_53_AC.2,pci_dss_8.1.5,tsc_CC6.1,</group>
  </rule>

  <rule id="11217" level="3">
    <if_sid>11200</if_sid>
    <match>Data transfer stall timeout:</match>
    <description>ProFTPD: Data transfer stalled.</description>
  </rule>

  <rule id="11218" level="12">
    <if_sid>11200</if_sid>
    <match>ProFTPD terminating (signal 11)</match>
    <description>ProFTPD: FTP process crashed.</description>
    <mitre>
      <id>T1210</id>
    </mitre>
    <group>gdpr_IV_35.7.d,hipaa_164.312.b,nist_800_53_AU.6,pci_dss_10.6.1,service_availability,tsc_CC7.2,tsc_CC7.3,</group>
  </rule>

  <rule id="11219" level="12">
    <if_sid>11200</if_sid>
    <match>Reallocating sreaddir buffer</match>
    <description>ProFTPD: FTP server Buffer overflow attempt.</description>
    <mitre>
      <id>T1499</id>
    </mitre>
    <group>gdpr_IV_35.7.d,nist_800_53_SA.11,nist_800_53_SI.2,nist_800_53_SI.4,pci_dss_11.4,pci_dss_6.2,pci_dss_6.5.2,tsc_CC6.1,tsc_CC6.6,tsc_CC6.8,tsc_CC7.1,tsc_CC7.2,tsc_CC7.3,</group>
  </rule>

  <rule id="11220" level="4">
    <if_sid>11200</if_sid>
    <match>listen() failed in</match>
    <description>ProFTPD: Unable to bind to adress.</description>
  </rule>

  <rule id="11221" level="0">
    <if_sid>11200</if_sid>
    <match>error setting IPV6_V6ONLY: Protocol not available|</match>
    <match> - mod_delay/|PAM(setcred): System error|</match>
    <match>PAM(close_session): System error|cap_set_proc failed|reverting to normal operation|error retrieving information about user</match>
    <description>ProFTPD: IPv6 error and mod-delay info (ignored).</description>
  </rule>

  <rule id="11222" level="4">
    <if_sid>11200</if_sid>
    <match>unable to open incoming connection</match>
    <description>ProFTPD: Couldn't open the incoming connection. Check log message for reason.</description>
  </rule>

  <rule id="11251" level="10" frequency="8" timeframe="120">
    <if_matched_sid>11204</if_matched_sid>
    <same_source_ip />
    <description>ProFTPD: FTP brute force (multiple failed logins).</description>
    <mitre>
      <id>T1110</id>
    </mitre>
    <group>authentication_failures,gdpr_IV_32.2,gdpr_IV_35.7.d,hipaa_164.312.b,nist_800_53_AC.7,nist_800_53_AU.14,nist_800_53_SI.4,pci_dss_10.2.4,pci_dss_10.2.5,pci_dss_11.4,tsc_CC6.1,tsc_CC6.8,tsc_CC7.2,tsc_CC7.3,</group>
  </rule>

  <rule id="11252" level="10" frequency="12" timeframe="60">
    <if_matched_sid>11201</if_matched_sid>
    <same_source_ip />
    <description>ProFTPD: Multiple connection attempts from same source.</description>
    <mitre>
      <id>T1110</id>
    </mitre>
    <group>gdpr_IV_35.7.d,nist_800_53_SI.4,pci_dss_11.4,recon,tsc_CC6.1,tsc_CC6.8,tsc_CC7.2,tsc_CC7.3,</group>
  </rule>

  <rule id="11253" level="10" frequency="12" timeframe="120">
    <if_matched_sid>11215</if_matched_sid>
    <same_source_ip />
    <description>ProFTPD: Multiple timed out logins from same source.</description>
    <mitre>
      <id>T1110</id>
    </mitre>
    <group>gdpr_IV_35.7.d,hipaa_164.312.b,nist_800_53_AU.6,pci_dss_10.6.1,tsc_CC7.2,tsc_CC7.3,</group>
  </rule>

</group>
