<!--
  -  Racoon VPN rules
  -  Author: Daniel Cid.
  -  Updated by Wazuh, Inc.
  -  Copyright (C) 2015, Wazuh Inc.
  -  Copyright (C) 2009 Trend Micro Inc.
  -  This program is a free software; you can redistribute it and/or modify it under the terms of GPLv2.
-->

<group name="syslog,racoon,">
  <rule id="14100" level="0">
    <decoded_as>racoon</decoded_as>
    <description>Grouping of racoon rules.</description>
  </rule>

  <rule id="14101" level="5">
    <decoded_as>racoon-failed</decoded_as>
    <description>racoon: VPN authentication failed.</description>
    <group>authentication_failed,pci_dss_10.2.4,pci_dss_10.2.5,gpg13_7.1,gdpr_IV_35.7.d,gdpr_IV_32.2,hipaa_164.312.b,nist_800_53_AU.14,nist_800_53_AC.7,tsc_CC6.1,tsc_CC6.8,tsc_CC7.2,tsc_CC7.3,</group>
  </rule>

  <rule id="14110" level="0">
    <if_sid>14100</if_sid>
    <action>INFO</action>
    <description>Racoon informational message.</description>
  </rule>

  <rule id="14111" level="4">
    <if_sid>14100</if_sid>
    <action>ERROR</action>
    <description>Racoon error message.</description>
  </rule>

  <rule id="14112" level="4">
    <if_sid>14100</if_sid>
    <action>WARNING</action>
    <description>Racoon warning message.</description>
  </rule>

  <rule id="14120" level="3">
    <if_sid>14110</if_sid>
    <match>ISAKMP-SA established </match>
    <mitre>
      <id>T1078</id>
    </mitre>
    <group>authentication_success,pci_dss_10.2.5,gdpr_IV_32.2,hipaa_164.312.b,nist_800_53_AU.14,nist_800_53_AC.7,tsc_CC6.8,tsc_CC7.2,tsc_CC7.3,</group>
    <description>racoon: VPN established.</description>
  </rule>

  <rule id="14121" level="0">
    <if_sid>14111</if_sid>
    <match>such policy does not already exist</match>
    <description>racoon: Roadwarrior configuration (ignored error).</description>
  </rule>

  <rule id="14122" level="0">
    <if_sid>14112</if_sid>
    <match>ignore INITIAL-CONTACT notification</match>
    <description>racoon: Roadwarrior configuration (ignored warning).</description>
  </rule>

  <rule id="14123" level="0">
    <if_sid>14111</if_sid>
    <match>ERROR: invalid attribute|ERROR: rejected</match>
    <description>racoon: Invalid configuration settings (ignored error).</description>
  </rule>

  <rule id="14151" level="9" frequency="5" timeframe="360">
    <if_matched_sid>14101</if_matched_sid>
    <same_source_ip />
    <description>racoon: Multiple failed VPN logins.</description>
    <mitre>
      <id>T1110</id>
      <id>T1133</id>
    </mitre>
    <group>pci_dss_11.4,pci_dss_10.2.4,pci_dss_10.2.5,gpg13_7.1,gdpr_IV_35.7.d,gdpr_IV_32.2,hipaa_164.312.b,nist_800_53_SI.4,nist_800_53_AU.14,nist_800_53_AC.7,tsc_CC6.1,tsc_CC6.8,tsc_CC7.2,tsc_CC7.3,</group>
  </rule>
</group>
