<!--
  -  Policy rules
  -  Author: Daniel Cid.
  -  Updated by Wazuh, Inc.
  -  Copyright (C) 2015, Wazuh Inc.
  -  Copyright (C) 2009 Trend Micro Inc.
  -  This program is a free software; you can redistribute it and/or modify it under the terms of GPLv2.
-->

<group name="policy_violation,">
  <rule id="17101" level="9">
    <if_group>authentication_success</if_group>
    <time>6 pm - 8:30 am</time>
    <description>Successful login during non-business hours.</description>
    <mitre>
      <id>T1078</id>
    </mitre>
    <group>login_time,pci_dss_10.2.5,pci_dss_10.6.1,gpg13_7.1,gpg13_7.2,gdpr_IV_35.7.d,gdpr_IV_32.2,hipaa_164.312.b,nist_800_53_AU.14,nist_800_53_AC.7,nist_800_53_AU.6,tsc_CC6.8,tsc_CC7.2,tsc_CC7.3,</group>
  </rule>

  <rule id="17102" level="9">
    <if_group>authentication_success</if_group>
    <weekday>weekends</weekday>
    <description>Successful login during weekend.</description>
    <mitre>
      <id>T1078</id>
    </mitre>
    <group>login_day,pci_dss_10.2.5,pci_dss_10.6.1,gpg13_7.1,gpg13_7.2,gdpr_IV_35.7.d,gdpr_IV_32.2,hipaa_164.312.b,nist_800_53_AU.14,nist_800_53_AC.7,nist_800_53_AU.6,tsc_CC6.8,tsc_CC7.2,tsc_CC7.3,</group>
  </rule>
</group>
