<!--
  -  Microsoft Security Essentials rules
  -  Author: Daniel Cid.
  -  Updated by Wazuh, Inc.
  -  Copyright (C) 2015, Wazuh Inc.
  -  Copyright (C) 2009 Trend Micro Inc.
  -  This program is a free software; you can redistribute it and/or modify it under the terms of GPLv2.
-->

<group name="windows,mse,">

  <rule id="7701" level="0">
    <if_sid>18100</if_sid>
    <extra_data>^Microsoft Antimalware</extra_data>
    <status>^INFORMATION</status>
    <description>Microsoft Antimalware informational event</description>
  </rule>

  <rule id="7702" level="0">
    <if_sid>18100</if_sid>
    <extra_data>^Microsoft Antimalware</extra_data>
    <status>^WARNING</status>
    <description>Microsoft Antimalware warning event</description>
    <group>gpg13_4.12,</group>
  </rule>

  <rule id="7703" level="5">
    <if_sid>18100</if_sid>
    <extra_data>^Microsoft Antimalware</extra_data>
    <status>^ERROR</status>
    <description>Microsoft Antimalware error event</description>
    <group>system_error,gpg13_4.3,gdpr_IV_35.7.d,</group>
  </rule>

  <rule id="7704" level="0">
    <category>windows</category>
    <if_sid>7701,7702,7703</if_sid>
    <extra_data>^Microsoft Antimalware</extra_data>
    <description>Grouping of Microsoft Security Essentials rules.</description>
  </rule>

  <rule id="7705" level="12">
    <if_sid>7704</if_sid>
    <id>^1118$|^1119$</id>
    <group>virus,pci_dss_5.1,pci_dss_5.2,pci_dss_10.6.1,pci_dss_11.4,gpg13_4.2,gdpr_IV_35.7.d,hipaa_164.312.b,nist_800_53_SI.3,nist_800_53_AU.6,nist_800_53_SI.4,tsc_A1.2,tsc_CC7.2,tsc_CC7.3,tsc_CC6.1,tsc_CC6.8,</group>
    <description>Microsoft Security Essentials - Virus detected, but unable to remove.</description>
  </rule>

  <rule id="7706" level="7">
    <if_sid>7704</if_sid>
    <id>^1107$</id>
    <group>virus,pci_dss_5.1,pci_dss_5.2,pci_dss_10.6.1,pci_dss_11.4,gpg13_4.2,gdpr_IV_35.7.d,hipaa_164.312.b,nist_800_53_SI.3,nist_800_53_AU.6,nist_800_53_SI.4,tsc_A1.2,tsc_CC7.2,tsc_CC7.3,tsc_CC6.1,tsc_CC6.8,</group>
    <description>Microsoft Security Essentials - Virus detected and properly removed.</description>
  </rule>

  <rule id="7707" level="7">
    <if_sid>7704</if_sid>
    <id>^1119$|^1118$|^1117$|^1116$</id>
    <group>virus,pci_dss_5.1,pci_dss_5.2,pci_dss_10.6.1,pci_dss_11.4,gpg13_4.2,gdpr_IV_35.7.d,hipaa_164.312.b,nist_800_53_SI.3,nist_800_53_AU.6,nist_800_53_SI.4,tsc_A1.2,tsc_CC7.2,tsc_CC7.3,tsc_CC6.1,tsc_CC6.8,</group>
    <description>Microsoft Security Essentials - Virus detected.</description>
  </rule>

   <rule id="7708" level="7">
    <if_sid>7704</if_sid>
    <id>^1015$</id>
    <group>virus,pci_dss_5.1,pci_dss_5.2,pci_dss_10.6.1,pci_dss_11.4,gpg13_4.2,gdpr_IV_35.7.d,hipaa_164.312.b,nist_800_53_SI.3,nist_800_53_AU.6,nist_800_53_SI.4,tsc_A1.2,tsc_CC7.2,tsc_CC7.3,tsc_CC6.1,tsc_CC6.8,</group>
    <description>Microsoft Security Essentials - Suspicious activity detected.</description>
  </rule>

  <rule id="7709" level="3">
    <if_sid>7704</if_sid>
    <id>^5007$</id>
    <description>Microsoft Security Essentials - Configuration changed.</description>
    <group>policy_changed,pci_dss_10.2.7,pci_dss_10.6.1,gpg13_4.4,gdpr_IV_35.7.d,hipaa_164.312.b,nist_800_53_AU.14,nist_800_53_AU.6,tsc_CC6.8,tsc_CC7.2,tsc_CC7.3,</group>
  </rule>

  <rule id="7710" level="9">
    <if_sid>7704</if_sid>
    <id>^5008$</id>
    <group>pci_dss_10.6.1,gpg13_4.14,gdpr_IV_35.7.d,hipaa_164.312.b,nist_800_53_AU.6,tsc_CC7.2,tsc_CC7.3,</group>
    <description>Microsoft Security Essentials - Service failed.</description>
    <mitre>
      <id>T1489</id>
    </mitre>
  </rule>

  <rule id="7711" level="9">
    <if_sid>7704</if_sid>
    <id>^3002$</id>
    <group>pci_dss_10.6.1,gpg13_4.14,gdpr_IV_35.7.d,hipaa_164.312.b,nist_800_53_AU.6,tsc_CC7.2,tsc_CC7.3,</group>
    <description>Microsoft Security Essentials - Real time protection failed.</description>
    <mitre>
      <id>T1489</id>
    </mitre>
  </rule>

  <rule id="7712" level="8">
    <if_sid>7704</if_sid>
    <id>^2012$</id>
    <description>Microsoft Security Essentials - Cannot use Dynamic Signature Service.</description>
  </rule>

  <rule id="7713" level="8">
    <if_sid>7704</if_sid>
    <id>^2004$</id>
    <group>pci_dss_10.6.1,gpg13_4.14,gpg13_4.4,gdpr_IV_35.7.d,hipaa_164.312.b,nist_800_53_AU.6,tsc_CC7.2,tsc_CC7.3,</group>
    <description>Microsoft Security Essentials - Loading definitions failed. Using last good set.</description>
  </rule>

  <rule id="7714" level="8">
    <if_sid>7704</if_sid>
    <id>^2003$</id>
    <group>pci_dss_10.6.1,gpg13_4.14,gdpr_IV_35.7.d,hipaa_164.312.b,nist_800_53_AU.6,tsc_CC7.2,tsc_CC7.3,</group>
    <description>Microsoft Security Essentials - Engine update failed.</description>
  </rule>

  <rule id="7715" level="8">
    <if_sid>7704</if_sid>
    <id>^2001$</id>
    <group>pci_dss_10.6.1,gpg13_4.14,gdpr_IV_35.7.d,hipaa_164.312.b,nist_800_53_AU.6,tsc_CC7.2,tsc_CC7.3,</group>
    <description>Microsoft Security Essentials - Definitions update failed.</description>
  </rule>

  <rule id="7716" level="7">
    <if_sid>7704</if_sid>
    <id>^1005$</id>
    <group>pci_dss_10.6.1,gpg13_4.4,gdpr_IV_35.7.d,hipaa_164.312.b,nist_800_53_AU.6,tsc_CC7.2,tsc_CC7.3,</group>
    <description>Microsoft Security Essentials - Scan error. Scan has stopped.</description>
    <mitre>
      <id>T1489</id>
    </mitre>
  </rule>

  <rule id="7717" level="5">
    <if_sid>7704</if_sid>
    <id>^1002$</id>
    <group>pci_dss_10.6.1,gpg13_4.14,gdpr_IV_35.7.d,hipaa_164.312.b,nist_800_53_AU.6,tsc_CC7.2,tsc_CC7.3,</group>
    <description>Microsoft Security Essentials - Scan stopped before completion.</description>
  </rule>

  <rule id="7718" level="5">
    <if_sid>7706, 7707</if_sid>
    <match>Virus:DOS/EICAR_Test_File</match>
    <description>Microsoft Security Essentials - EICAR test file detected.</description>
  </rule>


  <rule id="7719" level="10" frequency="8" timeframe="240">
    <if_matched_sid>7702</if_matched_sid>
    <group>pci_dss_5.1,pci_dss_5.2,pci_dss_10.6.1,pci_dss_11.4,gdpr_IV_35.7.d,</group>
    <description>Multiple Microsoft Security Essentials AV warnings detected.</description>
  </rule>

  <rule id="7720" level="10" frequency="8" timeframe="240">
    <if_matched_sid>7703</if_matched_sid>
    <group>gdpr_IV_35.7.d,</group>
    <description>Multiple Microsoft Security Essentials AV error detected.</description>
  </rule>

</group>
