<!--
  Copyright (C) 2015, Wazuh Inc.
-->

<!--
  Rules for:
    PHP ID: 31401 - 31500
-->

<group name="apache,">

  <rule id="31401" level="0">
    <if_sid>31301, 30101</if_sid>
    <match>PHP Warning: </match>
    <description>PHP Warning message.</description>
  </rule>

  <rule id="31402" level="0">
    <if_sid>31301, 30101</if_sid>
    <match>PHP Fatal error: </match>
    <description>PHP Fatal error.</description>
    <group>gdpr_IV_35.7.d,gpg13_4.1,hipaa_164.312.b,nist_800_53_AU.6,nist_800_53_SA.11,pci_dss_6.5,pci_dss_6.5.5,pci_dss_10.6.1,tsc_CC6.6,tsc_CC7.1,tsc_CC7.2,tsc_CC7.3,tsc_CC8.1,</group>
  </rule>

  <rule id="31403" level="0">
    <if_sid>31301, 30101</if_sid>
    <match>PHP Parse error:</match>
    <description>PHP Parse error.</description>
    <group>gdpr_IV_35.7.d,gpg13_4.3,hipaa_164.312.b,nist_800_53_AU.6,nist_800_53_SA.11,pci_dss_6.5,pci_dss_6.5.5,pci_dss_10.6.1,tsc_CC6.6,tsc_CC7.1,tsc_CC7.2,tsc_CC7.3,tsc_CC8.1,</group>
  </rule>

  <rule id="31404" level="0">
    <match>^PHP Warning: </match>
    <description>PHP Warning message.</description>
  </rule>

  <rule id="31405" level="0">
    <match>^PHP Fatal error: </match>
    <description>PHP Fatal error.</description>
    <group>gdpr_IV_35.7.d,gpg13_4.1,hipaa_164.312.b,nist_800_53_AU.6,nist_800_53_SA.11,pci_dss_6.5,pci_dss_6.5.5,pci_dss_10.6.1,tsc_CC6.6,tsc_CC7.1,tsc_CC7.2,tsc_CC7.3,tsc_CC8.1,</group>
  </rule>

  <rule id="31406" level="0">
    <match>^PHP Parse error: </match>
    <description>PHP Parse error.</description>
    <group>gdpr_IV_35.7.d,gpg13_4.3,hipaa_164.312.b,nist_800_53_AU.6,nist_800_53_SA.11,pci_dss_6.5,pci_dss_6.5.5,pci_dss_10.6.1,tsc_CC6.6,tsc_CC7.1,tsc_CC7.2,tsc_CC7.3,tsc_CC8.1,</group>
  </rule>

  <!-- PHP Warnings -->
  <rule id="31410" level="3">
    <if_sid>31401, 31404</if_sid>
    <description>PHP Warning message.</description>
  </rule>

  <rule id="31411" level="6">
    <if_sid>31410</if_sid>
    <match> expects parameter 1 to be string, array given in</match>
    <description>PHP web attack.</description>
    <mitre>
      <id>T1190</id>
      <id>T1071.001</id>
    </mitre>
    <group>attack,gdpr_IV_35.7.d,nist_800_53_SA.11,nist_800_53_SI.4,pci_dss_6.5,pci_dss_11.4,tsc_CC6.1,tsc_CC6.6,tsc_CC6.8,tsc_CC7.1,tsc_CC7.2,tsc_CC7.3,tsc_CC8.1,</group>
  </rule>

  <rule id="31412" level="5">
    <if_sid>31410</if_sid>
    <match>Failed opening|failed to open stream</match>
    <description>PHP internal error (missing file).</description>
    <group>attack,gdpr_IV_35.7.d,gpg13_4.3,nist_800_53_SA.11,pci_dss_6.5,tsc_CC6.6,tsc_CC7.1,tsc_CC8.1,</group>
  </rule>

  <rule id="31413" level="5" ignore="1200">
    <if_sid>31410</if_sid>
    <match>bytes written, possibly out of free disk space in</match>
    <description>PHP internal error (server out of space).</description>
    <mitre>
      <id>T1561.001</id>
    </mitre>
    <group>attack,gdpr_IV_35.7.d,gpg13_4.3,hipaa_164.312.b,low_diskspace,nist_800_53_AU.14,nist_800_53_SA.11,tsc_CC6.6,tsc_CC6.8,tsc_CC7.1,tsc_CC7.2,tsc_CC7.3,tsc_CC8.1,</group>
  </rule>

  <!-- PHP Fatal errors -->
  <rule id="31420" level="5">
    <if_sid>31402, 31405</if_sid>
    <description>PHP Fatal error.</description>
  </rule>

  <rule id="31421" level="5">
    <if_sid>31420</if_sid>
    <match>Failed opening required |Call to undefined function </match>
    <description>PHP internal error (missing file or function).</description>
    <group>gdpr_IV_35.7.d,gpg13_4.3,hipaa_164.312.b,nist_800_53_AU.6,nist_800_53_SA.11,pci_dss_6.5,pci_dss_6.5.5,pci_dss_10.6.1,tsc_CC6.6,tsc_CC7.1,tsc_CC7.2,tsc_CC7.3,tsc_CC8.1,</group>
  </rule>

  <rule id="31430" level="5">
    <if_sid>31403, 31406</if_sid>
    <description>PHP Parse error.</description>
    <group>gdpr_IV_35.7.d,gpg13_4.3,hipaa_164.312.b,nist_800_53_AU.6,nist_800_53_SA.11,pci_dss_6.5,pci_dss_6.5.5,pci_dss_10.6.1,tsc_CC6.6,tsc_CC7.1,tsc_CC7.2,tsc_CC7.3,tsc_CC8.1,</group>
  </rule>

</group>
