<!--
  -  Attack rules
  -  Author: Daniel Cid.
  -  Updated by Wazuh, Inc.
  -  Copyright (C) 2015, Wazuh Inc.
  -  Copyright (C) 2009 Trend Micro Inc.
  -  This program is a free software; you can redistribute it and/or modify it under the terms of GPLv2.
-->

<!-- System users. They should never log in to the system -->
<var name="SYS_USERS">^apache$|^mysql$|^www$|^nobody$|^nogroup$|^portmap$|^named$|^rpc$|^mail$|^ftp$|^shutdown$|^halt$|^daemon$|^bin$|^postfix$|^shell$|^info$|^guest$|^psql$|^user$|^users$|^console$|^uucp$|^lp$|^sync$|^sshd$|^cdrom$|^ossec$</var>

<!-- Attack signatures -->
<group name="syslog,attacks,">
  <rule id="40101" level="12">
    <if_group>authentication_success</if_group>
    <user>$SYS_USERS</user>
    <description>System user successfully logged to the system.</description>
    <mitre>
      <id>T1078</id>
    </mitre>
    <group>invalid_login,pci_dss_10.2.4,pci_dss_10.2.5,gpg13_7.8,gdpr_IV_35.7.d,gdpr_IV_32.2,hipaa_164.312.b,nist_800_53_AU.14,nist_800_53_AC.7,tsc_CC6.1,tsc_CC6.8,tsc_CC7.2,tsc_CC7.3,</group>
  </rule>

  <rule id="40102" level="14">
    <regex>^rpc.statd[\d+]: gethostbyname error for \W+</regex>
    <description>Buffer overflow attack on rpc.statd</description>
    <mitre>
      <id>T1210</id>
    </mitre>
    <group>exploit_attempt,pci_dss_6.2,pci_dss_6.5.2,pci_dss_11.4,gdpr_IV_35.7.d,nist_800_53_SI.2,nist_800_53_SA.11,nist_800_53_SI.4,tsc_CC6.8,tsc_CC6.6,tsc_CC7.1,tsc_CC6.1,tsc_CC7.2,tsc_CC7.3,</group>
  </rule>

  <rule id="40103" level="14">
    <regex>ftpd[\d+]: \S+ FTP LOGIN FROM \.+ 0bin0sh</regex>
    <description>Buffer overflow on WU-FTPD versions prior to 2.6</description>
    <mitre>
      <id>T1210</id>
    </mitre>
    <group>exploit_attempt,pci_dss_6.2,pci_dss_6.5.2,pci_dss_11.4,gdpr_IV_35.7.d,nist_800_53_SI.2,nist_800_53_SA.11,nist_800_53_SI.4,tsc_CC6.8,tsc_CC6.6,tsc_CC7.1,tsc_CC6.1,tsc_CC7.2,tsc_CC7.3,</group>
  </rule>

  <rule id="40104" level="13">
    <match>?????????????????????</match>
    <description>Possible buffer overflow attempt.</description>
    <mitre>
      <id>T1499</id>
    </mitre>
    <group>exploit_attempt,pci_dss_6.2,pci_dss_6.5.2,pci_dss_11.4,gdpr_IV_35.7.d,nist_800_53_SI.2,nist_800_53_SA.11,nist_800_53_SI.4,tsc_CC6.8,tsc_CC6.6,tsc_CC7.1,tsc_CC6.1,tsc_CC7.2,tsc_CC7.3,</group>
  </rule>

  <rule id="40105" level="12">
    <match>changed by \(\(null\)</match>
    <description>"Null" user changed some information.</description>
    <mitre>
      <id>T1098</id>
    </mitre>
    <group>exploit_attempt,pci_dss_10.2.7,pci_dss_10.6.1,pci_dss_11.4,gdpr_IV_35.7.d,gdpr_IV_32.2,hipaa_164.312.b,nist_800_53_AU.14,nist_800_53_AU.6,nist_800_53_SI.4,tsc_CC6.8,tsc_CC7.2,tsc_CC7.3,tsc_CC6.1,</group>
  </rule>

  <rule id="40106" level="12">
    <match>@@@@@@@@@@@@@@@@@@@@@@@@@</match>
    <description>Buffer overflow attempt (probably on yppasswd).</description>
    <mitre>
      <id>T1499</id>
    </mitre>
    <group>exploit_attempt,pci_dss_6.2,pci_dss_6.5.2,pci_dss_11.4,gdpr_IV_35.7.d,nist_800_53_SI.2,nist_800_53_SA.11,nist_800_53_SI.4,tsc_CC6.8,tsc_CC6.6,tsc_CC7.1,tsc_CC6.1,tsc_CC7.2,tsc_CC7.3,</group>
  </rule>

  <rule id="40107" level="14">
    <regex>cachefsd: Segmentation Fault - core dumped</regex>
    <description>Heap overflow in the Solaris cachefsd service.</description>
    <info type='cve'>2002-0033</info>
    <mitre>
      <id>T1210</id>
    </mitre>
    <group>exploit_attempt,pci_dss_6.2,pci_dss_6.5.2,pci_dss_11.4,gdpr_IV_35.7.d,nist_800_53_SI.2,nist_800_53_SA.11,nist_800_53_SI.4,tsc_CC6.8,tsc_CC6.6,tsc_CC7.1,tsc_CC6.1,tsc_CC7.2,tsc_CC7.3,</group>
  </rule>

  <rule id="40109" level="12">
    <match>attempt to execute code on stack by</match>
    <description>Stack overflow attempt or program exiting </description>
    <description>with SEGV (Solaris).</description>
    <info type="link">http://snap.nlc.dcccd.edu/reference/sysadmin/julian/ch18/389-392.html</info>
    <mitre>
      <id>T1499</id>
    </mitre>
    <group>exploit_attempt,pci_dss_6.2,pci_dss_6.5.2,pci_dss_11.4,gdpr_IV_35.7.d,nist_800_53_SI.2,nist_800_53_SA.11,nist_800_53_SI.4,tsc_CC6.8,tsc_CC6.6,tsc_CC7.1,tsc_CC6.1,tsc_CC7.2,tsc_CC7.3,</group>
  </rule>

  <rule id="40111" level="10" frequency="12" timeframe="160">
    <if_matched_group>authentication_failed</if_matched_group>
    <same_source_ip />
    <description>Multiple authentication failures.</description>
    <mitre>
      <id>T1110</id>
    </mitre>
    <group>authentication_failures,pci_dss_10.2.4,pci_dss_10.2.5,gpg13_7.1,gpg13_7.8,gdpr_IV_35.7.d,gdpr_IV_32.2,hipaa_164.312.b,nist_800_53_AU.14,nist_800_53_AC.7,tsc_CC6.1,tsc_CC6.8,tsc_CC7.2,tsc_CC7.3,</group>
  </rule>

  <rule id="40112" level="12" timeframe="240">
    <if_group>authentication_success</if_group>
    <if_matched_group>authentication_failures</if_matched_group>
    <same_source_ip />
    <description>Multiple authentication failures followed </description>
    <description>by a success.</description>
    <mitre>
      <id>T1078</id>
      <id>T1110</id>
    </mitre>
    <group>pci_dss_10.2.4,pci_dss_10.2.5,pci_dss_11.4,gpg13_7.1,gpg13_7.8,gdpr_IV_35.7.d,gdpr_IV_32.2,hipaa_164.312.b,nist_800_53_AU.14,nist_800_53_AC.7,nist_800_53_SI.4,tsc_CC6.1,tsc_CC6.8,tsc_CC7.2,tsc_CC7.3,</group>
  </rule>

  <rule id="40113" level="12" frequency="8" timeframe="360">
    <if_matched_group>virus</if_matched_group>
    <description>Multiple viruses detected - Possible outbreak.</description>
    <group>virus,pci_dss_5.1,pci_dss_5.2,pci_dss_11.4,gpg13_4.2,gdpr_IV_35.7.d,nist_800_53_SI.3,nist_800_53_SI.4,tsc_A1.2,tsc_CC6.1,tsc_CC6.8,tsc_CC7.2,tsc_CC7.3,</group>
  </rule>

</group>

<!-- Privilege escalation messages -->
<group name="syslog,elevation_of_privilege,">
  <rule id="40501" level="15" timeframe="300" frequency="4">
    <if_group>adduser</if_group>
    <if_matched_group>attacks</if_matched_group>
    <same_location/>
    <description>Attacks followed by the addition </description>
    <description>of an user.</description>
    <mitre>
      <id>T1068</id>
      <id>T1136</id>
      <id>T1203</id>
    </mitre>
    <group>pci_dss_10.2.7,pci_dss_10.6.1,pci_dss_11.4,gdpr_IV_35.7.d,hipaa_164.312.b,nist_800_53_AU.14,nist_800_53_AU.6,nist_800_53_SI.4,tsc_CC6.8,tsc_CC7.2,tsc_CC7.3,tsc_CC6.1,</group>
  </rule>
</group>

<!-- Scan signatures -->
<group name="syslog,recon,">
  <rule id="40601" level="10" frequency="12" timeframe="90" ignore="90">
    <if_matched_group>connection_attempt</if_matched_group>
    <description>Network scan from same source ip.</description>
    <same_source_ip />
    <info type="link">http://project.honeynet.org/papers/enemy2/</info>
    <mitre>
      <id>T1046</id>
    </mitre>
    <group>pci_dss_11.4,gdpr_IV_35.7.d,nist_800_53_SI.4,tsc_CC6.1,tsc_CC6.8,tsc_CC7.2,tsc_CC7.3,</group>
  </rule>
</group>
