<!--
  -  MySQL rules
  -  Author: Daniel Cid.
  -  Updated by Wazuh, Inc.
  -  Copyright (C) 2015, Wazuh Inc.
  -  Copyright (C) 2009 Trend Micro Inc.
  -  This program is a free software; you can redistribute it and/or modify it under the terms of GPLv2.
-->

<group name="mysql_log,">
  <rule id="50100" level="0">
    <decoded_as>mysql_log</decoded_as>
    <description>MySQL messages grouped.</description>
  </rule>

  <rule id="50105" level="3">
    <if_sid>50100</if_sid>
    <regex>^MySQL log: \d+ \S+ \d+ Connect</regex>
    <description>MySQL: authentication success.</description>
    <mitre>
      <id>T1078</id>
    </mitre>
    <group>authentication_success,pci_dss_10.2.5,pci_dss_8.7,gpg13_7.1,gpg13_7.2,gdpr_IV_32.2,hipaa_164.312.b,hipaa_164.312.d,hipaa_164.312.e.1,hipaa_164.312.e.2.I,hipaa_164.312.e.2.II,nist_800_53_AU.14,nist_800_53_AC.7,nist_800_53_SC.2,tsc_CC6.8,tsc_CC7.2,tsc_CC7.3,tsc_PI1.4,tsc_PI1.5,</group>
  </rule>

  <rule id="50106" level="9">
    <if_sid>50100</if_sid>
    <match>Access denied for user</match>
    <description>MySQL: authentication failure.</description>
    <group>authentication_failed,pci_dss_10.2.4,pci_dss_10.2.5,pci_dss_8.7,gpg13_7.1,gdpr_IV_35.7.d,gdpr_IV_32.2,hipaa_164.312.b,hipaa_164.312.d,hipaa_164.312.e.1,hipaa_164.312.e.2.I,hipaa_164.312.e.2.II,nist_800_53_AU.14,nist_800_53_AC.7,nist_800_53_SC.2,tsc_CC6.1,tsc_CC6.8,tsc_CC7.2,tsc_CC7.3,tsc_PI1.4,tsc_PI1.5,</group>
  </rule>

  <rule id="50107" level="0">
    <if_sid>50100</if_sid>
    <regex>^MySQL log: \d+ \S+ \d+ Query</regex>
    <description>MySQL: query.</description>
  </rule>

  <rule id="50108" level="3">
    <if_sid>50100</if_sid>
    <regex>^MySQL log: \d+ \S+ \d+ Quit</regex>
    <description>MySQL: User disconnected from database.</description>
    <group>pci_dss_10.2.5,pci_dss_8.7,gpg13_7.1,gpg13_7.2,gdpr_IV_32.2,hipaa_164.312.b,hipaa_164.312.d,hipaa_164.312.e.1,hipaa_164.312.e.2.I,hipaa_164.312.e.2.II,nist_800_53_AU.14,nist_800_53_AC.7,nist_800_53_SC.2,tsc_CC6.8,tsc_CC7.2,tsc_CC7.3,tsc_PI1.4,tsc_PI1.5,</group>
  </rule>

  <rule id="50120" level="12">
    <if_sid>50100</if_sid>
    <match>mysqld ended|Shutdown complete</match>
    <description>MySQL: shutdown message.</description>
    <mitre>
      <id>T1529</id>
    </mitre>
    <group>service_availability,pci_dss_10.6.1,gpg13_4.14,gdpr_IV_35.7.d,hipaa_164.312.b,nist_800_53_AU.6,tsc_CC7.2,tsc_CC7.3,</group>
  </rule>

  <rule id="50121" level="3">
    <if_sid>50100</if_sid>
    <match>mysqld started|mysqld restarted</match>
    <description>MySQL: startup message.</description>
    <group>service_availability,gpg13_4.14,</group>
  </rule>

  <rule id="50125" level="5">
    <if_sid>50100</if_sid>
    <regex>^MySQL log: \d+ \S+ \d+ [ERROR]</regex>
    <description>MySQL: error.</description>
    <group>gpg13_4.3,gdpr_IV_35.7.d,</group>
  </rule>

  <rule id="50126" level="12">
    <if_sid>50125</if_sid>
    <match>Fatal error:</match>
    <description>MySQL: fatal error.</description>
    <mitre>
      <id>T1499</id>
    </mitre>
    <group>service_availability,pci_dss_10.6.1,gpg13_4.1,gdpr_IV_35.7.d,hipaa_164.312.b,nist_800_53_AU.6,tsc_CC7.2,tsc_CC7.3,</group>
  </rule>

  <rule id="50180" level="10" frequency="8" timeframe="120" ignore="60">
    <if_matched_sid>50125</if_matched_sid>
    <description>MySQL: Multiple errors.</description>
    <mitre>
      <id>T1499</id>
    </mitre>
    <group>service_availability,pci_dss_10.6.1,gpg13_4.3,gdpr_IV_35.7.d,hipaa_164.312.b,nist_800_53_AU.6,tsc_CC7.2,tsc_CC7.3,</group>
  </rule>

  <rule id="50181" level="5">
    <if_sid>50100</if_sid>
    <regex>^MySQL log: \d+-\d+-\d+T\d+:\d+:\d+.\d+\.+ \d+ [ERROR]</regex>
    <description>MySQL: error.</description>
    <group>gpg13_4.3,gdpr_IV_35.7.d,</group>
  </rule>

  <rule id="50182" level="12">
    <if_sid>50181</if_sid>
    <match>Fatal error:</match>
    <description>MySQL: fatal error.</description>
    <mitre>
      <id>T1499</id>
    </mitre>
    <group>service_availability,pci_dss_10.6.1,gpg13_4.1,gdpr_IV_35.7.d,hipaa_164.312.b,nist_800_53_AU.6,</group>
  </rule>

  <rule id="50183" level="10" frequency="8" timeframe="120" ignore="60">
    <if_matched_sid>50181</if_matched_sid>
    <description>MySQL: Multiple errors.</description>
    <mitre>
      <id>T1499</id>
    </mitre>
    <group>service_availability,pci_dss_10.6.1,gpg13_4.3,gdpr_IV_35.7.d,hipaa_164.312.b,nist_800_53_AU.6,</group>
  </rule>
</group>
