<!--
  -  Sysmon rules
  -  Created by Wazuh, Inc.
  -  Copyright (C) 2015, Wazuh Inc.
  -  This program is a free software; you can redistribute it and/or modify it under the terms of GPLv2.
-->

<group name="sysmon,">

    <rule id="184665" level="0">
        <if_sid>18100</if_sid>
        <match>Microsoft-Windows-Sysmon/Operational: INFORMATION(1)</match>
        <description>Sysmon - Event 1</description>
        <group>sysmon_event1,</group>
    </rule>

    <rule id="185000" level="0">
        <if_sid>18100</if_sid>
        <match>Microsoft-Windows-Sysmon/Operational: INFORMATION(2)</match>
        <description>Sysmon - Event 2</description>
        <group>sysmon_event2,</group>
    </rule>

    <rule id="185001" level="0">
        <if_sid>18100</if_sid>
        <match>Microsoft-Windows-Sysmon/Operational: INFORMATION(3)</match>
        <description>Sysmon - Event 3</description>
        <group>sysmon_event3,</group>
    </rule>

    <rule id="185002" level="0">
        <if_sid>18100</if_sid>
        <match>Microsoft-Windows-Sysmon/Operational: INFORMATION(4)</match>
        <description>Sysmon - Event 4</description>
        <group>sysmon_event4,</group>
    </rule>

    <rule id="185003" level="0">
        <if_sid>18100</if_sid>
        <match>Microsoft-Windows-Sysmon/Operational: INFORMATION(5)</match>
        <description>Sysmon - Event 5</description>
        <group>sysmon_event5,</group>
    </rule>

    <rule id="185004" level="0">
        <if_sid>18100</if_sid>
        <match>Microsoft-Windows-Sysmon/Operational: INFORMATION(6)</match>
        <description>Sysmon - Event 6</description>
        <group>sysmon_event6,</group>
    </rule>

    <rule id="185005" level="0">
        <if_sid>18100</if_sid>
        <match>Microsoft-Windows-Sysmon/Operational: INFORMATION(7)</match>
        <description>Sysmon - Event 7</description>
        <group>sysmon_event7,</group>
    </rule>

    <rule id="185006" level="0">
        <if_sid>18100</if_sid>
        <match>Microsoft-Windows-Sysmon/Operational: INFORMATION(8)</match>
        <description>Sysmon - Event 8</description>
        <group>sysmon_event8,</group>
    </rule>

    <rule id="185007" level="0">
        <if_sid>18100</if_sid>
        <match>Microsoft-Windows-Sysmon/Operational: INFORMATION(9)</match>
        <description>Sysmon - Event 9</description>
        <group>sysmon_event9,</group>
    </rule>

    <rule id="185008" level="0">
        <if_sid>18101</if_sid>
        <match>Microsoft-Windows-Sysmon/Operational: INFORMATION(10)</match>
        <description>Sysmon - Event 10</description>
        <group>sysmon_event_10,</group>
    </rule>

    <rule id="185009" level="0">
        <if_sid>18100</if_sid>
        <match>Microsoft-Windows-Sysmon/Operational: INFORMATION(11)</match>
        <description>Sysmon - Event 11</description>
        <group>sysmon_event_11,</group>
    </rule>

    <rule id="185010" level="0">
        <if_sid>18101</if_sid>
        <match>Microsoft-Windows-Sysmon/Operational: INFORMATION(12)</match>
        <description>Sysmon - Event 12</description>
        <group>sysmon_event_12,</group>
    </rule>

    <rule id="185011" level="0">
        <if_sid>18101</if_sid>
        <match>Microsoft-Windows-Sysmon/Operational: INFORMATION(13)</match>
        <description>Sysmon - Event 13</description>
        <group>sysmon_event_13,</group>
    </rule>

    <rule id="185012" level="0">
        <if_sid>18101</if_sid>
        <match>Microsoft-Windows-Sysmon/Operational: INFORMATION(14)</match>
        <description>Sysmon - Event 14</description>
        <group>sysmon_event_14,</group>
    </rule>

    <rule id="185013" level="0">
        <if_sid>18100</if_sid>
        <match>Microsoft-Windows-Sysmon/Operational: INFORMATION(15)</match>
        <description>Sysmon - Event 15</description>
        <group>sysmon_event_15,</group>
    </rule>

</group>

<!--
    -  Process anomalies based on Sysmon Event 1
    -  Author: Josh Brower, Josh@DefensiveDepth.com.
    -  Licensed under the MIT License: http://opensource.org/licenses/MIT
    -  Windows Process Attributes documentation here: http://defensivedepth.com/windows-processes
    -  Updated by Wazuh, Inc. <support@wazuh.com>.
-->

<group name="sysmon,sysmon_process-anomalies,">

    <rule id="184666" level="12">
        <if_group>sysmon_event1</if_group>
        <field name="sysmon.image">svchost.exe</field>
        <description>Sysmon - Suspicious Process - svchost.exe</description>
        <mitre>
          <id>T1055</id>
        </mitre>
        <group>pci_dss_10.6.1,pci_dss_11.4,gdpr_IV_35.7.d,hipaa_164.312.b,nist_800_53_AU.6,nist_800_53_SI.4,tsc_CC7.2,tsc_CC7.3,tsc_CC6.1,tsc_CC6.8,</group>
    </rule>

    <rule id="184667" level="0">
        <if_sid>184666</if_sid>
        <field name="sysmon.parentImage">\\services.exe</field>
        <description>Sysmon - Legitimate Parent Image - svchost.exe</description>
    </rule>


    <rule id="184676" level="12">
        <if_group>sysmon_event1</if_group>
        <field name="sysmon.image">lsm.exe</field>
        <description>Sysmon - Suspicious Process - lsm.exe</description>
        <mitre>
          <id>T1055</id>
        </mitre>
        <group>pci_dss_10.6.1,pci_dss_11.4,gdpr_IV_35.7.d,hipaa_164.312.b,nist_800_53_AU.6,nist_800_53_SI.4,tsc_CC7.2,tsc_CC7.3,tsc_CC6.1,tsc_CC6.8,</group>
    </rule>

    <rule id="184677" level="0">
        <if_sid>184676</if_sid>
        <field name="sysmon.parentImage">wininit.exe</field>
        <description>Sysmon - Legitimate Parent Image - lsm.exe</description>
    </rule>

    <rule id="184678" level="12">
        <if_group>sysmon_event1</if_group>
        <field name="sysmon.parentImage">lsm.exe</field>
        <description>Sysmon - Suspicious Process - lsm.exe is a Parent Image</description>
        <mitre>
          <id>T1055</id>
        </mitre>
        <group>pci_dss_10.6.1,pci_dss_11.4,gdpr_IV_35.7.d,hipaa_164.312.b,nist_800_53_AU.6,nist_800_53_SI.4,tsc_CC7.2,tsc_CC7.3,tsc_CC6.1,tsc_CC6.8,</group>
    </rule>


    <rule id="184686" level="12">
        <if_group>sysmon_event1</if_group>
        <field name="sysmon.image">csrss.exe</field>
        <description>Sysmon - Suspicious Process - csrss.exe</description>
        <mitre>
          <id>T1055</id>
        </mitre>
        <group>pci_dss_10.6.1,pci_dss_11.4,gdpr_IV_35.7.d,hipaa_164.312.b,nist_800_53_AU.6,nist_800_53_SI.4,tsc_CC7.2,tsc_CC7.3,tsc_CC6.1,tsc_CC6.8,</group>
    </rule>

    <rule id="184687" level="0">
        <if_sid>184686</if_sid>
        <field name="sysmon.parentImage">smss.exe</field>
        <description>Sysmon - Legitimate Parent Image - csrss.exe</description>
    </rule>


    <rule id="184696" level="12">
        <if_group>sysmon_event1</if_group>
        <field name="sysmon.image">lsass.exe</field>
        <description>Sysmon - Suspicious Process - lsass</description>
        <mitre>
          <id>T1055</id>
        </mitre>
        <group>pci_dss_10.6.1,pci_dss_11.4,gdpr_IV_35.7.d,hipaa_164.312.b,nist_800_53_AU.6,nist_800_53_SI.4,tsc_CC7.2,tsc_CC7.3,tsc_CC6.1,tsc_CC6.8,</group>
    </rule>

    <rule id="184697" level="0">
        <if_sid>184696</if_sid>
        <field name="sysmon.parentImage">wininit.exe</field>
        <description>Sysmon - Legitimate Parent Image - lsass.exe</description>
    </rule>

    <rule id="184698" level="12">
        <if_group>sysmon_event1</if_group>
        <field name="sysmon.parentImage">lsass.exe</field>
        <description>Sysmon - Suspicious Process - lsass.exe is a Parent Image</description>
        <mitre>
          <id>T1055</id>
        </mitre>
        <group>pci_dss_10.6.1,pci_dss_11.4,gdpr_IV_35.7.d,hipaa_164.312.b,nist_800_53_AU.6,nist_800_53_SI.4,tsc_CC7.2,tsc_CC7.3,tsc_CC6.1,tsc_CC6.8,</group>
    </rule>


    <rule id="184706" level="12">
        <if_group>sysmon_event1</if_group>
        <field name="sysmon.image">winlogon.exe</field>
        <description>Sysmon - Suspicious Process - winlogon.exe</description>
        <mitre>
          <id>T1055</id>
        </mitre>
        <group>pci_dss_10.6.1,pci_dss_11.4,gdpr_IV_35.7.d,hipaa_164.312.b,nist_800_53_AU.6,nist_800_53_SI.4,tsc_CC7.2,tsc_CC7.3,tsc_CC6.1,tsc_CC6.8,</group>
    </rule>

    <rule id="184707" level="0">
        <if_sid>184706</if_sid>
        <field name="sysmon.parentImage">smss.exe</field>
        <description>Sysmon - Legitimate Parent Image - winlogon.exe</description>
    </rule>


    <rule id="184716" level="12">
        <if_group>sysmon_event1</if_group>
        <field name="sysmon.image">wininit.exe</field>
        <description>Sysmon - Suspicious Process - wininit</description>
        <mitre>
          <id>T1055</id>
        </mitre>
        <group>pci_dss_10.6.1,pci_dss_11.4,gdpr_IV_35.7.d,hipaa_164.312.b,nist_800_53_AU.6,nist_800_53_SI.4,tsc_CC7.2,tsc_CC7.3,tsc_CC6.1,tsc_CC6.8,</group>
    </rule>

    <rule id="184717" level="0">
        <if_sid>184716</if_sid>
        <field name="sysmon.parentImage">smss.exe</field>
        <description>Sysmon - Legitimate Parent Image - wininit.exe</description>
    </rule>


    <rule id="184726" level="12">
        <if_group>sysmon_event1</if_group>
        <field name="sysmon.image">smss.exe</field>
        <description>Sysmon - Suspicious Process - smss.exe</description>
        <mitre>
          <id>T1055</id>
        </mitre>
        <group>pci_dss_10.6.1,pci_dss_11.4,gdpr_IV_35.7.d,hipaa_164.312.b,nist_800_53_AU.6,nist_800_53_SI.4,tsc_CC7.2,tsc_CC7.3,tsc_CC6.1,tsc_CC6.8,</group>
    </rule>

    <rule id="184727" level="0">
        <if_sid>184726</if_sid>
        <field name="sysmon.parentImage">system</field>
        <description>Sysmon - Legitimate Parent Image - smss.exe</description>
    </rule>


    <rule id="184736" level="12">
        <if_group>sysmon_event1</if_group>
        <field name="sysmon.image">taskhost.exe</field>
        <description>Sysmon - Suspicious Process - taskhost.exe</description>
        <mitre>
          <id>T1055</id>
        </mitre>
        <group>pci_dss_10.6.1,pci_dss_11.4,gdpr_IV_35.7.d,hipaa_164.312.b,nist_800_53_AU.6,nist_800_53_SI.4,tsc_CC7.2,tsc_CC7.3,tsc_CC6.1,tsc_CC6.8,</group>
    </rule>

    <rule id="184737" level="0">
        <if_sid>184736</if_sid>
        <field name="sysmon.parentImage">services.exe|svchost.exe</field>
        <description>Sysmon - Legitimate Parent Image - taskhost.exe</description>
    </rule>


    <rule id="184746" level="12">
        <if_group>sysmon_event1</if_group>
        <field name="sysmon.image">/services.exe</field>
        <description>Sysmon - Suspicious Process - services.exe</description>
        <mitre>
          <id>T1055</id>
        </mitre>
        <group>pci_dss_10.6.1,pci_dss_11.4,gdpr_IV_35.7.d,hipaa_164.312.b,nist_800_53_AU.6,nist_800_53_SI.4,tsc_CC7.2,tsc_CC7.3,tsc_CC6.1,tsc_CC6.8,</group>
    </rule>

    <rule id="184747" level="0">
        <if_sid>184746</if_sid>
        <field name="sysmon.parentImage">wininit.exe</field>
        <description>Sysmon - Legitimate Parent Image - services.exe</description>
    </rule>


    <rule id="184766" level="12">
        <if_group>sysmon_event1</if_group>
        <field name="sysmon.image">dllhost.exe</field>
        <description>Sysmon - Suspicious Process - dllhost.exe</description>
        <mitre>
          <id>T1055</id>
        </mitre>
        <group>pci_dss_10.6.1,pci_dss_11.4,gdpr_IV_35.7.d,hipaa_164.312.b,nist_800_53_AU.6,nist_800_53_SI.4,tsc_CC7.2,tsc_CC7.3,tsc_CC6.1,tsc_CC6.8,</group>
    </rule>

    <rule id="184767" level="0">
        <if_sid>184766</if_sid>
        <field name="sysmon.parentImage">svchost.exe|services.exe</field>
        <description>Sysmon - Legitimate Parent Image - dllhost.exe</description>
    </rule>


    <rule id="184776" level="12">
        <if_group>sysmon_event1</if_group>
        <field name="sysmon.image">\\explorer.exe</field>
        <description>Sysmon - Suspicious Process - explorer.exe</description>
        <mitre>
          <id>T1055</id>
        </mitre>
        <group>pci_dss_10.6.1,pci_dss_11.4,gdpr_IV_35.7.d,hipaa_164.312.b,nist_800_53_AU.6,nist_800_53_SI.4,tsc_CC7.2,tsc_CC7.3,tsc_CC6.1,tsc_CC6.8,</group>
    </rule>

    <rule id="184777" level="0">
        <if_sid>184776</if_sid>
        <field name="sysmon.parentImage">userinit.exe</field>
        <description>Sysmon - Legitimate Parent Image - explorer.exe</description>
    </rule>
    
</group>
