<!--
  -  Copyright (C) 2015, Wazuh Inc.
-->

<!-- 
  Rules for:
    Amazon AWS: 80200 - 80499
-->

<group name="amazon,aws,">

  <!-- AWS wodle -->
  <rule id="80200" level="0">
    <decoded_as>json</decoded_as>
    <field name="integration">aws</field>
    <options>no_full_log</options>
    <description>AWS alert.</description>
  </rule>

  <!-- Cloudtrail -->

  <!-- Filter by eventName: etc/lists/amazon/aws-eventnames -->
  <rule id="80202" level="3">
    <if_sid>80200</if_sid>
    <field name="aws.source">cloudtrail</field>
    <list field="aws.eventName" lookup="match_key">etc/lists/amazon/aws-eventnames</list>
    <options>no_full_log</options>
    <description>AWS Cloudtrail: $(aws.eventSource) - $(aws.eventName).</description>
    <group>aws_cloudtrail,gdpr_IV_35.7.d,hipaa_164.312.b,nist_800_53_AU.6,pci_dss_10.6.1,tsc_CC7.2,tsc_CC7.3,</group>
  </rule>

  <!-- If there is an error code: increase the level and change description -->
  <rule id="80203" level="4">
    <if_sid>80202</if_sid>
    <field name="aws.errorCode">\.+</field>
    <options>no_full_log</options>
    <description>AWS Cloudtrail: $(aws.eventSource) - $(aws.eventName). Error: $(aws.errorCode).</description>
    <group>amazon-error,aws_cloudtrail,gdpr_IV_35.7.d,hipaa_164.312.b,nist_800_53_AU.6,pci_dss_10.6.1,tsc_CC7.2,tsc_CC7.3,</group>
  </rule>

  <!-- Specific rules -->

  <!-- Events with errors -->
  <rule id="80250" level="5">
    <if_sid>80203</if_sid>
    <field name="aws.errorCode">AccessDenied</field>
    <options>no_full_log</options>
    <description>AWS Cloudtrail: $(aws.eventSource) - $(aws.eventName). Error: $(aws.errorCode).</description>
    <group>aws_cloudtrail,gdpr_IV_32.2,gdpr_IV_35.7.d,hipaa_164.312.b,nist_800_53_AC.7,nist_800_53_AU.14,nist_800_53_AU.6,pci_dss_10.2.4,pci_dss_10.2.5,pci_dss_10.6.1,tsc_CC6.1,tsc_CC6.8,tsc_CC7.2,tsc_CC7.3,</group>
  </rule>

  <!-- Events with no errors -->
  <rule id="80251" level="3">
    <if_sid>80202</if_sid>
    <field name="aws.eventName">DeleteObjects</field>
    <options>no_full_log</options>
    <description>AWS Cloudtrail: $(aws.eventSource) - $(aws.eventName).</description>
    <group>aws_cloudtrail,gdpr_IV_35.7.d,hipaa_164.312.b,nist_800_53_AU.6,pci_dss_10.6.1,tsc_CC7.2,tsc_CC7.3,</group>
  </rule>

  <rule id="80252" level="10" frequency="22" timeframe="600">
    <if_matched_sid>80251</if_matched_sid>
    <options>no_full_log</options>
    <description>AWS Cloudtrail: $(aws.eventSource) - $(aws.eventName) - high number of deleted objects.</description>
    <mitre>
      <id>T1485</id>
    </mitre>
    <group>aws_cloudtrail,gdpr_IV_35.7.d,hipaa_164.312.b,nist_800_53_AU.6,pci_dss_10.6.1,tsc_CC7.2,tsc_CC7.3,</group>
  </rule>

  <!-- Logins -->
  <rule id="80253" level="3">
    <if_sid>80202</if_sid>
    <field name="aws.eventName">ConsoleLogin</field>
    <options>no_full_log</options>
    <description>AWS Cloudtrail: $(aws.eventSource) - $(aws.eventName) - User login success.</description>
    <mitre>
      <id>T1078</id>
    </mitre>
    <group>authentication_success,aws_cloudtrail,gdpr_IV_32.2,hipaa_164.312.b,nist_800_53_AC.7,nist_800_53_AU.14,pci_dss_10.2.5,tsc_CC6.8,tsc_CC7.2,tsc_CC7.3,</group>
  </rule>

  <rule id="80254" level="5">
    <if_sid>80253</if_sid>
    <field name="aws.responseElements.ConsoleLogin">Failure</field>
    <options>no_full_log</options>
    <description>AWS Cloudtrail: $(aws.eventSource) - $(aws.eventName) - User login failed.</description>
    <group>authentication_failed,aws_cloudtrail,gdpr_IV_32.2,gdpr_IV_35.7.d,hipaa_164.312.b,nist_800_53_AC.7,nist_800_53_AU.14,pci_dss_10.2.4,pci_dss_10.2.5,tsc_CC6.1,tsc_CC6.8,tsc_CC7.2,tsc_CC7.3,</group>
  </rule>

  <rule id="80255" level="10" frequency="6" timeframe="360">
    <if_matched_sid>80254</if_matched_sid>
    <options>no_full_log</options>
    <description>AWS Cloudtrail: $(aws.eventSource) - $(aws.eventName) - Possible break in attempt (high number of login attempts).</description>
    <mitre>
      <id>T1110</id>
    </mitre>
    <group>authentication_failures,aws_cloudtrail,gdpr_IV_32.2,gdpr_IV_35.7.d,hipaa_164.312.b,nist_800_53_AC.7,nist_800_53_AU.14,nist_800_53_SI.4,pci_dss_10.2.4,pci_dss_10.2.5,pci_dss_11.4,tsc_CC6.1,tsc_CC6.8,tsc_CC7.2,tsc_CC7.3,</group>
  </rule>

  <!-- Guard Duty -->
  <!-- Documentation: https://docs.aws.amazon.com/guardduty/latest/ug/guardduty_finding-types.html -->
  <rule id="80300" level="0">
    <if_sid>80200</if_sid>
    <field name="aws.source">guardduty</field>
    <options>no_full_log</options>
    <description>AWS GuardDuty alert.</description>
    <group>aws_guardduty,</group>
  </rule>

  <!-- Guard Duty severity levels: https://docs.aws.amazon.com/guardduty/latest/ug/guardduty_findings.html#guardduty_findings-severity -->
  <rule id="80301" level="3">
    <if_sid>80300</if_sid>
    <field name="aws.severity">0|1|2|3</field>
    <options>no_full_log</options>
    <description>AWS GuardDuty: $(aws.service.action.actionType) - $(aws.title).</description>
    <group>aws_guardduty,</group>
  </rule>

  <rule id="80302" level="6">
    <if_sid>80300</if_sid>
    <field name="aws.severity">4|5|6</field>
    <options>no_full_log</options>
    <description>AWS GuardDuty: $(aws.service.action.actionType) - $(aws.title).</description>
    <group>aws_guardduty,</group>
  </rule>

  <rule id="80303" level="10">
    <if_sid>80300</if_sid>
    <field name="aws.severity">7|8|9</field>
    <options>no_full_log</options>
    <description>AWS GuardDuty: $(aws.service.action.actionType) - $(aws.title).</description>
    <group>aws_guardduty,</group>
  </rule>

  <!-- PORT_PROBE rules -->
  <rule id="80305" level="3">
    <if_sid>80301</if_sid>
    <field name="aws.service.action.actionType">PORT_PROBE</field>
    <options>no_full_log</options>
    <description>AWS GuardDuty: $(aws.service.action.actionType) - $(aws.title) [IP: $(aws.service.action.portProbeAction.portProbeDetails.remoteIpDetails.ipAddressV4)] [Port: $(aws.service.action.portProbeAction.portProbeDetails.localPortDetails.port)].</description>
    <group>aws_guardduty,</group>
  </rule>

  <rule id="80306" level="6">
    <if_sid>80302</if_sid>
    <field name="aws.service.action.actionType">PORT_PROBE</field>
    <options>no_full_log</options>
    <description>AWS GuardDuty: $(aws.service.action.actionType) - $(aws.title) [IP: $(aws.service.action.portProbeAction.portProbeDetails.remoteIpDetails.ipAddressV4)] [Port: $(aws.service.action.portProbeAction.portProbeDetails.localPortDetails.port)].</description>
    <group>aws_guardduty,</group>
  </rule>

  <rule id="80307" level="10">
    <if_sid>80303</if_sid>
    <field name="aws.service.action.actionType">PORT_PROBE</field>
    <options>no_full_log</options>
    <description>AWS GuardDuty: $(aws.service.action.actionType) - $(aws.title) [IP: $(aws.service.action.portProbeAction.portProbeDetails.remoteIpDetails.ipAddressV4)] [Port: $(aws.service.action.portProbeAction.portProbeDetails.localPortDetails.port)].</description>
    <group>aws_guardduty,</group>
  </rule>

  <!-- AWS ELB -->
  <!-- Documentation: https://docs.aws.amazon.com/elasticloadbalancing/index.html -->
  <rule id="80325" level="0">
    <if_sid>80200</if_sid>
    <field name="aws.source">alb</field>
    <options>no_full_log</options>
    <description>AWS ALB alert.</description>
    <group>aws_alb,</group>
  </rule>

  <rule id="80326" level="3">
    <if_sid>80325</if_sid>
    <field name="aws.elb_status_code">500</field>
    <options>no_full_log</options>
    <description>AWS ALB: Status error: $(data.aws.error_reason) - $(aws.action_executed) [ELB: $(aws.elb)].</description>
    <group>aws_alb,</group>
  </rule>

  <rule id="80327" level="3">
    <if_sid>80325</if_sid>
    <field name="aws.elb_status_code">503</field>
    <options>no_full_log</options>
    <description>AWS ALB: Status error: $(data.aws.error_reason) - $(aws.action_executed) [ELB: $(aws.elb)].</description>
    <group>aws_alb,</group>
  </rule>

  <rule id="80328" level="5">
    <if_sid>80325</if_sid>
    <field name="aws.elb_status_code">403</field>
    <options>no_full_log</options>
    <description>AWS ALB: Status error: $(data.aws.error_reason) - $(aws.action_executed) - $(aws.user_agent) [ELB: $(aws.elb)].</description>
    <group>aws_alb,</group>
  </rule>

  <!-- Macie Alerts -->
  <!-- Documentation: https://docs.aws.amazon.com/macie/latest/userguide/macie-alerts.html#macie-alert-severity -->
  <rule id="80350" level="0">
    <if_sid>80200</if_sid>
    <field name="aws.source">macie</field>
    <options>no_full_log</options>
    <description>AWS Macie alert.</description>
    <group>aws_macie,</group>
  </rule>

  <rule id="80351" level="4">
    <if_sid>80350</if_sid>
    <field name="aws.severity.description">LOW</field>
    <options>no_full_log</options>
    <description>AWS Macie $(aws.severity.description): $(aws.type) - $(aws.title)</description>
    <group>aws_macie,</group>
  </rule>

  <rule id="80352" level="6">
    <if_sid>80350</if_sid>
    <field name="aws.severity.description">MEDIUM</field>
    <options>no_full_log</options>
    <description>AWS Macie $(aws.severity.description): $(aws.type) - $(aws.title)</description>
    <group>aws_macie,</group>
  </rule>

  <rule id="80353" level="8">
    <if_sid>80350</if_sid>
    <field name="aws.severity.description">HIGH</field>
    <options>no_full_log</options>
    <description>AWS Macie $(aws.severity.description): $(aws.type) - $(aws.title)</description>
    <group>aws_macie,</group>
  </rule>

  <!-- S3 Access rules -->
  <rule id="80360" level="0">
    <if_sid>80200</if_sid>
    <field name="aws.source">s3_server_access</field>
    <description>AWS S3 access log events group.</description>
    <group>s3,</group>
  </rule>

  <rule id="80361" level="3">
    <if_sid>80360</if_sid>
    <field name="aws.operation">DELETE</field>
    <description>AWS S3: DELETE operation: $(aws.request_uri).</description>
    <group>s3,</group>
  </rule>

  <rule id="80362" level="2">
    <if_sid>80360</if_sid>
    <field name="aws.operation">GET</field>
    <description>AWS S3: GET operation: $(aws.request_uri).</description>
    <group>s3,</group>
  </rule>

  <!-- Silence general REST.GET.OBJECT with status code 200 -->
  <rule id="80363" level="0">
    <if_sid>80362</if_sid>
    <field name="aws.operation">^REST.GET.OBJECT$</field>
    <field name="aws.http_status">200</field>
    <description>AWS S3: GET with 200 status code.</description>
    <group>s3,</group>
  </rule>

  <rule id="80364" level="3">
    <if_sid>80360</if_sid>
    <field name="aws.operation">PUT</field>
    <description>AWS S3: PUT operation: $(aws.request_uri).</description>
    <group>s3,</group>
  </rule>

  <!-- Silence events when S3 puts a file into the bucket -->
  <rule id="80365" level="0">
    <if_sid>80364</if_sid>
    <field name="aws.requester">^svc:s3.amazonaws.com$</field>
    <description>AWS S3: PUT operation: $(aws.request_uri) from S3 service.</description>
    <group>s3,</group>
  </rule>

  <rule id="80366" level="2">
    <if_sid>80360</if_sid>
    <field name="aws.operation">POST</field>
    <description>AWS S3: POST operation: $(aws.request_uri).</description>
    <group>s3,</group>
  </rule>

  <!-- Error events -->
  <rule id="80367" level="5">
    <if_sid>80360</if_sid>
    <field name="aws.error_code" type="pcre2">^(?!^$|^-$).*</field>
    <description>AWS S3 Error: $(aws.error_code).</description>
    <group>s3,</group>
  </rule>

  <!-- Access denied errors -->
  <rule id="80368" level="5">
    <if_sid>80367</if_sid>
    <field name="aws.error_code" type="pcre2">^(?:AccessDenied|LambdaPermissionError|AccountNotAuthorized|OrganizationAccessDenied|UnauthorizedAccess)$</field>
    <description>AWS S3 Error: $(aws.error_code), operation: $(aws.operation).</description>
    <group>s3,</group>
  </rule>

  <rule id="80369" level="10" frequency="10" timeframe="60">
    <if_matched_sid>80368</if_matched_sid>
    <same_field>aws.error_code</same_field>
    <description>AWS S3 Error: Multiple access denied.</description>
    <group>s3,</group>
  </rule>

  <!-- Authentication failure -->
  <rule id="80370" level="5">
    <if_sid>80367</if_sid>
    <field name="aws.error_code" type="pcre2">^InvalidSecurity$</field>
    <description>AWS S3 Authentication Failure: $(aws.error_code), from: $(aws.requester).</description>
    <group>s3,</group>
  </rule>

  <rule id="80371" level="10" frequency="10" timeframe="60">
    <if_matched_sid>80370</if_matched_sid>
    <description>AWS S3 multiple authentication failures.</description>
    <mitre>
      <id>T1110</id>
    </mitre>
    <group>s3,</group>
  </rule>

  <!-- VPC Flow -->
  <!-- Documentation: https://docs.aws.amazon.com/AmazonVPC/latest/UserGuide/flow-logs.html -->
  <rule id="80400" level="0">
    <if_sid>80200</if_sid>
    <field name="aws.source">vpc</field>
    <options>no_full_log</options>
    <description>AWS VPC flow alert.</description>
    <group>aws_vpcflow,</group>
  </rule>

  <rule id="80401" level="3">
    <if_sid>80400</if_sid>
    <field name="aws.action">ACCEPT</field>
    <options>no_full_log</options>
    <description>AWS VPC Flow: [$(aws.action)] - Interface: $(aws.interface_id) - Protocol: $(aws.protocol).</description>
    <group>aws_vpcflow,</group>
  </rule>

  <rule id="80402" level="4">
    <if_sid>80400</if_sid>
    <field name="aws.action">REJECT</field>
    <options>no_full_log</options>
    <description>AWS VPC Flow: [$(aws.action)] - Interface: $(aws.interface_id) - Protocol: $(aws.protocol).</description>
    <group>aws_vpcflow,</group>
  </rule>

  <!-- AWS WAF -->
  <!-- Documentation: https://docs.aws.amazon.com/waf/latest/developerguide/logging.html -->
  <rule id="80440" level="0">
    <if_sid>80200</if_sid>
    <field name="aws.source">waf</field>
    <options>no_full_log</options>
    <description>AWS WAF alert.</description>
    <group>aws_waf,</group>
  </rule>

  <rule id="80441" level="0">
    <if_sid>80440</if_sid>
    <field name="aws.action">ALLOW</field>
    <options>no_full_log</options>
    <description>AWS WAF - Allowed request.</description>
    <group>aws_waf,aws_waf_allow,</group>
  </rule>

  <rule id="80442" level="3">
    <if_sid>80440</if_sid>
    <field name="aws.action">BLOCK</field>
    <options>no_full_log</options>
    <description>AWS WAF - Blocked request.</description>
    <group>aws_waf,aws_waf_block,</group>
  </rule>

  <rule id="80443" level="10" frequency="8" timeframe="120" ignore="60">
    <if_matched_sid>80442</if_matched_sid>
    <same_field>aws.httpRequest.clientIp</same_field>
    <options>no_full_log</options>
    <description>AWS WAF - Multiple blocked requests.</description>
  </rule>

  <!-- AWS Config -->
  <!-- Documentation: https://docs.aws.amazon.com/config/latest/developerguide/WhatIsConfig.html -->
  <rule id="80450" level="0">
    <if_sid>80200</if_sid>
    <field name="aws.source">config</field>
    <options>no_full_log</options>
    <description>AWS config alert.</description>
    <group>aws_config,</group>
  </rule>

  <!-- ConfigHistory vs ConfigSnapshot -->
  <rule id="80451" level="0">
    <if_sid>80450</if_sid>
    <field name="aws.log_info.log_file">\.+ConfigHistory</field>
    <options>no_full_log</options>
    <description>AWS config - history.</description>
    <group>aws_config,aws_config_history,</group>
  </rule>

  <rule id="80452" level="0">
    <if_sid>80450</if_sid>
    <field name="aws.log_info.log_file">\.+ConfigSnapshot</field>
    <options>no_full_log</options>
    <description>AWS config - snapshot.</description>
    <group>aws_config,aws_config_snapshot,</group>
  </rule>

  <!-- Config history -->
  <rule id="80453" level="0">
    <if_sid>80451</if_sid>
    <field name="aws.configurationItemStatus">OK</field>
    <options>no_full_log</options>
    <description>AWS config - history [$(aws.awsAccountId) $(aws.awsRegion)] [$(aws.resourceType)]: $(aws.resourceId) ($(aws.configurationItemStatus)).</description>
    <group>aws_config,aws_config_history,</group>
  </rule>

  <rule id="80454" level="3">
    <if_sid>80451</if_sid>
    <field name="aws.configurationItemStatus">ResourceDiscovered</field>
    <options>no_full_log</options>
    <description>The resource was newly discovered. AWS config - history:  [$(aws.awsAccountId) $(aws.awsRegion)] [$(aws.resourceType)]: $(aws.resourceId) ($(aws.configurationItemStatus)).</description>
    <group>aws_config,aws_config_history,</group>
  </rule>

  <rule id="80455" level="3">
    <if_sid>80451</if_sid>
    <field name="aws.configurationItemStatus">ResourceNotRecorded</field>
    <options>no_full_log</options>
    <description>The resource was discovered but its configuration was not recorded since the recorder excludes the recording of resources of this type. AWS config - history:  [$(aws.awsAccountId) $(aws.awsRegion)] [$(aws.resourceType)]: $(aws.resourceId) ($(aws.configurationItemStatus)).</description>
    <group>aws_config,aws_config_history,</group>
  </rule>

  <rule id="80456" level="3">
    <if_sid>80451</if_sid>
    <field name="aws.configurationItemStatus">ResourceDeleted</field>
    <options>no_full_log</options>
    <description>The resource was deleted. AWS config - history:  [$(aws.awsAccountId) $(aws.awsRegion)] [$(aws.resourceType)]: $(aws.resourceId) ($(aws.configurationItemStatus)).</description>
    <group>aws_config,aws_config_history,</group>
  </rule>

  <rule id="80457" level="3">
    <if_sid>80451</if_sid>
    <field name="aws.configurationItemStatus">ResourceDeletedNotRecorded</field>
    <options>no_full_log</options>
    <description>The resource was deleted but its configuration was not recorded since the recorder excludes the recording of resources of this type. AWS config - history:  [$(aws.awsAccountId) $(aws.awsRegion)] [$(aws.resourceType)]: $(aws.resourceId) ($(aws.configurationItemStatus)).</description>
    <group>aws_config,aws_config_history,</group>
  </rule>

  <!-- Config Snapshot -->
  <rule id="80475" level="3">
    <if_sid>80452</if_sid>
    <options>no_full_log</options>
    <description>AWS config - snapshot [$(aws.awsAccountId) $(aws.awsRegion)] [$(aws.resourceType)]: $(aws.resourceId) ($(aws.configurationItemStatus)).</description>
    <group>aws_config,aws_config_snapshot,</group>
  </rule>

  <rule id="80476" level="6">
    <if_sid>80475</if_sid>
    <field name="aws.configuration.complianceType">\.+</field>
    <options>no_full_log</options>
    <description>AWS config - snapshot compliance [$(aws.awsAccountId) $(aws.awsRegion)] [$(aws.resourceType)] [$(aws.configuration.configRuleList.configRuleName)]: $(aws.resourceId) ($(aws.configurationItemStatus)) $(aws.configuration.complianceType).</description>
    <group>aws_config,aws_config_snapshot,aws_config_snapshot_compliance,</group>
  </rule>

  <!-- AWS Trusted Advisor -->
  <!-- Documentation: https://docs.aws.amazon.com/awssupport/latest/user/trustedadvisor.html -->
  <rule id="80480" level="0">
    <if_sid>80200</if_sid>
    <field name="aws.source">trustedadvisor</field>
    <options>no_full_log</options>
    <description>AWS trusted advisor alert.</description>
    <group>aws_trusted_advisor,</group>
  </rule>

  <rule id="80481" level="5">
    <if_sid>80480</if_sid>
    <field name="aws.status">ERROR</field>
    <options>no_full_log</options>
    <description>AWS trusted advisor - [$(aws.uuid)] [$(aws.check-name)]: $(aws.status).</description>
    <group>aws_trusted_advisor,</group>
  </rule>

  <rule id="80482" level="4">
    <if_sid>80480</if_sid>
    <field name="aws.status">WARN</field>
    <options>no_full_log</options>
    <description>AWS trusted advisor - [$(aws.uuid)] [$(aws.check-name)]: $(aws.status).</description>
    <group>aws_trusted_advisor,</group>
  </rule>

  <rule id="80483" level="3">
    <if_sid>80480</if_sid>
    <field name="aws.status">OK</field>
    <options>no_full_log</options>
    <description>AWS trusted advisor - [$(aws.uuid)] [$(aws.check-name)]: $(aws.status).</description>
    <group>aws_trusted_advisor,</group>
  </rule>

  <!-- AWS KMS (Key Management Service) -->
  <!-- Documentation: https://docs.aws.amazon.com/kms/latest/developerguide/overview.html -->
  <rule id="80490" level="0">
    <if_sid>80200</if_sid>
    <field name="aws.source">kms</field>
    <options>no_full_log</options>
    <description>AWS KMS alert.</description>
    <group>aws_kms,</group>
  </rule>

  <rule id="80491" level="3">
    <if_sid>80490</if_sid>
    <options>no_full_log</options>
    <description>AWS KMS: [$(aws.eventName)] $(aws.userIdentity.type).</description>
    <group>aws_kms,</group>
  </rule>

  <rule id="80492" level="3">
    <if_sid>80491</if_sid>
    <field name="aws.userIdentity.userName">\.+</field>
    <options>no_full_log</options>
    <description>AWS KMS: [$(aws.eventName)] $(aws.userIdentity.type) - $(aws.userIdentity.userName) - $(aws.sourceIPAddress).</description>
    <group>aws_kms,</group>
  </rule>

  <rule id="80493" level="0">
    <if_sid>80491</if_sid>
    <field name="aws.userIdentity.invokedBy">AWS Internal</field>
    <options>no_full_log</options>
    <description>AWS KMS: [$(aws.eventName)] $(aws.userIdentity.type).</description>
    <group>aws_kms,</group>
  </rule>

  <rule id="80494" level="0">
    <if_sid>80492</if_sid>
    <field name="aws.userIdentity.invokedBy">AWS Internal</field>
    <options>no_full_log</options>
    <description>AWS KMS: [$(aws.eventName)] $(aws.userIdentity.type) - $(aws.userIdentity.userName) - $(aws.sourceIPAddress).</description>
    <group>aws_kms,</group>
  </rule>

  <!-- AWS Inspector -->
  <!-- Documentation: https://docs.aws.amazon.com/inspector/latest/userguide/inspector_introduction.html -->

  <rule id="80495" level="0">
    <if_sid>80200</if_sid>
    <field name="aws.source">inspector</field>
    <options>no_full_log</options>
    <description>AWS inspector - network assessment [$(aws.createdAt)]: $(aws.title) [$(aws.severity)].</description>
    <group>aws_inspector,</group>
  </rule>

  <rule id="80496" level="10">
    <if_sid>80495</if_sid>
    <field name="aws.severity">High</field>
    <options>no_full_log</options>
    <description>AWS inspector - network assessment [$(aws.createdAt)]: $(aws.title) [$(aws.severity)].</description>
    <group>aws_inspector,</group>
  </rule>

  <rule id="80497" level="7">
    <if_sid>80495</if_sid>
    <field name="aws.severity">Medium</field>
    <options>no_full_log</options>
    <description>AWS inspector - network assessment [$(aws.createdAt)]: $(aws.title) [$(aws.severity)].</description>
    <group>aws_inspector,</group>
  </rule>

  <rule id="80498" level="4">
    <if_sid>80495</if_sid>
    <field name="aws.severity">Low</field>
    <options>no_full_log</options>
    <description>AWS inspector - network assessment [$(aws.createdAt)]: $(aws.title) [$(aws.severity)].</description>
    <group>aws_inspector,</group>
  </rule>

  <rule id="80499" level="3">
    <if_sid>80495</if_sid>
    <field name="aws.severity">Informational</field>
    <options>no_full_log</options>
    <description>AWS inspector - network assessment [$(aws.createdAt)]: $(aws.title) [$(aws.severity)].</description>
    <group>aws_inspector,</group>
  </rule>

</group>
