<!--
  -  Serv-u rules
  -  Created by Wazuh, Inc.
  -  Copyright (C) 2015, Wazuh Inc.
  -  This program is a free software; you can redistribute it and/or modify it under the terms of GPLv2.
-->

<!-- ID: 80500 - 80599 -->

<!-- serv-u messages
[TypeMessage] DayWeek DayMonthYear Time - (SessionID) Message

TypeMessage:
    [01] - System Messages
    [02] - Security Messages
    [03] - IP Names
    [04] - ODBC Calls
    [05] - ODBC Errors
    [06] - Events
    [10] - Downloads
    [11] - Uploads
    [12] - File Deletions
    [13] - File and Directory Renames
    [14] - Directory Creations
    [15] - Directory Deletions
    [20] - FTP Commands
    [21] - FTP Replies
    [30] - SSH Commands
    [31] - SSH Replies
    [40] - HTTP Commands
    [41] - HTTP Replies
-->
<group name="serv-u,">

    <rule id="80500" level="0">
        <decoded_as>serv-u</decoded_as>
        <description>Serv-u messages grouped.</description>
    </rule>

    <!--
    Server started
    [01] Thu 26Nov15 17:12:11 - Serv-U File Server (64-bit) - Version 15.1 (15.1.2.189) - (C) 2014 SolarWinds Worldwide, LLC.  All rights reserved.
    -->
    <rule id="80501" level="1">
        <if_sid>80500</if_sid>
        <action>01</action>
        <match>Serv-U File Server (</match>
        <description>Serv-U: Server started</description>
    </rule>

    <!--
    Domain started
    [01] Thu 26Nov15 13:35:05 - Domain started
    -->
    <rule id="80502" level="1">
        <if_sid>80500</if_sid>
        <action>01</action>
        <match>Domain started</match>
        <description>Serv-U: Domain started</description>
    </rule>

    <!--
    User logged in
    [02] Thu 26Nov15 14:27:14 - (000003) User "lin" logged in
    -->
    <rule id="80503" level="3">
        <if_sid>80500</if_sid>
        <action>02</action>
        <match>logged in</match>
        <description>Serv-U: User logged in</description>
        <mitre>
            <id>T1078</id>
        </mitre>
        <group>authentication_success,pci_dss_10.2.5,gpg13_7.1,gpg13_7.2,gdpr_IV_32.2,hipaa_164.312.b,nist_800_53_AU.14,nist_800_53_AC.7,tsc_CC6.8,tsc_CC7.2,tsc_CC7.3,</group>
    </rule>

    <!--
    User logged out
    [02] Thu 26Nov15 14:27:25 - (000003) User "lin" logged out
    -->
    <rule id="80504" level="3">
        <if_sid>80500</if_sid>
        <action>02</action>
        <match>logged out</match>
        <description>Serv-U: User logged out</description>
        <group>gpg13_7.1,gdpr_IV_32.2,</group>
    </rule>

    <!--
    Failed login
    [02] Thu 26Nov15 17:55:14 - (000002) Invalid login credentials; user: "lin"; password: "**********"
    [02] Thu 26Nov15 17:55:14 - (000002) Password wrong too many times for user "lin" - disconnecting
    -->
    <rule id="80505" level="5">
        <if_sid>80500</if_sid>
        <action>02</action>
        <match>Invalid login credentials|Password wrong too many times</match>
        <description>Serv-U: Invalid credentials</description>
        <group>authentication_failed,pci_dss_10.2.4,pci_dss_10.2.5,gpg13_7.1,gdpr_IV_35.7.d,gdpr_IV_32.2,hipaa_164.312.b,nist_800_53_AU.14,nist_800_53_AC.7,tsc_CC6.1,tsc_CC6.8,tsc_CC7.2,tsc_CC7.3,</group>
    </rule>

    <rule id="80506" level="10" frequency="8">
        <if_matched_sid>80505</if_matched_sid>
        <same_user />
        <description>Serv-U: Multiple authentication failures.</description>
        <mitre>
          <id>T1110</id>
        </mitre>
        <group>authentication_failures,pci_dss_10.2.4,pci_dss_10.2.5,pci_dss_11.4,gpg13_7.1,gdpr_IV_35.7.d,gdpr_IV_32.2,hipaa_164.312.b,nist_800_53_AU.14,nist_800_53_AC.7,nist_800_53_SI.4,tsc_CC6.1,tsc_CC6.8,tsc_CC7.2,tsc_CC7.3,</group>
    </rule>

    <!--
    Session idle time out
    [02] Thu 26Nov15 20:34:45 - (000034) Session idle time out
    -->
    <rule id="80507" level="0">
        <if_sid>80500</if_sid>
        <action>02</action>
        <match>Session idle time out</match>
        <description>Serv-U: Session timeout</description>
        <group>pci_dss_8.1.5,gpg13_7.1,gdpr_IV_35.7.d,hipaa_164.312.a.1,nist_800_53_AC.2,tsc_CC6.1,</group>
    </rule>

    <!--
    Closed session
    [02] Thu 26Nov15 20:34:45 - (000034) Closed session
    -->
    <rule id="80508" level="0">
        <if_sid>80500</if_sid>
        <action>02</action>
        <match>Closed session</match>
        <description>Serv-U: Closed session</description>
        <group>gpg13_7.1,gdpr_IV_32.2,</group>
    </rule>

    <!--
    Connection
    [02] Thu 26Nov15 14:29:12 - (000004) Connected to 192.168.2.200 (local address 192.168.2.201, port 22)
    -->
    <rule id="80509" level="3">
        <if_sid>80500</if_sid>
        <action>02</action>
        <match>Connected to</match>
        <description>Serv-U: Remote host connected</description>
        <group>pci_dss_10.2.1,gdpr_IV_35.7.d,hipaa_164.312.b,nist_800_53_AU.14,tsc_CC6.1,tsc_CC6.8,tsc_CC7.2,tsc_CC7.3,</group>
    </rule>

    <!--
    Event
    [06] Thu 26Nov15 17:57:14 - Event: FILE_UPLOAD (Event 07); Type: EMAIL; To: admin@company.com
    -->
    <rule id="80510" level="1">
        <if_sid>80500</if_sid>
        <action>06</action>
        <description>Serv-U: Event</description>
    </rule>

    <!--
    General Actions
    Download
    [10] Thu 26Nov15 17:55:14 - (000001) Sent file "D:\Folder\file.txt" successfully (96.10 KB/sec - 10,825 Bytes)
    Upload
    [11] Thu 26Nov15 17:55:14 - (000001) Received file "D:\Folder\file.txt" successfully (217.35 KB/sec - 14,022 Bytes)
    File deleted
    [12] Thu 26Nov15 17:55:14 - (000001) File deleted: "D:\Folder\file.txt"
    File/Directory deleted
    [13] Thu 26Nov15 17:55:14 - (000001) Renamed "D:\Folder\file.txt" to "D:\Folder\file2.txt"
    Directory Created
    [14] Thu 26Nov15 17:55:14 - (000001) Directory created: "C:\Folder"
    Directory deleted
    [15] Thu 26Nov15 17:55:14 - (000001) Directory deleted: "C:\Folder"
    -->

    <rule id="80511" level="0">
        <if_sid>80500</if_sid>
        <action>10</action>
        <match>Sent file</match>
        <description>Serv-U: File downloaded</description>
        <group>pci_dss_11.5,gdpr_II_5.1.f,</group>
    </rule>

    <rule id="80512" level="0">
        <if_sid>80500</if_sid>
        <action>11</action>
        <match>Received file</match>
        <description>Serv-U: File uploaded</description>
        <group>pci_dss_11.5,gdpr_II_5.1.f,</group>
    </rule>

    <rule id="80513" level="3">
        <if_sid>80500</if_sid>
        <action>12</action>
        <match>File deleted</match>
        <description>Serv-U: File deleted</description>
        <mitre>
            <id>T1070.004</id>
        </mitre>
        <group>pci_dss_11.5,gdpr_II_5.1.f,</group>
    </rule>

    <rule id="80514" level="0">
        <if_sid>80500</if_sid>
        <action>13</action>
        <match>Renamed</match>
        <description>Serv-U: File/Directory renamed</description>
        <group>pci_dss_11.5,gdpr_II_5.1.f,</group>
    </rule>

    <rule id="80515" level="0">
        <if_sid>80500</if_sid>
        <action>14</action>
        <match>Directory created</match>
        <description>Serv-U: Directory created</description>
        <group>pci_dss_11.5,gdpr_II_5.1.f,</group>
    </rule>

    <rule id="80516" level="3">
        <if_sid>80500</if_sid>
        <action>15</action>
        <match>Directory deleted</match>
        <description>Serv-U: Directory deleted</description>
        <mitre>
            <id>T1070.004</id>
        </mitre>
        <group>pci_dss_11.5,gdpr_II_5.1.f,</group>
    </rule>


    <!--
    Suspicious Actions
    Upload: .exe
    [11] Thu 26Nov15 17:55:14 - (587501) Received file "D:\MyFolder\virus.exe" successfully (217.35 KB/sec - 14,022 Bytes)
    -->
    <rule id="80517" level="4">
        <if_sid>80500</if_sid>
        <action>11</action>
        <match>Received file</match>
        <url>.exe</url>
        <description>Serv-U: File with extension ".exe" uploaded</description>
    </rule>

    <!--
    User logged in FTP/FTPS
    [21] Thu 26Nov15 16:46:37 - (000016) 230 User logged in, proceed.
    -->
    <rule id="80518" level="0">
        <if_sid>80500</if_sid>
        <action>21</action>
        <match>230 User logged in, proceed</match>
        <description>Serv-U: User logged in FTP/FTPS</description>
        <mitre>
            <id>T1078</id>
        </mitre>
        <group>gpg13_7.1,gpg13_7.2,gdpr_IV_32.2,</group>
    </rule>

    <!--
    User logged in SFTP (SSH)
    [31] Thu 26Nov15 16:39:02 - (000007) SSH2_MSG_USERAUTH_SUCCESS: successful login
    -->
    <rule id="80519" level="0">
        <if_sid>80500</if_sid>
        <action>31</action>
        <match>SSH2_MSG_USERAUTH_SUCCESS</match>
        <description>Serv-U: User logged in SFTP (SSH)</description>
        <mitre>
            <id>T1078</id>
        </mitre>
        <group>gpg13_7.1,gpg13_7.2,gdpr_IV_32.2,</group>
    </rule>

    <!--
    User logged in HTTP/HTTPS
    [41] Thu 26Nov15 16:41:39 - (000011) HTTP_OKAY (200): SESS_OKAY
    -->
    <rule id="80520" level="0">
        <if_sid>80500</if_sid>
        <action>41</action>
        <match>HTTP_OKAY (200): SESS_OKAY</match>
        <description>Serv-U: User logged in HTTP/HTTPS</description>
        <mitre>
            <id>T1078</id>
        </mitre>
        <group>gpg13_7.1,gpg13_7.2,gdpr_IV_32.2,</group>
    </rule>

    <!--
    FTP anonymous
    [21] Thu 26Nov15 19:28:14 - (000010) 530 Sorry, no ANONYMOUS access allowed
    -->
    <rule id="80521" level="2">
        <if_sid>80500</if_sid>
        <action>21</action>
        <match>530 Sorry, no ANONYMOUS access allowed</match>
        <description>Serv-U: Attempt to login using anonymous user</description>
        <group>authentication_failures,pci_dss_10.2.4,gdpr_IV_35.7.d,gdpr_IV_32.2,hipaa_164.312.b,nist_800_53_AU.14,nist_800_53_AC.7,tsc_CC6.1,tsc_CC6.8,tsc_CC7.2,tsc_CC7.3,</group>
        <group>gpg13_7.1,</group>
    </rule>

    <!--
    Permission denied
    [21] Thu 26Nov15 19:59:54 - (000030) 550 /C:/Users/file.txt: Permission denied.
    [31] Thu 26Nov15 19:51:28 - (000022) {0x0000000a} SSH_FX_PERMISSION_DENIED: Permission denied.
    [41] Thu 26Nov15 19:58:31 - (000029) HTTP_OKAY (200): SESS_PERMISSION_DENIED
    -->
    <rule id="80522" level="4">
        <if_sid>80500</if_sid>
        <action>21</action>
        <match>Permission denied</match>
        <description>Serv-U: FTP/FTPS Permission denied</description>
        <mitre>
            <id>T1110</id>
        </mitre>
        <group>pci_dss_10.2.4,gpg13_7.1,gdpr_IV_35.7.d,gdpr_IV_32.2,hipaa_164.312.b,nist_800_53_AU.14,nist_800_53_AC.7,tsc_CC6.1,tsc_CC6.8,tsc_CC7.2,tsc_CC7.3,</group>
    </rule>

    <rule id="80523" level="4">
        <if_sid>80500</if_sid>
        <action>31</action>
        <match>Permission denied</match>
        <description>Serv-U: SFTP (SSH) Permission denied</description>
        <mitre>
            <id>T1110</id>
        </mitre>
        <group>pci_dss_10.2.4,gpg13_7.1,gdpr_IV_35.7.d,gdpr_IV_32.2,hipaa_164.312.b,nist_800_53_AU.14,nist_800_53_AC.7,tsc_CC6.1,tsc_CC6.8,tsc_CC7.2,tsc_CC7.3,</group>
    </rule>

    <rule id="80524" level="4">
        <if_sid>80500</if_sid>
        <action>41</action>
        <match>SESS_PERMISSION_DENIED</match>
        <description>Serv-U: HTTP/HTTPS Permission denied</description>
        <mitre>
            <id>T1110</id>
        </mitre>
        <group>pci_dss_10.2.4,gpg13_7.1,gdpr_IV_35.7.d,gdpr_IV_32.2,hipaa_164.312.b,nist_800_53_AU.14,nist_800_53_AC.7,tsc_CC6.1,tsc_CC6.8,tsc_CC7.2,tsc_CC7.3,</group>
    </rule>

</group>

