<!--
  -  Copyright (C) 2015, Wazuh Inc.
-->

<!--
  Audit rules for:
    Audit rules ID:           80700 - 80792
    Passwd rules ID:          80793 - 80799
-->

<group name="audit,">

  <rule id="80700" level="0">
    <decoded_as>auditd</decoded_as>
    <description>Audit: Messages grouped.</description>
  </rule>

  <rule id="80701" level="1">
    <if_sid>80700</if_sid>
    <field name="audit.type">DAEMON_RESUME|DAEMON_START</field>
    <field name="audit.res">success</field>
    <description>Auditd: Daemon Start / Resume.</description>
    <group>gdpr_IV_30.1.g,gpg13_4.14,gpg13_10.1,</group>
  </rule>

  <rule id="80702" level="10">
    <if_sid>80700</if_sid>
    <field name="audit.type">DAEMON_RESUME|DAEMON_START</field>
    <field name="audit.res">failed</field>
    <description>Auditd: Daemon Start / Resume FAILED.</description>
    <group>audit_daemon,gdpr_IV_30.1.g,gdpr_IV_35.7.d,gpg13_4.14,gpg13_10.1,hipaa_164.312.b,nist_800_53_AU.6,pci_dss_10.6.1,service_availability,tsc_CC7.2,tsc_CC7.3,</group>
  </rule>

  <rule id="80703" level="10">
    <if_sid>80700</if_sid>
    <field name="audit.type">DAEMON_END</field>
    <field name="audit.res">success</field>
    <description>Auditd: Daemon End.</description>
    <group>audit_daemon,gdpr_IV_30.1.g,gdpr_IV_35.7.d,gpg13_4.14,gpg13_10.1,hipaa_164.312.b,nist_800_53_AU.6,pci_dss_10.6.1,service_availability,tsc_CC7.2,tsc_CC7.3,</group>
  </rule>

  <rule id="80704" level="10">
    <if_sid>80700</if_sid>
    <field name="audit.type">DAEMON_ABORT</field>
    <description>Auditd: Daemon Abort.</description>
    <group>audit_daemon,gdpr_IV_30.1.g,gdpr_IV_35.7.d,gpg13_4.14,gpg13_10.1,hipaa_164.312.b,nist_800_53_AU.6,pci_dss_10.6.1,service_availability,tsc_CC7.2,tsc_CC7.3,</group>
  </rule>

  <rule id="80705" level="3">
    <if_sid>80700</if_sid>
    <field name="audit.type">CONFIG_CHANGE|DAEMON_CONFIG</field>
    <description>Auditd: Configuration changed.</description>
    <group>audit_configuration,gdpr_IV_30.1.g,gpg13_10.1,</group>
  </rule>

  <rule id="80710" level="10">
    <if_sid>80700</if_sid>
    <field name="audit.type">ANOM_PROMISCUOUS</field>
    <match>prom=256</match>
    <description>Auditd: Device enables promiscuous mode.</description>
    <group>audit_anom,gdpr_IV_30.1.g,gdpr_IV_35.7.d,gpg13_4.14,hipaa_164.312.b,nist_800_53_AU.6,nist_800_53_SI.4,pci_dss_10.6.1,pci_dss_11.4,tsc_CC6.1,tsc_CC6.8,tsc_CC7.2,tsc_CC7.3,</group>
  </rule>

  <rule id="80711" level="10">
    <if_sid>80700</if_sid>
    <field name="audit.type">ANOM_ABEND</field>
    <description>Auditd: Process ended abnormally.</description>
    <group>audit_anom,gdpr_IV_30.1.g,gdpr_IV_35.7.d,gpg13_4.14,hipaa_164.312.b,nist_800_53_AU.6,nist_800_53_SI.4,pci_dss_10.6.1,pci_dss_11.4,tsc_CC6.1,tsc_CC6.8,tsc_CC7.2,tsc_CC7.3,</group>
  </rule>

  <rule id="80712" level="10">
    <if_sid>80700</if_sid>
    <field name="audit.type">ANOM_EXEC</field>
    <description>Auditd: Execution of a file ended abnormally.</description>
    <mitre>
      <id>T1204</id>
    </mitre>
    <group>audit_anom,gdpr_IV_30.1.g,gdpr_IV_35.7.d,gpg13_4.14,hipaa_164.312.b,nist_800_53_AU.6,nist_800_53_SI.4,pci_dss_10.6.1,pci_dss_11.4,tsc_CC6.1,tsc_CC6.8,tsc_CC7.2,tsc_CC7.3,</group>
  </rule>

  <rule id="80713" level="7">
    <if_sid>80700</if_sid>
    <field name="audit.type">ANOM_MK_EXEC</field>
    <description>Auditd: File is made executable.</description>
    <group>audit_anom,gdpr_IV_30.1.g,gdpr_IV_35.7.d,gpg13_4.6,hipaa_164.312.b,nist_800_53_AU.6,nist_800_53_SI.4,pci_dss_10.6.1,pci_dss_11.4,tsc_CC6.1,tsc_CC6.8,tsc_CC7.2,tsc_CC7.3,</group>
  </rule>

  <rule id="80714" level="8">
    <if_sid>80700</if_sid>
    <field name="audit.type">ANOM_ACCESS_FS</field>
    <description>Auditd: File or a directory access ended abnormally.</description>
    <mitre>
      <id>T1203</id>
      <id>T1565.001</id>
    </mitre>
    <group>audit_anom,gdpr_IV_30.1.g,gdpr_IV_35.7.d,hipaa_164.312.b,nist_800_53_AU.6,nist_800_53_SI.4,pci_dss_10.6.1,pci_dss_11.4,tsc_CC6.1,tsc_CC6.8,tsc_CC7.2,tsc_CC7.3,</group>
  </rule>

  <rule id="80715" level="8">
    <if_sid>80700</if_sid>
    <field name="audit.type">ANOM_AMTU_FAIL</field>
    <description>Auditd: Failure of the Abstract Machine Test Utility (AMTU) detected.</description>
    <group>audit_anom,gdpr_IV_30.1.g,gdpr_IV_35.7.d,hipaa_164.312.b,nist_800_53_AU.6,nist_800_53_SI.4,pci_dss_10.6.1,pci_dss_11.4,tsc_CC6.1,tsc_CC6.8,tsc_CC7.2,tsc_CC7.3,</group>
  </rule>

  <rule id="80716" level="8">
    <if_sid>80700</if_sid>
    <field name="audit.type">ANOM_MAX_DAC|ANOM_MAX_MAC</field>
    <description>Auditd: Maximum amount of Discretionary Access Control (DAC) or Mandatory Access Control (MAC) failures reached.</description>
    <group>audit_anom,gdpr_IV_30.1.g,gdpr_IV_35.7.d,hipaa_164.312.b,nist_800_53_AU.6,nist_800_53_SI.4,pci_dss_10.6.1,pci_dss_11.4,tsc_CC6.1,tsc_CC6.8,tsc_CC7.2,tsc_CC7.3,</group>
  </rule>

  <rule id="80717" level="8">
    <if_sid>80700</if_sid>
    <field name="audit.type">ANOM_RBAC_FAIL|ANOM_RBAC_INTEGRITY_FAIL</field>
    <description>Auditd: Role-Based Access Control (RBAC) failure detected.</description>
    <group>audit_anom,gdpr_IV_30.1.g,gdpr_IV_35.7.d,hipaa_164.312.b,nist_800_53_AU.6,nist_800_53_SI.4,pci_dss_10.6.1,pci_dss_11.4,tsc_CC6.1,tsc_CC6.8,tsc_CC7.2,tsc_CC7.3,</group>
  </rule>

  <rule id="80718" level="3">
    <if_sid>80700</if_sid>
    <field name="audit.type">ANOM_ADD_ACCT</field>
    <description>Auditd: User-space account addition ended abnormally.</description>
    <mitre>
      <id>T1136</id>
    </mitre>
    <group>audit_anom,gdpr_IV_30.1.g,gdpr_IV_35.7.d,gpg13_7.9,hipaa_164.312.b,nist_800_53_AU.6,nist_800_53_SI.4,pci_dss_10.6.1,pci_dss_11.4,tsc_CC6.1,tsc_CC6.8,tsc_CC7.2,tsc_CC7.3,</group>
 </rule>

  <rule id="80719" level="3">
    <if_sid>80700</if_sid>
    <field name="audit.type">ANOM_DEL_ACCT</field>
    <description>Auditd: User-space account deletion ended abnormally.</description>
    <mitre>
      <id>T1531</id>
    </mitre>
    <group>audit_anom,gdpr_IV_30.1.g,gdpr_IV_35.7.d,gpg13_7.9,hipaa_164.312.b,nist_800_53_AU.6,nist_800_53_SI.4,pci_dss_10.6.1,pci_dss_11.4,tsc_CC6.1,tsc_CC6.8,tsc_CC7.2,tsc_CC7.3,</group>
  </rule>

  <rule id="80720" level="3">
    <if_sid>80700</if_sid>
    <field name="audit.type">ANOM_MOD_ACCT</field>
    <description>Auditd: User-space account modification ended abnormally.</description>
    <group>audit_anom,gdpr_IV_30.1.g,gdpr_IV_35.7.d,gpg13_7.9,hipaa_164.312.b,nist_800_53_AU.6,nist_800_53_SI.4,pci_dss_10.6.1,pci_dss_11.4,tsc_CC6.1,tsc_CC6.8,tsc_CC7.2,tsc_CC7.3,</group>
  </rule>

  <rule id="80721" level="10">
    <if_sid>80700</if_sid>
    <field name="audit.type">ANOM_ROOT_TRANS</field>
    <description>Auditd: User becomes root.</description>
    <mitre>
      <id>T1548.003</id>
    </mitre>
    <group>audit_anom,gdpr_IV_35.7.d,gpg13_7.9,hipaa_164.312.b,nist_800_53_AU.6,nist_800_53_SI.4,pci_dss_10.6.1,pci_dss_11.4,tsc_CC6.1,tsc_CC6.8,tsc_CC7.2,tsc_CC7.3,</group>
  </rule>

  <rule id="80722" level="5">
    <if_sid>80700</if_sid>
    <field name="audit.type">ANOM_LOGIN_ACCT</field>
    <description>Auditd: Account login attempt ended abnormally.</description>
    <group>audit_anom,gdpr_IV_30.1.g,gdpr_IV_32.2,gdpr_IV_35.7.d,gpg13_7.9,hipaa_164.312.b,nist_800_53_AC.7,nist_800_53_AU.14,nist_800_53_AU.6,nist_800_53_SI.4,pci_dss_10.2.4,pci_dss_10.2.5,pci_dss_10.6.1,pci_dss_11.4,tsc_CC6.1,tsc_CC6.8,tsc_CC7.2,tsc_CC7.3,</group>
  </rule>

  <rule id="80723" level="5">
    <if_sid>80700</if_sid>
    <field name="audit.type">ANOM_LOGIN_FAILURES</field>
    <description>Auditd: Limit of failed login attempts reached.</description>
    <mitre>
      <id>T1110</id>
    </mitre>
    <group>audit_anom,gdpr_IV_30.1.g,gdpr_IV_32.2,gdpr_IV_35.7.d,gpg13_7.5,hipaa_164.312.b,nist_800_53_AC.7,nist_800_53_AU.14,pci_dss_10.2.4,pci_dss_10.2.5,tsc_CC6.1,tsc_CC6.8,tsc_CC7.2,tsc_CC7.3,</group>
  </rule>

  <rule id="80724" level="5">
    <if_sid>80700</if_sid>
    <field name="audit.type">ANOM_LOGIN_LOCATION</field>
    <description>Auditd: Login attempt from a forbidden location.</description>
    <group>audit_anom,gdpr_IV_30.1.g,gdpr_IV_32.2,gdpr_IV_35.7.d,gpg13_7.5,hipaa_164.312.b,nist_800_53_AC.7,nist_800_53_AU.14,nist_800_53_AU.6,pci_dss_10.2.4,pci_dss_10.2.5,pci_dss_10.6.1,tsc_CC6.1,tsc_CC6.8,tsc_CC7.2,tsc_CC7.3,</group>
  </rule>

  <rule id="80725" level="4">
    <if_sid>80700</if_sid>
    <field name="audit.type">ANOM_LOGIN_SESSIONS</field>
    <description>Auditd: Login attempt reached the maximum amount of concurrent sessions.</description>
    <group>audit_anom,gdpr_IV_30.1.g,gdpr_IV_32.2,gdpr_IV_35.7.d,gpg13_7.5,hipaa_164.312.b,nist_800_53_AC.7,nist_800_53_AU.14,nist_800_53_AU.6,pci_dss_10.2.4,pci_dss_10.2.5,pci_dss_10.6.1,tsc_CC6.1,tsc_CC6.8,tsc_CC7.2,tsc_CC7.3,</group>
  </rule>

  <rule id="80726" level="5">
    <if_sid>80700</if_sid>
    <field name="audit.type">ANOM_LOGIN_TIME</field>
    <description>Auditd: Login attempt is made at a time when it is prevented.</description>
    <group>audit_anom,gdpr_IV_30.1.g,gdpr_IV_32.2,gdpr_IV_35.7.d,gpg13_7.5,hipaa_164.312.b,nist_800_53_AC.7,nist_800_53_AU.14,nist_800_53_AU.6,pci_dss_10.2.4,pci_dss_10.2.5,pci_dss_10.6.1,tsc_CC6.1,tsc_CC6.8,tsc_CC7.2,tsc_CC7.3,</group>
  </rule>

  <!-- SELinux rules -->
  <rule id="80730" level="3">
    <if_sid>80700</if_sid>
    <field name="audit.type">AVC</field>
    <description>Auditd: SELinux permission check.</description>
    <group>audit_selinux,gdpr_IV_30.1.g,gdpr_IV_35.7.d,hipaa_164.312.b,nist_800_53_AU.6,pci_dss_10.6.1,tsc_CC7.2,tsc_CC7.3,</group>
  </rule>

  <rule id="80731" level="10">
    <if_sid>80700</if_sid>
    <field name="audit.type">MAC_STATUS</field>
    <description>Auditd: SELinux mode (enforcing, permissive, off) is changed.</description>
    <group>audit_selinux,gdpr_IV_30.1.g,gdpr_IV_35.7.d,gpg13_4.14,hipaa_164.312.b,nist_800_53_AU.6,pci_dss_10.6.1,tsc_CC7.2,tsc_CC7.3,</group>
  </rule>

  <rule id="80732" level="10">
    <if_sid>80700</if_sid>
    <field name="audit.type">SELINUX_ERR|USER_SELINUX_ERR</field>
    <description>Auditd: SELinux error.</description>
    <group>audit_selinux,gdpr_IV_30.1.g,gdpr_IV_35.7.d,gpg13_4.3,hipaa_164.312.b,nist_800_53_AU.6,pci_dss_10.6.1,tsc_CC7.2,tsc_CC7.3,</group>
  </rule>

  <!-- Miscellaneous rules -->
  <rule id="80740" level="12">
    <if_sid>80700</if_sid>
    <field name="audit.type">CRYPTO_REPLAY_USER</field>
    <description>Auditd: Replay attack detected.</description>
    <mitre>
      <id>T1212</id>
    </mitre>
    <group>audit_anom,gdpr_IV_30.1.g,gdpr_IV_35.7.d,nist_800_53_SI.4,pci_dss_11.4,tsc_CC6.1,tsc_CC6.8,tsc_CC7.2,tsc_CC7.3,</group>
  </rule>

  <rule id="80741" level="5">
    <if_sid>80700</if_sid>
    <field name="audit.type">CHGRP_ID</field>
    <description>Auditd: Group ID changed.</description>
    <group>audit_anom,gdpr_IV_30.1.g,gdpr_IV_35.7.d,gpg13_7.9,hipaa_164.312.b,nist_800_53_AU.6,pci_dss_10.6.1,tsc_CC7.2,tsc_CC7.3,</group>
  </rule>

  <rule id="80742" level="5">
    <if_sid>80700</if_sid>
    <field name="audit.type">CHUSER_ID</field>
    <description>Auditd: User ID changed.</description>
    <group>audit_anom,gdpr_IV_30.1.g,gdpr_IV_35.7.d,gpg13_7.9,hipaa_164.312.b,nist_800_53_AU.6,pci_dss_10.6.1,tsc_CC7.2,tsc_CC7.3,</group>
  </rule>

  <!-- File system rules (watch rules) -->
  <rule id="80780" level="3">
    <if_sid>80700</if_sid>
    <list field="audit.key" lookup="match_key_value" check_value="write">etc/lists/audit-keys</list>
    <description>Audit: Watch - Write access.</description>
    <group>audit_watch_write,gdpr_IV_30.1.g,</group>
  </rule>

  <rule id="80781" level="3">
    <if_sid>80780</if_sid>
    <field name="audit.file.name">\.+</field>
    <description>Audit: Watch - Write access: $(audit.file.name).</description>
    <group>audit_watch_write,gdpr_IV_30.1.g,</group>
  </rule>

  <rule id="80782" level="3">
    <if_sid>80780</if_sid>
    <field name="audit.directory.name">\.+</field>
    <description>Audit: Watch - Write access: $(audit.directory.name).</description>
    <group>audit_watch_write,gdpr_IV_30.1.g,</group>
  </rule>

  <rule id="80783" level="3">
    <if_sid>80700</if_sid>
    <list field="audit.key" lookup="match_key_value" check_value="read">etc/lists/audit-keys</list>
    <description>Audit: Watch - Read access.</description>
    <group>audit_watch_read,gdpr_IV_30.1.g,</group>
  </rule>

  <rule id="80784" level="3">
    <if_sid>80783</if_sid>
    <field name="audit.file.name">\.+</field>
    <description>Audit: Watch - Read access: $(audit.file.name).</description>
    <group>audit_watch_read,gdpr_IV_30.1.g,</group>
  </rule>

  <rule id="80785" level="3">
    <if_sid>80783</if_sid>
    <field name="audit.directory.name">\.+</field>
    <description>Audit: Watch - Read access: $(audit.directory.name).</description>
    <group>audit_watch_read,gdpr_IV_30.1.g,</group>
  </rule>

  <rule id="80786" level="3">
    <if_sid>80700</if_sid>
    <list field="audit.key" lookup="match_key_value" check_value="attribute">etc/lists/audit-keys</list>
    <description>Audit: Watch - Change attribute.</description>
    <group>audit_watch_attribute,gdpr_IV_30.1.g,</group>
  </rule>

  <rule id="80787" level="3">
    <if_sid>80786</if_sid>
    <field name="audit.file.name">\.+</field>
    <description>Audit: Watch - Change attribute: $(audit.file.name).</description>
    <group>audit_watch_attribute,gdpr_IV_30.1.g,</group>
  </rule>

  <rule id="80788" level="3">
    <if_sid>80786</if_sid>
    <field name="audit.directory.name">\.+</field>
    <description>Audit: Watch - Change attribute: $(audit.directory.name).</description>
    <group>audit_watch_attribute,gdpr_IV_30.1.g,</group>
  </rule>

  <rule id="80789" level="3">
    <if_sid>80700</if_sid>
    <list field="audit.key" lookup="match_key_value" check_value="execute">etc/lists/audit-keys</list>
    <description>Audit: Watch - Execute access: $(audit.file.name).</description>
    <group>audit_watch_execute,gdpr_IV_30.1.g,</group>
  </rule>

  <rule id="80790" level="3">
    <if_group>audit_watch_write</if_group>
    <match>type=CREATE</match>
    <description>Audit: Created: $(audit.file.name).</description>
    <group>audit_watch_create,audit_watch_write,gdpr_II_5.1.f,gdpr_IV_30.1.g,</group>
  </rule>

  <rule id="80791" level="3">
    <if_group>audit_watch_write</if_group>
    <match>type=DELETE</match>
    <description>Audit: Deleted: $(audit.file.name).</description>
    <mitre>
      <id>T1070.004</id>
    </mitre>
    <group>audit_watch_delete,audit_watch_write,gdpr_II_5.1.f,gdpr_IV_30.1.g,</group>
  </rule>

  <!-- System call rules -->
  <rule id="80792" level="3">
    <if_sid>80700</if_sid>
    <list field="audit.key" lookup="match_key_value" check_value="command">etc/lists/audit-keys</list>
    <description>Audit: Command: $(audit.exe).</description>
    <group>audit_command,gdpr_IV_30.1.g,</group>
  </rule>

  <!-- Passwd rules -->
  <rule id="80793" level="8">
    <if_sid>80700</if_sid>
    <field name="audit.type">ACCT_LOCK</field>
    <description>Audit: Passwd was used to lock an account.</description>
    <group>audit_command,gdpr_IV_30.1.g,</group>
  </rule>

  <rule id="80794" level="8">
    <if_sid>80700</if_sid>
    <field name="audit.type">ACCT_UNLOCK</field>
    <description>Audit: Passwd was used to unlock an account.</description>
    <group>audit_command,gdpr_IV_30.1.g,</group>
  </rule>
    
</group>
