<!--
  -  USB rules
  -  Created by Wazuh, Inc.
  -  Copyright (C) 2015, Wazuh Inc.
  -  This program is a free software; you can redistribute it and/or modify it under the terms of GPLv2.
-->

<group name="usb,">

    <rule id="81100" level="0">
        <decoded_as>kernel</decoded_as>
        <id>usb</id>
        <description>USB messages grouped.</description>
    </rule>

    <!--
    USB Connected
    Feb  3 10:23:08 testsys kernel: usb 1-1.2: New USB device found, idVendor=0781, idProduct=5575
    -->
    <rule id="81101" level="3">
        <if_sid>81100</if_sid>
        <match>New USB device found</match>
        <description>Attached USB Storage</description>
        <group>gpg13_4.8,</group>
    </rule>

    <rule id="81102" level="3">
        <if_sid>81100</if_sid>
        <match>USB disconnect</match>
        <description>USB device disconnected</description>
        <group></group>
    </rule>

</group>
