<!--
  Copyright (C) 2015, Wazuh Inc.
-->

<!-- 
  Rules for:
    FortiMail ID: 44640 - 44721

  References:
    For the creation of the parent rule I had in mind this article: https://kb.fortinet.com/kb/documentLink.do?externalID=FD44560
    For the creation of the child rules I had in mind this article: https://fortinetweb.s3.amazonaws.com/docs.fortinet.com/v2/attachments/f7868f9d-b70f-11ea-8b7d-00505692583a/FortiMail-6.4.0-Log_Reference.pdf
    Additional reference: https://docs.fortinet.com/document/fortimail/6.4.0/log-reference/434224/about-fortinet-logs
  
  Severity Correlation:
    0 Emergency   Level 13
    1 Alert       Level 10
    2 Critical    Level 7
    3 Error 	  Level 5
    4 Warning 	  Level 3
    5 Notice 	  Level 0
    6 Information Level 0
-->

<group name="fortimail,">

  <rule id="44640" level="0">
    <decoded_as>fortimail-like</decoded_as>
    <description>FortiMail Rules.</description>
  </rule>

  <rule id="44641" level="0">
    <if_sid>44640</if_sid>
    <field name="pri">^information$|^notice$</field>
    <description>FortiMail: Informational message.</description>
  </rule>

  <rule id="44642" level="3">
    <if_sid>44640</if_sid>
    <field name="pri">^warning$</field>
    <description>FortiMail: Warning message.</description>
  </rule>

  <rule id="44643" level="5">
    <if_sid>44640</if_sid>
    <field name="pri">^error$</field>
    <description>FortiMail: Error message.</description>
  </rule>

  <rule id="44644" level="7">
    <if_sid>44640</if_sid>
    <field name="pri">^critical$</field>
    <description>FortiMail: Critical message.</description>
  </rule>

  <rule id="44645" level="10">
    <if_sid>44640</if_sid>
    <field name="pri">^alert$</field>
    <description>FortiMail: Alert message.</description>
  </rule>

  <rule id="44646" level="13">
    <if_sid>44640</if_sid>
    <field name="pri">^emergency$</field>
    <description>FortiMail: Emergency message.</description>
  </rule>

  <rule id="44647" level="7">
    <if_sid>44640</if_sid>
    <field name="resolved">^forged$</field>
    <description>FortiMail: DNS Record does not match.</description>
  </rule>

  <rule id="44648" level="5">
    <if_sid>44640</if_sid>
    <field name="resolved">^fail$</field>
    <description>FortiMail: DNS lookup is not successful.</description>
  </rule>

  <rule id="44649" level="3">
    <if_sid>44641</if_sid>
    <field name="msg">login successfully</field>
    <description>FortiMail: An administrator successfully logged in using the web-based manager or CLI.</description>
  </rule>

  <rule id="44650" level="3">
    <if_sid>44641</if_sid>
    <field name="msg">logged in</field>
    <description>FortiMail: An administrator from a specified IP address logged into the WebMail.</description>
  </rule>

  <rule id="44651" level="5">
    <if_sid>44641</if_sid>
    <field name="msg">login failed from</field>
    <description>FortiMail: An administrator failed to log in using the console, SSH, or telnet.</description>
  </rule>

  <rule id="44652" level="3">
    <if_sid>44641</if_sid>
    <field name="msg">^mailbox_get_header: failed$</field>
    <description>FortiMail: The WebMail GUI cannot display the email message, or the quarantined message in the web-based manager.</description>
  </rule>

  <rule id="44653" level="3">
    <if_sid>44641</if_sid>
    <field name="msg">^mailbox_get_num_parts: failed$</field>
    <description>FortiMail: Specific information in a message cannot be retrieved.</description>
  </rule>

  <rule id="44654" level="3">
    <if_sid>44641</if_sid>
    <field name="msg">^Could not get message part$</field>
    <description>FortiMail: The message cannot be read from the mailbox.</description>
  </rule>

  <rule id="44655" level="3">
    <if_sid>44641</if_sid>
    <field name="msg">^Could not save attachment$</field>
    <description>FortiMail: An unknown failure occurred when trying to prepare the attachment for a user to download.</description>
  </rule>

  <rule id="44656" level="3">
    <if_sid>44641</if_sid>
    <field name="msg">^Login from LCD successfully$</field>
    <description>FortiMail: An administrator successfully logged in using the LCD.</description>
  </rule>

  <rule id="44657" level="3">
    <if_sid>44641</if_sid>
    <field name="msg">^Login from LCD failed$</field>
    <description>FortiMail: An administrator failed to log in using the LCD.</description>
  </rule>

  <rule id="44658" level="3">
    <if_sid>44641</if_sid>
    <field name="msg">update settings \.+ changed</field>
    <description>FortiMail: An administrator changed a system update setting.</description>
  </rule>

  <rule id="44659" level="3">
    <if_sid>44641</if_sid>
    <field name="msg">ip address changed</field>
    <description>FortiMail: An administrator changed an interface IP address using the CLI.</description>
  </rule>

  <rule id="44660" level="3">
    <if_sid>44641</if_sid>
    <field name="msg">status changed|has been brought up|have been changed by</field>
    <description>FortiMail: An administrator changed the status of an interface.</description>
  </rule>

  <rule id="44661" level="3">
    <if_sid>44641</if_sid>
    <field name="msg">DNS has been changed</field>
    <description>FortiMail: An administrator changed DNS settings using the CLI.</description>
  </rule>

  <rule id="44662" level="3">
    <if_sid>44641</if_sid>
    <field name="msg">default gateway has been changed</field>
    <description>FortiMail: An administrator changed the default gateway IP address using the web-based manager.</description>
  </rule>

  <rule id="44663" level="3">
    <if_sid>44641</if_sid>
    <field name="msg">Route entry|A route to|Routing entry</field>
    <description>FortiMail: An administrator changed a routing configuration.</description>
  </rule>

  <rule id="44664" level="3">
    <if_sid>44641</if_sid>
    <field name="msg">System timezone|Daylight Saving|System time</field>
    <description>FortiMail: An administrator changed the system time settings.</description>
  </rule>

  <rule id="44665" level="3">
    <if_sid>44641</if_sid>
    <field name="msg">NTP server settings have been changed</field>
    <description>FortiMail: An administrator changed NTP server settings using the CLI or web-based manager.</description>
  </rule>

  <rule id="44666" level="3">
    <if_sid>44641</if_sid>
    <field name="msg">Console \w+ setting has been changed</field>
    <description>FortiMail: An administrator changed the console settings using the CLI.</description>
  </rule>

  <rule id="44667" level="3">
    <if_sid>44641</if_sid>
    <field name="msg">timeout value has been changed|auth timeout has been changed</field>
    <description>FortiMail: An administrator changed a timeout value using the CLI.</description>
  </rule>

  <rule id="44668" level="3">
    <if_sid>44641</if_sid>
    <field name="msg">System language has been changed</field>
    <description>FortiMail: An administrator changed the system language to another language using the CLI or web-based manager.</description>
  </rule>

  <rule id="44669" level="3">
    <if_sid>44641</if_sid>
    <field name="msg">LCD PIN</field>
    <description>FortiMail: An administrator changed the LCD PIN setting using the CLI or web-based manager.</description>
  </rule>

  <rule id="44670" level="3">
    <if_sid>44641</if_sid>
    <field name="msg">Admin \w+ has been|admin \w+ password</field>
    <description>FortiMail: An administrator changed another administrator using the CLI or web-based manager.</description>
  </rule>

  <rule id="44671" level="3">
    <if_sid>44641</if_sid>
    <field name="msg">HA settings have been changed</field>
    <description>FortiMail: An administrator changed HA settings using the CLI.</description>
  </rule>

  <rule id="44672" level="3">
    <if_sid>44641</if_sid>
    <field name="msg">SNMP</field>
    <description>FortiMail: An administrator changed the SNMP Settings.</description>
  </rule>

  <rule id="44673" level="3">
    <if_sid>44641</if_sid>
    <field name="msg">FortiMail disclaimer</field>
    <description>FortiMail: An administrator has changed a FortiMail disclaimer Settings.</description>
  </rule>

  <rule id="44674" level="3">
    <if_sid>44641</if_sid>
    <field name="msg">Local domain|local domain</field>
    <description>FortiMail: An administrator has modified local domains using the CLI.</description>
  </rule>

  <rule id="44675" level="3">
    <if_sid>44641</if_sid>
    <field name="msg">POP3</field>
    <description>FortiMail: An administrator has modified a POP3 setting using the CLI.</description>
  </rule>

  <rule id="44676" level="3">
    <if_sid>44641</if_sid>
    <field name="msg">Relay server name</field>
    <description>FortiMail: An administrator has modified a relay server name using the CLI.</description>
  </rule>

  <rule id="44677" level="3">
    <if_sid>44641</if_sid>
    <field name="msg">smtp auth|smtp over ssl|SMTP server port number</field>
    <description>FortiMail: An administrator has modified SMTP Settings.</description>
  </rule>

  <rule id="44678" level="3">
    <if_sid>44641</if_sid>
    <field name="msg">email archiving|Archiving settings|Archiving policy|Archiving exempt</field>
    <description>FortiMail: An administrator has modified the email archiving Settings.</description>
  </rule>

  <rule id="44679" level="3">
    <if_sid>44641</if_sid>
    <field name="msg">system quarantine|System quarantine</field>
    <description>FortiMail: An administrator has modified a system quarantine setting using the CLI.</description>
  </rule>

  <rule id="44680" level="3">
    <if_sid>44641</if_sid>
    <field name="msg">Mail Server settings|Mail server access</field>
    <description>FortiMail: An administrator has changed mail server settings using the CLI or web-based manager.</description>
  </rule>

  <rule id="44681" level="3">
    <if_sid>44641</if_sid>
    <field name="msg">Permission of mail</field>
    <description>FortiMail: An administrator set or deleted permission of mail using the CLI or web-based manager.</description>
  </rule>

  <rule id="44682" level="3">
    <if_sid>44641</if_sid>
    <field name="msg">Permission of mail</field>
    <description>FortiMail: An administrator set or deleted permission of mail using the CLI or web-based manager.</description>
  </rule>

  <rule id="44683" level="3">
    <if_sid>44641</if_sid>
    <field name="msg">Local user</field>
    <description>FortiMail: An administrator changed a local user using the CL.</description>
  </rule>

  <rule id="44684" level="3">
    <if_sid>44641</if_sid>
    <field name="msg">User group</field>
    <description>FortiMail: An administrator changed a user group using the CLI or web-based manager.</description>
  </rule>

  <rule id="44685" level="3">
    <if_sid>44641</if_sid>
    <field name="msg">mail user</field>
    <description>FortiMail: An administrator changed a mail user using the CLI.</description>
  </rule>

  <rule id="44686" level="3">
    <if_sid>44641</if_sid>
    <field name="msg">Mail server user|Mail Server User</field>
    <description>FortiMail: An administrator changed a mail server user using the web-based manager.</description>
  </rule>

  <rule id="44687" level="3">
    <if_sid>44641</if_sid>
    <field name="msg">IMAP</field>
    <description>FortiMail: An administrator has modified a IMAP setting using the CLI.</description>
  </rule>

  <rule id="44688" level="3">
    <if_sid>44641</if_sid>
    <field name="msg">email banned word</field>
    <description>FortiMail: An administrator removed an email banned word using the CLI.</description>
  </rule>

  <rule id="44689" level="3">
    <if_sid>44641</if_sid>
    <field name="msg">log setting|logsetting|Log setting|Log Policy</field>
    <description>FortiMail: An administrator changed a log setting using the CLI.</description>
  </rule>

  <rule id="44690" level="3">
    <if_sid>44641</if_sid>
    <field name="msg">Alertemail setting</field>
    <description>FortiMail: An administrator changed an alert email setting using the CLI.</description>
  </rule>

  <rule id="44691" level="3">
    <field name="subtype">dns</field>
    <description>FortiMail: DNS query event.</description>
  </rule>

  <rule id="44692" level="0">
    <if_sid>44641</if_sid>
    <field name="subtype">ha</field>
    <description>FortiMail: System Event HA (high availability) log messages.</description>
  </rule>

  <rule id="44693" level="3">
    <if_sid>44692</if_sid>
    <field name="msg">monitord: \.+ entering MASTER mode</field>
    <description>FortiMail: The FortiMail unit is entering master mode.</description>
  </rule>

  <rule id="44694" level="3">
    <if_sid>44692</if_sid>
    <field name="msg">configd: \.+ entering slave mode</field>
    <description>FortiMail: The FortiMail unit is entering slave mode.</description>
  </rule>

  <rule id="44695" level="3">
    <if_sid>44692</if_sid>
    <field name="msg">monitord: \.+ assuming MASTER role</field>
    <description>FortiMail: The FortiMail unit is assuming the primary unit role because the retry limit was reached for connecting to the original primary unit.</description>
  </rule>

  <rule id="44696" level="3">
    <if_sid>44692</if_sid>
    <field name="msg">hahbd:</field>
    <description>FortiMail: Heartbeat related activities.</description>
  </rule>

  <rule id="44697" level="3">
    <if_sid>44692</if_sid>
    <field name="msg">hasyncd:</field>
    <description>FortiMail: Synchronization related information.</description>
  </rule>

  <rule id="44698" level="0">
    <field name="subtype">system</field>
    <description>FortiMail: System Event System log messages.</description>
  </rule>

  <rule id="44699" level="5">
    <if_sid>44698</if_sid>
    <field name="msg">System has been restarted</field>
    <description>FortiMail: An administrator restarted the system using the CLI or web-based manager.</description>
  </rule>

  <rule id="44700" level="5">
    <if_sid>44698</if_sid>
    <field name="msg">System has been shutdown</field>
    <description>FortiMail: An administrator shut down the system using the CLI or web-based manager.</description>
  </rule>

  <rule id="44701" level="5">
    <if_sid>44698</if_sid>
    <field name="msg">System has been reloaded</field>
    <description>FortiMail: An administrator reloaded the system using the CLI or web-based manager.</description>
  </rule>

  <rule id="44702" level="5">
    <if_sid>44698</if_sid>
    <field name="msg">System has been reset to factory default</field>
    <description>FortiMail: An administrator reset the system to factory default using the CLI, web-based manager, or LCD.</description>
  </rule>

  <rule id="44703" level="5">
    <if_sid>44698</if_sid>
    <field name="msg">System firmware has been</field>
    <description>FortiMail: An administrator upgraded/downgraded system firmware using the CLI or web-based manager.</description>
  </rule>

  <rule id="44704" level="5">
    <if_sid>44698</if_sid>
    <field name="msg">Upgrade system firmware failed</field>
    <description>FortiMail: An administrator upgraded system firmware unsuccessfully using the CLI, console, telnet, or web-based manager.</description>
  </rule>

  <rule id="44705" level="5">
    <if_sid>44698</if_sid>
    <field name="msg">System has been changed to \w+ mode</field>
    <description>FortiMail: An administrator or LCD user changed the mode to gateway, server, or transparent mode using the CLI, web-based manager or LCD.</description>
  </rule>

  <rule id="44706" level="3">
    <if_sid>44642</if_sid>
    <field name="subtype">update</field>
    <description>FortiMail: The FortiMail unit updated the following FortiGuard services.</description>
  </rule>

  <rule id="44707" level="3">
    <field name="subtype">imap</field>
    <description>FortiMail: IMAP-related events.</description>
  </rule>

  <rule id="44708" level="3">
    <field name="subtype">pop3</field>
    <description>FortiMail: POP3-related events.</description>
  </rule>

  <rule id="44709" level="3">
    <if_sid>44641,44642,44643,44644,44645,44646</if_sid>
    <field name="subtype">smtp</field>
    <description>FortiMail: SMTP-related events.</description>
  </rule>

  <rule id="44710" level="3">
    <if_sid>44709</if_sid>
    <field name="msg">Starting flgrptd</field>
    <description>FortiMail: The reporting daemon is starting.</description>
  </rule>

  <rule id="44711" level="3">
    <if_sid>44709</if_sid>
    <field name="msg">Successfully loaded virus db</field>
    <description>FortiMail: The antivirus database is successfully loaded.</description>
  </rule>

  <rule id="44712" level="3">
    <if_sid>44709</if_sid>
    <field name="msg">FASR|FSAR</field>
    <description>FortiMail: FortiGuard Antispam Rule (FSAR) Operational Event.</description>
  </rule>

  <rule id="44713" level="3">
    <if_sid>44709</if_sid>
    <field name="msg">aliases has been rebuilt</field>
    <description>FortiMail: Mail aliases have been rebuilt.</description>
  </rule>

  <rule id="44714" level="3">
    <if_sid>44709</if_sid>
    <field name="msg">Restart the updated daemon to re-load default avengine</field>
    <description>FortiMail: Updated daemon is restarted to reload default antivirus engine and database.</description>
  </rule>

  <rule id="44715" level="3">
    <if_sid>44709</if_sid>
    <field name="msg">Successfully loaded virus db</field>
    <description>FortiMail: The user successfully uploaded the antivirus database.</description>
  </rule>

  <rule id="44716" level="3">
    <if_sid>44709</if_sid>
    <field name="msg">Bayesian Training</field>
    <description>FortiMail: The FortiMail unit is training a specific bayesian database.</description>
  </rule>

  <rule id="44717" level="3">
    <field name="subtype">webmail</field>
    <description>FortiMail: Event Webmail log messages.</description>
  </rule>

  <rule id="44718" level="3">
    <if_sid>44641</if_sid>
    <field name="subtype">infected</field>
    <description>FortiMail: The file contains the specified virus.</description>
  </rule>

  <rule id="44719" level="3">
    <if_sid>44641</if_sid>
    <field name="type">spam</field>
    <description>FortiMail: SPAM-related events.</description>
  </rule>

  <rule id="44720" level="3">
    <if_sid>44641</if_sid>
    <field name="type">encrypt</field>
    <description>FortiMail: FortiMail encrypted or decrypted an email.</description>
  </rule>

  <rule id="44721" level="3">
    <if_sid>44642,44643,44644,44645,44646</if_sid>
    <field name="type">virus</field>
    <description>FortiMail: Virus related events.</description>
  </rule>

</group>
