<!--
  Copyright (C) 2015, Wazuh Inc.
-->

<!-- 
  Rules for:
    FortiAuth ID: 44730 - 44739
-->

<group name="fortiauth,">

  <rule id="44730" level="0">
    <decoded_as>fortiauth</decoded_as>
    <description>Alert from Forti Authenticator.</description>
  </rule>

  <rule id="44731" level="0">
    <if_sid>44730</if_sid>
    <field name="subcategory">Authentication</field>
    <description>FortiAuth: Authentication event.</description>
    <mitre>
      <id>T1102</id>
    </mitre>
    <group>gpg13_3.3,gpg13_7.1,hipaa_164.312.a.1,nist_800_53_AC.7,nist_800_53_SC.5,pci_dss_1.3.2,pci_dss_6.5.10,pci_dss_7.1,pci_dss_8.1,tsc_cc6.1,</group>
  </rule>

  <rule id="44732" level="4">
    <if_sid>44731</if_sid>
    <field name="data.status">Pending</field>
    <description>FortiAuth: Authentication pending by user $(dstuser).</description>
  </rule>

  <rule id="44733" level="7">
    <if_sid>44731</if_sid>
    <field name="data.status">Failed</field>
    <description>FortiAuth: Authentication failed by user $(dstuser).</description>
    <group>gpg13_3.3,hipaa_164.312.e.1,nist_800_53_AC.7,pci_dss_8.2</group>
    <mitre>
      <id>T1102</id>
    </mitre>
  </rule>

  <rule id="44734" level="3">
    <if_sid>44731</if_sid>
    <field name="data.status">Success</field>
    <description>FortiAuth: Authentication success by user $(dstuser).</description>
    <group>hipaa_164.312.d,pci_dss_8.2</group>
  </rule>

  <rule id="44735" level="4">
    <if_sid>44730</if_sid>
    <field name="subcategory">System</field>
    <description>FortiAuth: System event.</description>
  </rule>

</group>
