<!--
  -  OpenVPN rules
  -  Author: Julio Camargo <julio.camargo@trustux.com.br>
  -  Updated by Wazuh, Inc.
  -  Copyright (C) 2015, Wazuh Inc.
  -  This program is a free software; you can redistribute it and/or modify it under the terms of GPLv2.
-->

<!-- ID: 81800 - 81899 -->

<group name="openvpn,">
    <rule id="81800" level="0">
        <decoded_as>openvpn</decoded_as>
        <description>OpenVPN messages grouped.</description>
    </rule>

    <!--
    Jul 21 18:31:19 fw01 openvpn[76395]: 200.200.200.200:17777 [chapolin] Peer Connection Initiated with [AF_INET]200.200.200.200:17777
    -->
    <rule id="81801" level="3">
        <if_sid>81800</if_sid>
        <match>Peer Connection Initiated with</match>
        <description>OpenVPN: User logged in</description>
        <mitre>
            <id>T1078</id>
        </mitre>
        <group>authentication_success,pci_dss_10.2.5,gpg13_7.1,gpg13_7.2,gdpr_IV_32.2,hipaa_164.312.b,nist_800_53_AU.14,nist_800_53_AC.7,tsc_CC6.8,tsc_CC7.2,tsc_CC7.3,</group>
    </rule>

    <rule id="81802" level="3" frequency="3" timeframe="60">
        <if_matched_sid>81801</if_matched_sid>
        <user />
        <description>OpenVPN: Concurrent connections</description>
    </rule>

    <!--
    Jul 22 11:46:19 fw01 openvpn[43658]: 201.201.201.201:1194 TLS Auth Error: Auth Username/Password verification failed for peer
    Jul 22 13:10:29 fw01 openvpn[76395]: girafalez/202.202.202.202:1194 TLS Error: TLS key negotiation failed to occur within 60 seconds (check your network connectivity)
    Jul 22 13:10:29 fw01 openvpn[76395]: girafalez/202.202.202.202:1194 TLS Error: TLS handshake failed
    -->
    <rule id="81803" level="4">
        <if_sid>81800</if_sid>
        <match>TLS Error|TLS Auth Error</match>
        <description>OpenVPN: Connection Certificate Failed</description>
        <mitre>
            <id>T1133</id>
        </mitre>
        <group>openvpn-error,gdpr_IV_35.7.d,</group>
    </rule>

    <rule id="81804" level="4" frequency="3" timeframe="60">
        <if_matched_sid>81803</if_matched_sid>
        <description>OpenVPN: Certificate failed - Possible revoked user</description>
        <mitre>
            <id>T1133</id>
        </mitre>
        <group>openvpn-error,gdpr_IV_35.7.d,gdpr_IV_32.2,</group>
    </rule>

<!--
 Author: Stuart Williams <stwilliams@workforcesoftware.com>
    Date: 2019-01-29
    Note: Enhanced decoder rules to handle LDAP integrated authentication
Comments: Not sure how useful the first entry is but will 'log' it - could be useful in auditing numbers etc

Jan 28 14:25:49 VPN-SERVER-05892 openvpn: LDAP bind failed: Invalid credentials (80090308: LdapErr: DSID-55555555, comment: AcceptSecurityContext error, data 775, v3839)
Jan 28 14:25:49 VPN-SERVER-05892 openvpn: Incorrect password supplied for LDAP DN "CN=Harry T. Hacker,OU=business unit,OU=department,DC=domain,DC=com".
-->

  <rule id="81805" level="5">
    <if_sid>81800</if_sid>
    <match>^LDAP bind failed:</match>
    <description>OpenVPN LDAP Bind Failure: $(ldap_data.error_message)</description>
    <group>pci_dss_10.2.5,gpg13_7.1,gpg13_7.2,gdpr_IV_32.2,hipaa_164.312.b,nist_800_53_AU.14,nist_800_53_AC.7</group>
  </rule>

  <rule id="81806" level="5">
    <if_sid>81800</if_sid>
    <match>^Incorrect password supplied for LDAP DN</match>
    <description>OpenVPN LDAP Logon Failure: $(ldap_data.Username) [$(ldap_data.Department)]</description>
    <group>pci_dss_10.2.5,gpg13_7.1,gpg13_7.2,gdpr_IV_32.2,hipaa_164.312.b,nist_800_53_AU.14,nist_800_53_AC.7,</group>
  </rule>
  
</group>
