<!--
  -  SQL Server rules
  -  Created by Wazuh, Inc.
  -  Copyright (C) 2015, Wazuh Inc.
  -  This program is a free software; you can redistribute it and/or modify it under the terms of GPLv2.
-->

<!-- ID: 85000 - 85499 -->

<group name="sqlserver,">

  <rule id="85000" level="0">
    <decoded_as>sqlserver</decoded_as>
    <description>SQL Server messages.</description>
  </rule>

<!--
2017-04-03 15:53:08.63 nameserv     Starting up database 'mustest'.
-->

    <rule id="85001" level="3">
        <if_sid>85000</if_sid>
        <match>Starting up database</match>
        <description>Starting up database.</description>
        <group></group>
    </rule>

<!--
2017-04-03 15:53:26.47 nameserv      Attempting to load library 'libexample.dll' into memory. This is an informational message only. No user action is required.
-->

    <rule id="85002" level="3">
        <if_sid>85000</if_sid>
        <match>Attempting to load library</match>
        <description>Attempting to load library.</description>
        <group>sqlserverlibraries,</group>
    </rule>

<!--
2017-04-03 15:53:00.66 Server      Server process ID is 3832.
-->
    <rule id="85003" level="3">
        <if_sid>85000</if_sid>
        <match>Server process ID is</match>
        <description>SQL Server process ID.</description>
        <group>sqlserver_process_id,</group>
    </rule>

<!--
2017-04-03 15:55:24.37 Logon       Login succeeded for user 'DOMAIN\user'. Connection made using Windows authentication. [CLIENT: 10.10.10.10]
-->
    <rule id="85004" level="5">
        <if_sid>85000</if_sid>
        <match>Login succeeded for user</match>
        <description>SQL Server login success.</description>
        <group>sqlserver_login,pci_dss_10.2.5,gpg13_7.1,gpg13_7.2,gdpr_IV_32.2,hipaa_164.312.b,nist_800_53_AU.14,nist_800_53_AC.7,tsc_CC6.8,tsc_CC7.2,tsc_CC7.3,</group>
    </rule>

<!--
2017-04-03 15:53:08.22 Logon       Login failed for user 'DOMAIN\sqluser'. Reason: Failed to open the explicitly specified database. [CLIENT: fe20::53e4:4653:bcef:34d6%62]
-->

    <rule id="85005" level="7">
        <if_sid>85000</if_sid>
        <match>Login failed for user</match>
        <description>SQL Server login failed.</description>
        <group>sqlserver_login, authentication_failed,pci_dss_10.2.4,pci_dss_10.2.5,gpg13_7.1,gdpr_IV_35.7.d,gdpr_IV_32.2,hipaa_164.312.b,nist_800_53_AU.14,nist_800_53_AC.7,tsc_CC6.1,tsc_CC6.8,tsc_CC7.2,tsc_CC7.3,</group>
    </rule>

    <rule id="85006" level="10" frequency="8">
        <if_matched_sid>85005</if_matched_sid>
        <same_source_ip />
        <description>SQL Server: Multiple authentication failures.</description>
        <mitre>
            <id>T1110</id>
        </mitre>
        <group>identityguard_login,authentication_failures,pci_dss_10.2.4,pci_dss_10.2.5,pci_dss_11.4,gpg13_7.1,gdpr_IV_35.7.d,gdpr_IV_32.2,hipaa_164.312.b,nist_800_53_AU.14,nist_800_53_AC.7,nist_800_53_SI.4,tsc_CC6.1,tsc_CC6.8,tsc_CC7.2,tsc_CC7.3,</group>
    </rule>

<!--
2017-04-03 15:53:26.11 spid51      Using 'xpstar.dll' version '2007.100.6000' to execute extended stored procedure 'xp_instance_regread'. This is an informational message only; no user action is required.
-->

    <rule id="85007" level="3">
        <if_sid>85000</if_sid>
        <match>Using </match>
        <description>SQL Server library use.</description>
        <group>sqlserverlibraries,</group>
    </rule>

<!--
2017-04-03 15:53:07.73 Server      The SQL Server Network Interface library could not register the Service Principal Name (SPN) for the SQL Server service. Error: 0x2098, state: 15. Failure to register an SPN may cause integrated authentication to fall back to NTLM instead of Kerberos. This is an informational message. Further action is only required if Kerberos authentication is required by authentication policies.
 -->

    <rule id="85008" level="6">
        <if_sid>85000</if_sid>
        <match>The SQL Server Network Interface library could not register the Service Principal Name</match>
        <description>SQL Server Network Interface library unregistered </description>
        <group>sqlservererror, sqlserverlibraries,gdpr_IV_35.7.d,</group>
    </rule>

<!--
2017-04-03 15:53:12.59 Logon       Error: 18456, Severity: 14, State: 38.
-->

    <rule id="85009" level="3">
        <if_sid>85000</if_sid>
        <match>Error: </match>
        <description>SQL Server error.</description>
        <group>sqlservererror,gdpr_IV_35.7.d,</group>
    </rule>

<!--
2017-04-03 15:53:03.64 user      FILESTREAM: effective level = 0, configured level = 0, file system access share name = 'MSSQLSERVER'.
-->

    <rule id="85010" level="3">
         <if_sid>85000</if_sid>
         <match>FILESTREAM: </match>
         <description>SQL Server filestream information.</description>
         <group>sqlservererror,</group>
    </rule>

</group>
