<!--
  -  Identity Guard rules
  -  Created by Wazuh, Inc.
  -  Copyright (C) 2015, Wazuh Inc.
  -  This program is a free software; you can redistribute it and/or modify it under the terms of GPLv2.
-->

<!-- ID: 85500 - 85699 -->


<group name="identityguard,">

    <rule id="85500" level="0">
        <decoded_as>identity_guard</decoded_as>
        <description>Identity Guard Log.</description>
    </rule>

<!--
[2017-04-10 10:23:20,361] [IG Audit Writer] [INFO ] [IG.AUDIT] [AUD6001] [web/test] User web/test failed authentication. Authentication Type: PASSWORD, Default Password: true, Remote Address: 10.10.10.10
-->

    <rule id="85501" level="7">
        <if_sid>85500</if_sid>
        <match>failed authentication</match>
        <description>Identity Guard: User authentication failed.</description>
        <group>identityguard_login,authentication_failed,pci_dss_10.2.4,pci_dss_10.2.5,gpg13_7.1,gdpr_IV_35.7.d,gdpr_IV_32.2,hipaa_164.312.b,nist_800_53_AU.14,nist_800_53_AC.7,tsc_CC6.1,tsc_CC6.8,tsc_CC7.2,tsc_CC7.3,</group>
    </rule>


    <rule id="85502" level="10" frequency="8">
        <if_matched_sid>85501</if_matched_sid>
        <same_source_ip />
        <description>Identity Guard: Multiple authentication failures.</description>
        <mitre>
            <id>T1110</id>
        </mitre>
        <group>identityguard_login,authentication_failures,pci_dss_10.2.4,pci_dss_10.2.5,pci_dss_11.4,gpg13_7.1,gdpr_IV_35.7.d,gdpr_IV_32.2,hipaa_164.312.b,nist_800_53_AU.14,nist_800_53_AC.7,nist_800_53_SI.4,tsc_CC6.1,tsc_CC6.8,tsc_CC7.2,tsc_CC7.3,</group>
    </rule>

</group>
