<!--
  -  Jenkins rules
  -  Created by Wazuh, Inc.
  -  Copyright (C) 2015, Wazuh Inc.
  -  This program is a free software; you can redistribute it and/or modify it under the terms of GPLv2.
-->

<!--
Feb 18, 2017 8:51:48 AM component action INFO: Text
Feb 18, 2017 8:51:48 AM component action WARNING: Text
Feb 18, 2017 8:51:48 AM component action SEVERE: Text
-->

<!-- ID: 86250 - 86500 -->

<group name="jenkins,">

    <rule id="86250" level="0">
        <decoded_as>jenkins</decoded_as>
        <description>Jenkins messages</description>
    </rule>

    <rule id="86251" level="1">
        <if_sid>86250</if_sid>
        <field name="jenkins.severity">INFO</field>
        <description>Jenkins: Information message</description>
        <group>jenkins-info,</group>
    </rule>

    <rule id="86252" level="1">
        <if_sid>86250</if_sid>
        <field name="jenkins.severity">WARNING</field>
        <description>Jenkins: Warning message</description>
        <group>jenkins-warn,</group>
    </rule>

    <rule id="86253" level="3">
        <if_sid>86250</if_sid>
        <field name="jenkins.severity">SEVERE</field>
        <description>Jenkins: Severe message</description>
        <group>jenkins-severe,</group>
    </rule>

    <!--
    Feb 18, 2017 8:51:56 AM hudson.model.UpdateCenter$DownloadJob run INFO: Installation successful: PAM Authentication plugin
    -->
    <rule id="86254" level="3">
        <if_sid>86251</if_sid>
        <match>Installation successful:</match>
        <description>Jenkins: Installation successful</description>
        <group>jenkins-info,</group>
    </rule>

    <!--
    Feb 18, 2017 8:48:15 AM org.jenkinsci.main.modules.sshd.SSHD start INFO: Started SSHD at port 35627
    -->
    <rule id="86255" level="3">
        <if_sid>86251</if_sid>
        <match>Started SSHD</match>
        <description>Jenkins: Started SSHD</description>
        <group>jenkins-info,</group>
    </rule>

</group>
