<!--
  -  Qualysguard rules
  -  Created by Wazuh, Inc.
  -  Copyright (C) 2015, Wazuh Inc.
  -  This program is a free software; you can redistribute it and/or modify it under the terms of GPLv2.
-->

<!-- ID: 86900 - 87000 -->
<group name="qualysguard,">
    <rule id="86900" level="0">
       <decoded_as>qualysguard</decoded_as>
       <description>Qualysguard messages grouped.</description>
    </rule>

    <!-- Level 3 Rules -->
    <!--
    "000151,""Open"",""07/02/2017 (Overdue)"",""192.168.1.128"",""443"",,""blabla5757abla"",""KFNHD5723J"",""Potential Vulnerability - level 3"",""1235"",""SSL/TLS Server supports TLSv1.0"",""John Smith (Manager)"",""05/03/2017 at 12:27:33 (GMT-0400)"",""05/03/2017 at 12:27:33 (GMT-0400)"","
    -->
    <rule id="86901" level="3">
       <if_sid>86900</if_sid>
       <field name="qualysguard.severity">^Potential Vulnerability - level 3</field>
       <description>Qualysguard: $(qualysguard.vulnerability_title).</description>
        <group>pci_dss_10.6.1,gdpr_IV_35.7.d,</group>
    </rule>

    <!--
    "000151,""Open"",""07/02/2017 (Overdue)"",""192.168.1.128"",""443"",,""blabla5757abla"",""KFNHD5723J"",""Vulnerability - level 3"",""1235"",""SSL/TLS Server supports TLSv1.0"",""John Smith (Manager)"",""05/03/2017 at 12:27:33 (GMT-0400)"",""05/03/2017 at 12:27:33 (GMT-0400)"","
    -->
    <rule id="86902" level="7">
       <if_sid>86900</if_sid>
       <field name="qualysguard.severity">^Vulnerability - level 3</field>
       <description>Qualysguard: $(qualysguard.vulnerability_title).</description>
       <group>pci_dss_10.6.1,gdpr_IV_35.7.d,</group>
    </rule>

    <!-- Level 4 Rules -->
    <!--
    "000151,""Open"",""07/02/2017 (Overdue)"",""192.168.1.128"",""443"",,""blabla5757abla"",""KFNHD5723J"",""Potential Vulnerability - level 4"",""1235"",""SSL/TLS Server supports TLSv1.0"",""John Smith (Manager)"",""05/03/2017 at 12:27:33 (GMT-0400)"",""05/03/2017 at 12:27:33 (GMT-0400)"","
    -->
    <rule id="86903" level="4">
       <if_sid>86900</if_sid>
       <field name="qualysguard.severity">^Potential Vulnerability - level 4</field>
       <description>Qualysguard: $(qualysguard.vulnerability_title).</description>
        <group>pci_dss_10.6.1,gdpr_IV_35.7.d,</group>
    </rule>

    <!--
    "000151,""Open"",""07/02/2017 (Overdue)"",""192.168.1.128"",""443"",,""blabla5757abla"",""KFNHD5723J"",""Vulnerability - level 4"",""1235"",""SSL/TLS Server supports TLSv1.0"",""John Smith (Manager)"",""05/03/2017 at 12:27:33 (GMT-0400)"",""05/03/2017 at 12:27:33 (GMT-0400)"","
    -->
    <rule id="86904" level="8">
       <if_sid>86900</if_sid>
       <field name="qualysguard.severity">^Vulnerability - level 4</field>
       <description>Qualysguard: $(qualysguard.vulnerability_title).</description>
        <group>pci_dss_10.6.1,gdpr_IV_35.7.d,</group>
    </rule>

    <!-- Level 5 Rules -->
    <!--
    "000151,""Open"",""07/02/2017 (Overdue)"",""192.168.1.128"",""443"",,""blabla5757abla"",""KFNHD5723J"",""Potential Vulnerability - level 5"",""1235"",""SSL/TLS Server supports TLSv1.0"",""John Smith (Manager)"",""05/03/2017 at 12:27:33 (GMT-0400)"",""05/03/2017 at 12:27:33 (GMT-0400)"","
    -->
    <rule id="86905" level="5">
       <if_sid>86900</if_sid>
       <field name="qualysguard.severity">^Potential Vulnerability - level 5</field>
       <description>Qualysguard: $(qualysguard.vulnerability_title).</description>
        <group>pci_dss_10.6.1,gdpr_IV_35.7.d,</group>
    </rule>

    <!--
    "000151,""Open"",""07/02/2017 (Overdue)"",""192.168.1.128"",""443"",,""blabla5757abla"",""KFNHD5723J"",""Vulnerability - level 5"",""1235"",""SSL/TLS Server supports TLSv1.0"",""John Smith (Manager)"",""05/03/2017 at 12:27:33 (GMT-0400)"",""05/03/2017 at 12:27:33 (GMT-0400)"","
    -->
    <rule id="86906" level="10">
       <if_sid>86900</if_sid>
       <field name="qualysguard.severity">^Vulnerability - level 5</field>
       <description>Qualysguard: $(qualysguard.vulnerability_title).</description>
        <group>pci_dss_10.6.1,gdpr_IV_35.7.d,</group>
    </rule>
</group>
