<!--
  -  Cylance rules
  -  Created by Wazuh, Inc.
  -  Copyright (C) 2015, Wazuh Inc.
  -  This program is a free software; you can redistribute it and/or modify it under the terms of GPLv2.
-->

<!-- ID: 87000 - 87100 -->
<group name="cylance,">
    <rule id="87000" level="0">
        <decoded_as>cylance_events</decoded_as>
        <description>Cylance events messages grouped.</description>
    </rule>

    <!-- Event Status rules -->
    <!--
        The event unsafe means a file is very probably to be a virus.

        123456789ABCDEFG123456789ABCDEFG123456789ABCDEFG123456789ABCDEFG	123456789ABCDEFG123456789ABCDEFG	F-R5PH3421FJ7	7/10/2017 22:09	D:\rfrgr\rgreg\regr\grg.exe	unsafe	100	PUP - Adware	FALSE	FALSE	Background	Threat Detection	12345ght-12gh-ff24-1iu8-hgyrbv987hf3
    -->
    <rule id="87001" level="5">
        <if_sid>87000</if_sid>
        <field name="cylance_events.eventstatus">unsafe</field>
        <description>Cylance: File $(cylance_events.filepath) is unsafe.</description>
        <mitre>
            <id>T1203</id>
        </mitre>
        <group>pci_dss_10.6.1,gdpr_IV_35.7.d,</group>
    </rule>

    <!--
        The event abnormal means a file is not normal.

        123456789ABCDEFG123456789ABCDEFG123456789ABCDEFG123456789ABCDEFG	123456789ABCDEFG123456789ABCDEFG	F-R5PH3421FJ7	7/10/2017 22:09	D:\rfrgr\rgreg\regr\grg.exe	abnormal	100	PUP - Adware	FALSE	FALSE	Background	Threat Detection	12345ght-12gh-ff24-1iu8-hgyrbv987hf3
    -->
    <rule id="87002" level="4">
        <if_sid>87000</if_sid>
        <field name="cylance_events.eventstatus">abnormal</field>
        <description>Cylance: File $(cylance_events.filepath) is abnormal.</description>
        <mitre>
            <id>T1203</id>
        </mitre>
    </rule>

    <!--
        The event quarantined means a file is a virus.

        123456789ABCDEFG123456789ABCDEFG123456789ABCDEFG123456789ABCDEFG	123456789ABCDEFG123456789ABCDEFG	F-R5PH3421FJ7	7/10/2017 22:09	D:\rfrgr\rgreg\regr\grg.exe	quarantined	100	PUP - Adware	FALSE	FALSE	Background	Threat Detection	12345ght-12gh-ff24-1iu8-hgyrbv987hf3
    -->
    <rule id="87003" level="6">
        <if_sid>87000</if_sid>
        <field name="cylance_events.eventstatus">quarantined</field>
        <description>Cylance: File $(cylance_events.filepath) is quarantined.</description>
        <group>gdpr_IV_35.7.d,</group>
        <mitre>
            <id>T1203</id>
        </mitre>
    </rule>

    <!--
        The event waived means a file is safe.

        123456789ABCDEFG123456789ABCDEFG123456789ABCDEFG123456789ABCDEFG	123456789ABCDEFG123456789ABCDEFG	F-R5PH3421FJ7	7/10/2017 22:09	D:\rfrgr\rgreg\regr\grg.exe	waived	100	PUP - Adware	FALSE	FALSE	Background	Threat Detection	12345ght-12gh-ff24-1iu8-hgyrbv987hf3
    -->
    <rule id="87004" level="3">
        <if_sid>87000</if_sid>
        <field name="cylance_events.eventstatus">waived</field>
        <description>Cylance Event: File $(cylance_events.filepath) is waived.</description>
    </rule>

<!--

-->

    <rule id="87050" level="0">
        <decoded_as>cylance_threats</decoded_as>
        <description>Cylance threats messages grouped.</description>
    </rule>

    <!--
		RRETGRETRE.exe	waived	55	No Signature		No	No	FALSE										123456789ABCDEFG123456789ABCDEFG123456789ABCDEFG123456789ABCDEFG	123456789ABCDEFG123456789ABCDEFG	Dual Use - Remote Access	F-R5PH3421FJ7	12345ght-12gh-ff24-1iu8-hgyrbv987hf3	18432	C:\dfrg\rreg\grrgr\RRETGRETRE.exe	Internal Hard Drive	BUILTIN\Administrators	6/19/2017 20:06	6/19/2017 20:06	7/10/2017 20:13	FALSE	FALSE	FALSE	7/10/2017 20:14	7/28/2017 21:37	Background Threat Detection
    -->
    <rule id="87051" level="3">
    	<if_sid>87050</if_sid>
    	<field name="cylance_threats.file_status">waived</field>
    	<description>Cylance Threat: File $(cylance_threats.file_path) is waived</description>
    </rule>

    <!--
		RRETGRETRE.exe	quarantined	55	No Signature		No	No	FALSE										123456789ABCDEFG123456789ABCDEFG123456789ABCDEFG123456789ABCDEFG	123456789ABCDEFG123456789ABCDEFG	Dual Use - Remote Access	F-R5PH3421FJ7	12345ght-12gh-ff24-1iu8-hgyrbv987hf3	18432	C:\dfrg\rreg\grrgr\RRETGRETRE.exe	Internal Hard Drive	BUILTIN\Administrators	6/19/2017 20:06	6/19/2017 20:06	7/10/2017 20:13	FALSE	FALSE	FALSE	7/10/2017 20:14	7/28/2017 21:37	Background Threat Detection
    -->
    <rule id="87052" level="6">
    	<if_sid>87050</if_sid>
    	<field name="cylance_threats.file_status">quarantined</field>
    	<description>Cylance Threat: File $(cylance_threats.file_path) is quarantined</description>
        <group>gdpr_IV_35.7.d,</group>
    </rule>

    <!--
		RRETGRETRE.exe	abnormal	55	No Signature		No	No	FALSE										123456789ABCDEFG123456789ABCDEFG123456789ABCDEFG123456789ABCDEFG	123456789ABCDEFG123456789ABCDEFG	Dual Use - Remote Access	F-R5PH3421FJ7	12345ght-12gh-ff24-1iu8-hgyrbv987hf3	18432	C:\dfrg\rreg\grrgr\RRETGRETRE.exe	Internal Hard Drive	BUILTIN\Administrators	6/19/2017 20:06	6/19/2017 20:06	7/10/2017 20:13	FALSE	FALSE	FALSE	7/10/2017 20:14	7/28/2017 21:37	Background Threat Detection
    -->
    <rule id="87053" level="4">
    	<if_sid>87050</if_sid>
    	<field name="cylance_threats.file_status">abnormal</field>
    	<description>Cylance Threat: File $(cylance_threats.file_path) is abnormal</description>
    	<mitre>
    	  <id>T1203</id>
    	</mitre>
    </rule>

    <!--
		RRETGRETRE.exe	unsafe	55	No Signature		No	No	FALSE										123456789ABCDEFG123456789ABCDEFG123456789ABCDEFG123456789ABCDEFG	123456789ABCDEFG123456789ABCDEFG	Dual Use - Remote Access	F-R5PH3421FJ7	12345ght-12gh-ff24-1iu8-hgyrbv987hf3	18432	C:\dfrg\rreg\grrgr\RRETGRETRE.exe	Internal Hard Drive	BUILTIN\Administrators	6/19/2017 20:06	6/19/2017 20:06	7/10/2017 20:13	FALSE	FALSE	FALSE	7/10/2017 20:14	7/28/2017 21:37	Background Threat Detection
    -->
    <rule id="87054" level="5">
    	<if_sid>87050</if_sid>
    	<field name="cylance_threats.file_status">unsafe</field>
    	<description>Cylance Threat: File $(cylance_threats.file_path) is unsafe</description>
        <group>pci_dss_10.6.1,gdpr_IV_35.7.d,</group>
    </rule>
</group>
