<!--
  -  VirusTotal integration rules
  -  Created by Wazuh, Inc.
  -  Copyright (C) 2015, Wazuh Inc.
  -  This program is a free software; you can redistribute it and/or modify it under the terms of GPLv2.
-->

<!-- ID: 87100 - 87199 -->

<group name="virustotal,">

    <rule id="87100" level="0">
        <decoded_as>json</decoded_as>
        <field name="integration">virustotal</field>
        <description>VirusTotal integration messages.</description>
        <options>no_full_log</options>
    </rule>

    <rule id="87101" level="3">
        <if_sid>87100</if_sid>
        <field name="virustotal.error">204</field>
        <description>VirusTotal: Error: Public API request rate limit reached</description>
        <options>no_full_log</options>
    </rule>

    <rule id="87102" level="3">
        <if_sid>87100</if_sid>
        <field name="virustotal.error">403</field>
        <description>VirusTotal: Error: Check credentials</description>
        <group>gdpr_IV_35.7.d,gdpr_IV_32.2,</group>
        <options>no_full_log</options>
    </rule>

    <rule id="87103" level="3">
        <if_sid>87100</if_sid>
        <field name="virustotal.found">0</field>
        <description>VirusTotal: Alert - No records in VirusTotal database</description>
        <options>no_full_log</options>
    </rule>

    <rule id="87104" level="3">
        <if_sid>87100</if_sid>
        <field name="virustotal.found">1</field>
        <field name="virustotal.malicious">0</field>
        <description>VirusTotal: Alert - $(virustotal.source.file) - No positives found</description>
        <options>no_full_log</options>
    </rule>

    <rule id="87105" level="12">
        <if_sid>87100</if_sid>
        <field name="virustotal.malicious">1</field>
        <description>VirusTotal: Alert - $(virustotal.source.file) - $(virustotal.positives) engines detected this file</description>
        <group>pci_dss_10.6.1,pci_dss_11.4,gdpr_IV_35.7.d,</group>
        <options>no_full_log</options>
        <mitre>
            <id>T1203</id>
        </mitre>
    </rule>

    <rule id="87106" level="3">
         <if_sid>87100</if_sid>
         <field name="virustotal.error">408</field>
         <description>VirusTotal: Error: API request timed out</description>
         <group>gdpr_IV_35.7.d,gdpr_IV_32.2,</group>
         <options>no_full_log</options>
     </rule>

</group>
