<!--
  -  Copyright (C) 2015, Wazuh Inc.
-->

<!--
  Exim 4 rules 
-->

<!-- ID: 87500 - 87600 -->


<group name="exim,">

  <rule id="87500" level="0">
    <decoded_as>windows-date-format</decoded_as>
    <regex>^\d\d\d\d-\d\d-\d\d \d\d:\d\d:\d\d SMTP </regex>
    <description>Exim: SMTP Messages Grouped.</description>
  </rule>

  <rule id="87501" level="0">
    <decoded_as>windows-date-format</decoded_as>
    <regex>^\d\d\d\d-\d\d-\d\d \d\d:\d\d:\d\d dovecot</regex>
    <description>dovecot messages grouped.</description>
  </rule>

  <rule id="87502" level="5">
    <if_sid>87501</if_sid>
    <match>authenticator failed</match>
    <description>Exim: Auth failed.</description>
    <group>authentication_failed,gdpr_IV_32.2,gdpr_IV_35.7.d,invalid_login,pci_dss_10.2.4,pci_dss_10.2.5,</group>
  </rule>

  <rule id="87503" level="10" frequency="8" timeframe="240">
    <if_matched_sid>87502</if_matched_sid>
    <same_source_ip />
    <description>Exim: brute force attack (multiple auth failures).</description>
    <mitre>
      <id>T1110</id>
    </mitre>
    <group>authentication_failures,gdpr_IV_32.2,gdpr_IV_35.7.d,pci_dss_10.2.4,pci_dss_10.2.5,pci_dss_11.4,</group>
  </rule>

  <rule id="87504" level="0">
    <if_sid>87500</if_sid>
    <match>connection count =</match>
    <description>Exim: connection.</description>
  </rule>

  <rule id="87505" level="1">
    <if_sid>87500</if_sid>
    <match>lost$</match>
    <description>Exim: connection lost.</description>
  </rule>

  <rule id="87506" level="5">
    <if_sid>87500</if_sid>
    <match>dropped: too many syntax or protocol errors</match>
    <description>Exim: syntax or protocol errors.</description>
  </rule>

  <rule id="87507" level="6">
    <if_sid>87500</if_sid>
    <match>input sent without waiting for greeting</match>
    <description>Exim: SMTP protocol synchronization error (input sent without waiting for greeting).</description>
  </rule>

  <rule id="87508" level="6">
    <decoded_as>windows-date-format</decoded_as>
    <match>rejected RCPT</match>
    <description>Exim: RCPT rejected. Error: $(error_message).</description>
  </rule>

</group>
