<!--
  -  Wazuh rules
  -  Created by Wazuh, Inc.
  -  Copyright (C) 2015, Wazuh Inc.
  -  This program is a free software; you can redistribute it and/or modify it under the terms of GPLv2.
-->

<!-- ID: 88000 - 88099 -->

<!--
logcollector must be configured with the following labels

<localfile>
  <location>/var/log/mysql/mcafee.json</location>
  <log_format>json</log_format>
  <label key="mysql_audit_log">mcafee</label>
</localfile>

<localfile>
  <location>/var/log/mysql/percona.json</location>
  <log_format>json</log_format>
  <label key="mysql_audit_log">percona</label>
</localfile>
-->

<group name="mysql_audit,">

    <rule id="88000" level="0">
      <decoded_as>json</decoded_as>
      <field name="mysql_audit_log">percona</field>
      <description>Percona Server audit events grouped.</description>
      <options>no_full_log</options>
    </rule>

    <rule id="88001" level="3">
      <if_sid>88000</if_sid>
      <field name="audit_record.name">^Connect$</field>
      <field name="audit_record.status">^0$</field>
      <description>Percona audit: authentication success.</description>
      <mitre>
        <id>T1078</id>
      </mitre>
      <group>authentication_success,pci_dss_10.2.5,pci_dss_8.7,gpg13_7.1,gpg13_7.2,gdpr_IV_32.2,hipaa_164.312.b,hipaa_164.312.d,hipaa_164.312.e.1,hipaa_164.312.e.2.I,hipaa_164.312.e.2.II,nist_800_53_AU.14,nist_800_53_AC.7,nist_800_53_SC.2,tsc_CC6.8,tsc_CC7.2,tsc_CC7.3,tsc_PI1.4,tsc_PI1.5,</group>
      <options>no_full_log</options>
    </rule>

    <rule id="88002" level="3">
      <if_sid>88000</if_sid>
      <field name="audit_record.name">^Quit$</field>
      <description>Percona audit: user logout.</description>
      <group>pci_dss_10.2.5,pci_dss_8.7,gpg13_7.1,gpg13_7.2,gdpr_IV_35.7.d,gdpr_IV_32.2,hipaa_164.312.b,hipaa_164.312.d,hipaa_164.312.e.1,hipaa_164.312.e.2.I,hipaa_164.312.e.2.II,nist_800_53_AU.14,nist_800_53_AC.7,nist_800_53_SC.2,tsc_CC6.8,tsc_CC7.2,tsc_CC7.3,tsc_PI1.4,tsc_PI1.5,</group>
      <options>no_full_log</options>
    </rule>

    <rule id="88003" level="9">
      <if_sid>88000</if_sid>
      <field name="audit_record.name">^Connect$</field>
      <field name="audit_record.status">^1</field>
      <description>Percona audit: authentication failure.</description>
      <group>authentication_failed,pci_dss_10.2.4,pci_dss_10.2.5,pci_dss_8.7,gpg13_7.1,gdpr_IV_35.7.d,gdpr_IV_32.2,hipaa_164.312.b,hipaa_164.312.d,hipaa_164.312.e.1,hipaa_164.312.e.2.I,hipaa_164.312.e.2.II,nist_800_53_AU.14,nist_800_53_AC.7,nist_800_53_SC.2,tsc_CC6.1,tsc_CC6.8,tsc_CC7.2,tsc_CC7.3,tsc_PI1.4,tsc_PI1.5,</group>
      <options>no_full_log</options>
    </rule>

    <rule id="88004" level="3">
      <if_sid>88000</if_sid>
      <field name="audit_record.name">^Query$</field>
      <field name="audit_record.status">^0$</field>
      <description>Percona audit success: $(audit_record.command_class) statement.</description>
      <group>pci_dss_8.7,gpg13_7.1,gdpr_IV_35.7.d,hipaa_164.312.d,hipaa_164.312.e.1,hipaa_164.312.e.2.I,hipaa_164.312.e.2.II,nist_800_53_SC.2,tsc_PI1.4,tsc_PI1.5,</group>
      <options>no_full_log</options>
    </rule>

    <rule id="88005" level="5">
      <if_sid>88004</if_sid>
      <field name="audit_record.name">^Query$</field>
      <field name="audit_record.command_class">^drop|^alter|^insert|^update|^grant|^delete</field>
      <description>Percona audit success: $(audit_record.command_class) statement.</description>
      <group>pci_dss_8.7,gpg13_7.1,gdpr_IV_35.7.d,hipaa_164.312.d,hipaa_164.312.e.1,hipaa_164.312.e.2.I,hipaa_164.312.e.2.II,nist_800_53_SC.2,tsc_PI1.4,tsc_PI1.5,</group>
      <options>no_full_log</options>
    </rule>

    <rule id="88006" level="3">
      <if_sid>88000</if_sid>
      <field name="audit_record.name">^Query$</field>
      <field name="audit_record.status">^1</field>
      <description>Percona audit failed: $(audit_record.command_class) statement.</description>
      <group>pci_dss_8.7,gpg13_7.1,gdpr_IV_35.7.d,hipaa_164.312.d,hipaa_164.312.e.1,hipaa_164.312.e.2.I,hipaa_164.312.e.2.II,nist_800_53_SC.2,tsc_PI1.4,tsc_PI1.5,</group>
      <options>no_full_log</options>
    </rule>

    <rule id="88007" level="5">
      <if_sid>88006</if_sid>
      <field name="audit_record.name">^Query$</field>
      <field name="audit_record.command_class">^drop|^alter|^insert|^update|^grant|^delete</field>
      <description>Percona audit failed: $(audit_record.command_class) statement.</description>
      <group>pci_dss_8.7,gpg13_7.1,gdpr_IV_35.7.d,hipaa_164.312.d,hipaa_164.312.e.1,hipaa_164.312.e.2.I,hipaa_164.312.e.2.II,nist_800_53_SC.2,tsc_PI1.4,tsc_PI1.5,</group>
      <options>no_full_log</options>
    </rule>

    <rule id="89050" level="0">
      <decoded_as>json</decoded_as>
      <field name="mysql_audit_log">mcafee</field>
      <description>McAfee AUDIT Plugin for MySQL events grouped.</description>
      <options>no_full_log</options>
    </rule>

    <rule id="89051" level="3">
      <if_sid>89050</if_sid>
      <field name="cmd">^Connect$</field>
      <description>McAfee MySQL audit: authentication attempt.</description>
      <group>pci_dss_10.2.5,pci_dss_8.7,gpg13_7.1,gpg13_7.2,gdpr_IV_35.7.d,gdpr_IV_32.2,hipaa_164.312.b,hipaa_164.312.d,hipaa_164.312.e.1,hipaa_164.312.e.2.I,hipaa_164.312.e.2.II,nist_800_53_AU.14,nist_800_53_AC.7,nist_800_53_SC.2,tsc_CC6.8,tsc_CC7.2,tsc_CC7.3,tsc_PI1.4,tsc_PI1.5,</group>
      <options>no_full_log</options>
    </rule>

    <rule id="89052" level="3">
      <if_sid>89050</if_sid>
      <field name="cmd">^Quit$</field>
      <description>McAfee MySQL audit: user logout.</description>
      <group>pci_dss_10.2.5,pci_dss_8.7,gpg13_7.1,gpg13_7.2,gdpr_IV_35.7.d,gdpr_IV_32.2,hipaa_164.312.b,hipaa_164.312.d,hipaa_164.312.e.1,hipaa_164.312.e.2.I,hipaa_164.312.e.2.II,nist_800_53_AU.14,nist_800_53_AC.7,nist_800_53_SC.2,tsc_CC6.8,tsc_CC7.2,tsc_CC7.3,tsc_PI1.4,tsc_PI1.5,</group>
      <options>no_full_log</options>
    </rule>

    <rule id="89053" level="9">
      <if_sid>89050</if_sid>
      <field name="cmd">^Failed Login$</field>
      <description>McAfee MySQL audit: authentication failure.</description>
      <group>authentication_failed,pci_dss_10.2.4,pci_dss_10.2.5,pci_dss_8.7,gpg13_7.1,gdpr_IV_35.7.d,gdpr_IV_32.2,hipaa_164.312.b,hipaa_164.312.d,hipaa_164.312.e.1,hipaa_164.312.e.2.I,hipaa_164.312.e.2.II,nist_800_53_AU.14,nist_800_53_AC.7,nist_800_53_SC.2,tsc_CC6.1,tsc_CC6.8,tsc_CC7.2,tsc_CC7.3,tsc_PI1.4,tsc_PI1.5,</group>
      <options>no_full_log</options>
    </rule>

    <rule id="89054" level="3">
      <if_sid>89050</if_sid>
      <status>^0$</status>
      <description>McAfee MySQL audit success: $(cmd) statement.</description>
      <group>pci_dss_8.7,gpg13_7.1,gdpr_IV_35.7.d,hipaa_164.312.d,hipaa_164.312.e.1,hipaa_164.312.e.2.I,hipaa_164.312.e.2.II,nist_800_53_SC.2,tsc_PI1.4,tsc_PI1.5,</group>
      <options>no_full_log</options>
    </rule>

    <rule id="89055" level="5">
      <if_sid>89054</if_sid>
      <field name="cmd">^drop|^alter|^insert|^update|^grant|^delete</field>
      <description>McAfee MySQL audit success: $(cmd) statement.</description>
      <group>pci_dss_8.7,gpg13_7.1,gdpr_IV_35.7.d,hipaa_164.312.d,hipaa_164.312.e.1,hipaa_164.312.e.2.I,hipaa_164.312.e.2.II,nist_800_53_SC.2,tsc_PI1.4,tsc_PI1.5,</group>
      <options>no_full_log</options>
    </rule>

    <rule id="89056" level="3">
      <if_sid>89050</if_sid>
      <status>^1</status>
      <description>McAfee MySQL audit failed: $(cmd) statement.</description>
      <group>pci_dss_8.7,gpg13_7.1,gdpr_IV_35.7.d,hipaa_164.312.d,hipaa_164.312.e.1,hipaa_164.312.e.2.I,hipaa_164.312.e.2.II,nist_800_53_SC.2,tsc_PI1.4,tsc_PI1.5,</group>
      <options>no_full_log</options>
    </rule>

    <rule id="89057" level="5">
      <if_sid>89056</if_sid>
      <field name="cmd">^drop|^alter|^insert|^update|^grant|^delete</field>
      <description>McAfee MySQL audit failed: $(cmd) statement.</description>
      <group>pci_dss_8.7,gpg13_7.1,gdpr_IV_35.7.d,hipaa_164.312.d,hipaa_164.312.e.1,hipaa_164.312.e.2.I,hipaa_164.312.e.2.II,nist_800_53_SC.2,tsc_PI1.4,tsc_PI1.5,</group>
      <options>no_full_log</options>
    </rule>

</group>
