<!--
  -  MariaDB ruleset
  -  Created by Wazuh, Inc.
  -  Copyright (C) 2015, Wazuh Inc.
  -  This program is a free software; you can redistribute it and/or modify it under the terms of GPLv2.

ID: 87600-87700
-->

<group name="mariadb,">
  <rule id="88100" level="0">
    <decoded_as>mariadb-syslog</decoded_as>
    <description>MariaDB group messages.</description>
  </rule>

  <rule id="88101" level="5">
    <if_sid>88100</if_sid>
    <field name="mariadb.type">[ERROR]</field>
    <description>MariaDB error message</description>
    <group>gdpr_IV_35.7.d,</group>
  </rule>

  <rule id="88102" level="3">
    <if_sid>88100</if_sid>
    <field name="mariadb.type">[Warning]</field>
    <description>MariaDB warning message</description>
  </rule>

  <rule id="88103" level="0">
    <if_sid>88100</if_sid>
    <field name="mariadb.type">[NOTE]</field>
    <description>MariaDB log message</description>
  </rule>
</group>
