<!--
  -  pfSense ruleset
  -  Created by Wazuh, Inc.
  -  Copyright (C) 2015, Wazuh Inc.
  -  This program is a free software; you can redistribute it and/or modify it under the terms of GPLv2.
  ID: 87700-87799
-->

<group name="pfsense,">
  <rule id="87700" level="0">
    <decoded_as>pf</decoded_as>
    <program_name>filterlog</program_name>
    <description>pfSense firewall rules grouped.</description>
  </rule>

  <!-- We don't log firewall events, because they go
    -  to their own log file.
    -->
  <rule id="87701" level="5">
    <if_sid>87700</if_sid>
    <action>block</action>
    <options>no_log</options>
    <description>pfSense firewall drop event.</description>
    <group>firewall_block,pci_dss_1.4,gpg13_4.12,hipaa_164.312.a.1,nist_800_53_SC.7,tsc_CC6.7,tsc_CC6.8,</group>
  </rule>

  <rule id="87702" level="10" frequency="18" timeframe="45" ignore="240">
    <if_matched_sid>87701</if_matched_sid>
    <same_source_ip />
    <description>Multiple pfSense firewall blocks events from same source.</description>
    <mitre>
      <id>T1110</id>
    </mitre>
    <group>multiple_blocks,pci_dss_1.4,pci_dss_10.6.1,gpg13_4.12,hipaa_164.312.a.1,hipaa_164.312.b,nist_800_53_SC.7,nist_800_53_AU.6,tsc_CC6.7,tsc_CC6.8,tsc_CC7.2,tsc_CC7.3,</group>
  </rule>
</group>
