<!--
  -  Windows Event Channel ruleset for the System channel
  -  Created by Wazuh, Inc.
  -  Copyright (C) 2015, Wazuh Inc.
  -  This program is a free software; you can redistribute it and/or modify it under the terms of GPLv2.
-->

<!--
  -  ID range: 61100 - 61599
-->

<var name="MS_FREQ">8</var>

<group name="windows,windows_system,">
  <rule id="61100" level="0">
    <if_sid>60002</if_sid>
    <field name="win.system.severityValue">^INFORMATION$</field>
    <description>Windows System informational event</description>
    <options>no_full_log</options>
  </rule>

  <rule id="61101" level="0">
    <if_sid>60002</if_sid>
    <field name="win.system.severityValue">^WARNING$</field>
    <description>Windows System warning event</description>
    <options>no_full_log</options>
    <group>gpg13_4.12,</group>
  </rule>

  <rule id="61102" level="5">
    <if_sid>60002</if_sid>
    <field name="win.system.severityValue">^ERROR$</field>
    <description>Windows System error event</description>
    <options>no_full_log</options>
    <group>system_error,gpg13_4.3,gdpr_IV_35.7.d,</group>
  </rule>

  <rule id="61103" level="9">
    <if_sid>60002</if_sid>
    <field name="win.system.severityValue">^CRITICAL$</field>
    <description>Windows System critical event</description>
    <options>no_full_log</options>
    <group>system_error,gpg13_4.3,gdpr_IV_35.7.d,</group>
  </rule>

  <!-- Some services change their startup type automatically -->
  <rule id="61104" level="3">
    <if_sid>61100</if_sid>
    <field name="win.system.eventID">^7040$</field>
    <group>policy_changed,pci_dss_10.6,gdpr_IV_35.7.d,hipaa_164.312.b,nist_800_53_AU.6,tsc_CC6.1,tsc_CC6.8,tsc_CC7.2,tsc_CC7.3,</group>
    <description>Service startup type was changed</description>
    <options>no_full_log</options>
    <info type="text">This does not appear to be logged on Windows 2000</info>
  </rule>

  <rule id="61105" level="9">
    <if_sid>61103</if_sid>
    <field name="win.system.eventID">^41$</field>
    <field name="win.system.providerName">^Microsoft-Windows-Kernel-Power$</field>
    <description>The system stopped responding, crashed or lost power unexpectedly</description>
    <mitre>
      <id>T1489</id>
    </mitre>
    <options>no_full_log</options>
  </rule>

  <rule id="61106" level="5">
    <if_sid>61101</if_sid>
    <field name="win.system.eventID">^219$</field>
    <field name="win.system.providerName">^Microsoft-Windows-Kernel-PnP$</field>
    <description>The driver $(win.eventdata.failureName) failed to load for the device $(win.eventdata.driverName)</description>
    <options>no_full_log</options>
  </rule>

  <rule id="61107" level="5">
    <if_sid>61102</if_sid>
    <field name="win.system.eventID">^7031$</field>
    <field name="win.eventdata.param1">\.+</field>
    <field name="win.system.providerName">^Service Control Manager$</field>
    <description>$(win.eventdata.param1) terminated unexpectedly</description>
    <options>no_full_log</options>
  </rule>

  <rule id="61108" level="5">
    <if_sid>61102</if_sid>
    <field name="win.system.eventID">^7022$</field>
    <field name="win.system.providerName">^Service Control Manager$</field>
    <description>The Windows Search service hung on starting</description>
    <options>no_full_log</options>
  </rule>

  <rule id="61109" level="5">
    <if_sid>61101</if_sid>
    <field name="win.system.eventID">^1014$</field>
    <field name="win.system.providerName">^Microsoft-Windows-DNS-Client$</field>
    <description>Name resolution for the name $(win.eventdata.queryName) timed out</description>
    <options>no_full_log</options>
  </rule>

  <rule id="61110" level="10" frequency="$MS_FREQ" timeframe="240">
    <if_matched_sid>61102</if_matched_sid>
    <description>Multiple System error events</description>
    <options>no_full_log</options>
  </rule>

  <rule id="61111" level="10" frequency="$MS_FREQ" timeframe="120">
    <if_matched_sid>61101</if_matched_sid>
    <description>Multiple System warning events</description>
    <options>no_full_log</options>
  </rule>

  <rule id="61112" level="12" frequency="$MS_FREQ" timeframe="120">
    <if_matched_sid>61103</if_matched_sid>
    <description>Multiple System critical events</description>
    <options>no_full_log</options>
  </rule>

  <rule id="61113" level="0">
    <if_sid>61100</if_sid>
    <field name="win.system.providerName">^Browser$</field>
    <description>Group of Browser events</description>
    <options>no_full_log</options>
  </rule>

  <rule id="61114" level="5">
    <if_sid>61113</if_sid>
    <field name="win.system.eventID">^2504$|^2505$</field>
    <description>Inability to Browse</description>
    <options>no_full_log</options>
  </rule>

  <rule id="61115" level="3">
    <if_sid>61113</if_sid>
    <field name="win.system.eventID">^2550$</field>
    <description>The browser service was configured with MaintainServerList=No</description>
    <options>no_full_log</options>
  </rule>

  <rule id="61116" level="3">
    <if_sid>61113</if_sid>
    <field name="win.system.eventID">^8003$</field>
    <description>The master browser has received a server announcement</description>
    <options>no_full_log</options>
  </rule>

  <rule id="61117" level="5">
    <if_sid>61113</if_sid>
    <field name="win.system.eventID">^8004$</field>
    <description>A request has been submitted to promote the computer to backup when it is already a master browser</description>
    <options>no_full_log</options>
  </rule>

  <rule id="61118" level="5">
    <if_sid>61113</if_sid>
    <field name="win.system.eventID">^8005$</field>
    <description>The browser has received a server announcement indicating that the computer is a master browser, but this computer is not a master browser</description>
    <options>no_full_log</options>
  </rule>

  <rule id="61119" level="8">
    <if_sid>61113</if_sid>
    <field name="win.system.eventID">^8006$</field>
    <description>The browser has received an illegal datagram from a remote computer</description>
    <options>no_full_log</options>
    <mitre>
      <id>T1203</id>
      <id>T1499</id>
    </mitre>
  </rule>

  <rule id="61120" level="5">
    <if_sid>61113</if_sid>
    <field name="win.system.eventID">^8007$</field>
    <description>The browser was unable to update the service status bits</description>
    <options>no_full_log</options>
  </rule>

  <rule id="61121" level="5">
    <if_sid>61113</if_sid>
    <field name="win.system.eventID">^8008$</field>
    <description>The browser was unable to update its role</description>
    <options>no_full_log</options>
  </rule>

  <rule id="61122" level="5">
    <if_sid>61113</if_sid>
    <field name="win.system.eventID">^8009$</field>
    <description>The browser was unable to promote itself to master browser</description>
    <options>no_full_log</options>
  </rule>

  <rule id="61123" level="5">
    <if_sid>61113</if_sid>
    <field name="win.system.eventID">^8010$</field>
    <description>The browser driver was unable to convert a character string to a unicode string</description>
    <options>no_full_log</options>
  </rule>

  <rule id="61124" level="5">
    <if_sid>61113</if_sid>
    <field name="win.system.eventID">^8011$</field>
    <description>The browser was unable to add a configuration parameter</description>
    <options>no_full_log</options>
  </rule>

  <rule id="61125" level="3">
    <if_sid>61113</if_sid>
    <field name="win.system.eventID">^8012$</field>
    <description>The browser driver has received an election packet</description>
    <options>no_full_log</options>
  </rule>

  <rule id="61126" level="10">
    <if_sid>61113</if_sid>
    <field name="win.system.eventID">^8016$</field>
    <description>The browser driver has received too many illegal datagrams from the remote computer</description>
    <options>no_full_log</options>
    <mitre>
      <id>T1203</id>
      <id>T1499</id>
    </mitre>
  </rule>

  <rule id="61127" level="5">
    <if_sid>61113</if_sid>
    <field name="win.system.eventID">^8019$|^8020$</field>
    <description>The browser was unable to promote itself to master browser</description>
    <options>no_full_log</options>
  </rule>

  <rule id="61128" level="5">
    <if_sid>61113</if_sid>
    <field name="win.system.eventID">^8021$</field>
    <description>The browser was unable to retrieve a list of servers from the browser master on the network</description>
    <options>no_full_log</options>
  </rule>

  <rule id="61129" level="5">
    <if_sid>61113</if_sid>
    <field name="win.system.eventID">^8022$</field>
    <description>The browser was unable to retrieve a list of domains from the browser master on the network</description>
    <options>no_full_log</options>
  </rule>

  <rule id="61130" level="8">
    <if_sid>61113</if_sid>
    <field name="win.system.eventID">^8023$</field>
    <description>The value for the parameter to the browser service was illegal</description>
    <mitre>
      <id>T1203</id>
      <id>T1555.003</id>
    </mitre>
    <options>no_full_log</options>
  </rule>

  <rule id="61131" level="5">
    <if_sid>61113</if_sid>
    <field name="win.system.eventID">^8029$</field>
    <description>The browser driver was unable to initialize variables from the Registry</description>
    <options>no_full_log</options>
  </rule>

  <rule id="61132" level="10">
    <if_sid>61113</if_sid>
    <field name="win.system.eventID">^8030$</field>
    <description>The browser driver has discarded too many mailslot messages</description>
    <options>no_full_log</options>
    <mitre>
      <id>T1203</id>
      <id>T1499</id>
    </mitre>
  </rule>

  <rule id="61133" level="5">
    <if_sid>61113</if_sid>
    <field name="win.system.eventID">^8031$</field>
    <description>The browser driver has discarded too many GetBrowserServerList requests</description>
    <options>no_full_log</options>
    <mitre>
      <id>T1203</id>
    </mitre>
  </rule>

  <rule id="61134" level="5">
    <if_sid>61113</if_sid>
    <field name="win.system.eventID">^8032$</field>
    <description>The browser service has failed to retrieve the backup list too many times on transport</description>
    <options>no_full_log</options>
  </rule>

  <rule id="61135" level="5">
    <if_sid>61113</if_sid>
    <field name="win.system.eventID">^8033$</field>
    <description>The browser has forced an election on network because a master browser was stopped</description>
    <options>no_full_log</options>
    <mitre>
      <id>T1489</id>
    </mitre>
  </rule>

  <rule id="61136" level="5">
    <if_sid>61113</if_sid>
    <field name="win.system.eventID">^8035$</field>
    <description>The browser has forced an election on network because the Domain Controller (or Server) has changed its role</description>
    <options>no_full_log</options>
  </rule>

  <rule id="61137" level="10">
    <if_sid>61113</if_sid>
    <field name="win.system.eventID">^10051$</field>
    <description>Some errors occur aproximately every three seconds</description>
    <options>no_full_log</options>
  </rule>

  <rule id="61138" level="5">
    <if_sid>61100</if_sid>
    <field name="win.system.eventID">^7045$</field>
    <description>New Windows Service Created</description>
    <mitre>
      <id>T1543.003</id>
    </mitre>
    <options>no_full_log</options>
    <options>no_email_alert</options>
  </rule>

</group>

