<!--
  -  Vipre rules
  -  Created by Wazuh, Inc.
  -  Copyright (C) 2015, Wazuh Inc.
  -  This program is a free software; you can redistribute it and/or modify it under the terms of GPLv2.
-->


<group name="vipre,">

<rule id="90499" level="3">
    <if_sid>60600</if_sid>
    <match>SBAMSvc</match>
    <description>Vipre informational message</description>
    <options>no_full_log</options>
</rule>

<rule id="90500" level="5">
    <if_sid>60600</if_sid>
    <field name="win.system.eventID">^4097$</field>
    <description>System shutdown complete</description>
    <options>no_full_log</options>
</rule>
  
  
<rule id="90501" level="7">
    <if_sid>60600</if_sid>
    <field name="win.system.eventID">^4098$</field>
    <description>User initiated shutdown</description>
    <mitre>
      <id>T1529</id>
    </mitre>
    <options>no_full_log</options>
</rule>
  
<rule id="90502" level="3">
    <if_sid>60600</if_sid>
    <field name="win.system.eventID">^4099$</field>
    <description>Service started application version</description>
    <options>no_full_log</options>
</rule>
 
<rule id="90503" level="5">
    <if_sid>60600</if_sid>
    <field name="win.system.eventID">^4100$</field>
    <description>Service paused</description>
    <options>no_full_log</options>
</rule>
 
<rule id="90504" level="3">
    <if_sid>60600</if_sid>
    <field name="win.system.eventID">^4101$</field>
    <description>Service resumed</description>
    <options>no_full_log</options>
</rule>

<rule id="90505" level="5">
    <if_sid>60600</if_sid>
    <field name="win.system.eventID">^4102$</field>
    <description>The transfer of one or more threatNet files failed</description>
    <options>no_full_log</options>
</rule>   
 
<rule id="90506" level="5">
    <if_sid>60600</if_sid>
    <field name="win.system.eventID">^4103$</field>
    <description>Transfer occured</description>
    <options>no_full_log</options>
</rule>

<rule id="90507" level="6">
    <if_sid>60600</if_sid>
    <field name="win.system.eventID">^4104$</field>
    <description>The start of the ThreatNet controller failed</description>
    <options>no_full_log</options>
</rule>

<rule id="90508" level="3">
    <if_sid>60600</if_sid>
    <field name="win.system.eventID">^4105$</field>
    <description>Active protection enabled</description>
    <options>no_full_log</options>
</rule>

<rule id="90509" level="7">
    <if_sid>60600</if_sid>
    <field name="win.system.eventID">^4106$</field>
    <description>Active protection disabled</description>
    <mitre>
      <id>T1562.001</id>
    </mitre>
    <options>no_full_log</options>
</rule>

<rule id="90510" level="5">
    <if_sid>60600</if_sid>
    <field name="win.system.eventID">^4108$</field>
    <description>Active protection could not be enabled</description>
    <options>no_full_log</options>
</rule>

<rule id="90511" level="5">
    <if_sid>60600</if_sid>
    <field name="win.system.eventID">^4109$</field>
    <description>Active protection could not be disabled</description>
    <options>no_full_log</options>
</rule>

<rule id="90512" level="4">
    <if_sid>60600</if_sid>
    <field name="win.system.eventID">^4110$</field>
    <description>Active protection requires a reboot to fully protect your computer</description>
    <options>no_full_log</options>
</rule>

<rule id="90513" level="4">
    <if_sid>60600</if_sid>
    <field name="win.system.eventID">^4111$</field>
    <description>Active protection could not be enabled because there are no threat definitions</description>
    <options>no_full_log</options>
</rule>

<rule id="90514" level="3">
    <if_sid>60600</if_sid>
    <field name="win.system.eventID">^4112$</field>
    <description>Manual software update downloaded</description>
    <options>no_full_log</options>
</rule>

<rule id="90515" level="3">
    <if_sid>60600</if_sid>
    <field name="win.system.eventID">^4113$</field>
    <description>Scheduled software update downloaded</description>
    <options>no_full_log</options>
</rule>
 
<rule id="90516" level="4">
    <if_sid>60600</if_sid>
    <field name="win.system.eventID">^4114$</field>
    <description>Vipre was unable to complete the check for software updates</description>
    <options>no_full_log</options>
</rule>

<rule id="90517" level="4">
    <if_sid>60600</if_sid>
    <field name="win.system.eventID">^4115$</field>
    <description>Vipre was unable to complete the check for software updates. It will retry on the next update event</description>
    <options>no_full_log</options>
</rule>
 
<rule id="90518" level="5">
    <if_sid>60600</if_sid>
    <field name="win.system.eventID">^4116$</field>
    <description>The start of the software update controller failed</description>
    <options>no_full_log</options>
</rule>

<rule id="90519" level="3">
    <if_sid>60600</if_sid>
    <field name="win.system.eventID">^4121$</field>
    <description>Definitions update applied</description>
    <options>no_full_log</options>
</rule>

<rule id="90520" level="4">
    <if_sid>60600</if_sid>
    <field name="win.system.eventID">^4122$</field>
    <description>Definitions update cancelled</description>
    <options>no_full_log</options>
</rule>

<rule id="90521" level="4">
    <if_sid>60600</if_sid>
    <field name="win.system.eventID">^4123$</field>
    <description>Vipre was unable to complete the check for threat definitions updates</description>
    <options>no_full_log</options>
</rule>

<rule id="90522" level="4">
    <if_sid>60600</if_sid>
    <field name="win.system.eventID">^4124$</field>
    <description>Vipre was unable to complete the check for threat definitions updates. It will retry on the next update event</description>
    <options>no_full_log</options>
</rule>

<rule id="90523" level="6">
    <if_sid>60600</if_sid>
    <field name="win.system.eventID">^4125$</field>
    <description>Start of threat definitions controller failed</description>
    <options>no_full_log</options>
</rule>

<rule id="90524" level="4">
    <if_sid>60600</if_sid>
    <field name="win.system.eventID">^4126$</field>
    <description>Cannot update threat definitions because your registration is expired</description>
    <options>no_full_log</options>
</rule>

<rule id="90525" level="3">
    <if_sid>60600</if_sid>
    <field name="win.system.eventID">^4129$</field>
    <description>Completed scheduled deep scan</description>
    <options>no_full_log</options>
</rule>

<rule id="90526" level="3">
    <if_sid>60600</if_sid>
    <field name="win.system.eventID">^4130$</field>
    <description>Completed manual deep scan</description>
    <options>no_full_log</options>
</rule>

<rule id="90527" level="3">
    <if_sid>60600</if_sid>
    <field name="win.system.eventID">^4131$</field>
    <description>Completed scheduled quick scan</description>
    <options>no_full_log</options>
</rule>

<rule id="90528" level="3">
    <if_sid>60600</if_sid>
    <field name="win.system.eventID">^4132$</field>
    <description>Completed manual quick scan</description>
    <options>no_full_log</options>
</rule>

<rule id="90529" level="3">
    <if_sid>60600</if_sid>
    <field name="win.system.eventID">^4133$</field>
    <description>Completed scheduled custom scan</description>
    <options>no_full_log</options>
</rule>

<rule id="90530" level="3">
    <if_sid>60600</if_sid>
    <field name="win.system.eventID">^4134$</field>
    <description>Completed manual custom scan</description>
    <options>no_full_log</options>
</rule>

<rule id="90531" level="4">
    <if_sid>60600</if_sid>
    <field name="win.system.eventID">^4135$</field>
    <description>Scan cancelled</description>
    <options>no_full_log</options>
</rule>

<rule id="90532" level="4">
    <if_sid>60600</if_sid>
    <field name="win.system.eventID">^4136$</field>
    <description>Reboot required</description>
    <options>no_full_log</options>
</rule>

<rule id="90533" level="4">
    <if_sid>60600</if_sid>
    <field name="win.system.eventID">^4137$</field>
    <description>A scan of your computer failed because there are no threat definitions</description>
    <options>no_full_log</options>
</rule>

<rule id="90534" level="5">
    <if_sid>60600</if_sid>
    <field name="win.system.eventID">^4138$</field>
    <description>Start of the scan controller failed</description>
    <options>no_full_log</options>
</rule>

<rule id="90535" level="4">
    <if_sid>60600</if_sid>
    <field name="win.system.eventID">^4139$</field>
    <description>An item has been quarantined</description>
    <options>no_full_log</options>
</rule>

<rule id="90536" level="4">
    <if_sid>60600</if_sid>
    <field name="win.system.eventID">^4140$</field>
    <description>An item has been restored from quarantine</description>
    <options>no_full_log</options>
</rule>

<rule id="90537" level="6">
    <if_sid>60600</if_sid>
    <field name="win.system.eventID">^4141$</field>
    <description>An item has been deleted from quarantine</description>
    <mitre>
        <id>T1070.004</id>
    </mitre>
    <options>no_full_log</options>
</rule>

<rule id="90538" level="4">
    <if_sid>60600</if_sid>
    <field name="win.system.eventID">^4142$</field>
    <description>The quarantine has been purged</description>
    <options>no_full_log</options>
</rule>

<rule id="90539" level="5">
    <if_sid>60600</if_sid>
    <field name="win.system.eventID">^4143$</field>
    <description>The quarantine controller could not be started</description>
    <options>no_full_log</options>
</rule>

<rule id="90540" level="3">
    <if_sid>60600</if_sid>
    <field name="win.system.eventID">^4145$</field>
    <description>Email AV enabled</description>
    <options>no_full_log</options>
</rule>

<rule id="90541" level="4">
    <if_sid>60600</if_sid>
    <field name="win.system.eventID">^4146$</field>
    <description>Email AV disabled</description>
    <options>no_full_log</options>
</rule>

<rule id="90542" level="4">
    <if_sid>60600</if_sid>
    <field name="win.system.eventID">^4147$</field>
    <description>Email protection is enabled but the drivers are not loaded</description>
    <options>no_full_log</options>
</rule>

<rule id="90543" level="5">
    <if_sid>60600</if_sid>
    <field name="win.system.eventID">^4148$</field>
    <description>The scan of an email item failed</description>
    <options>no_full_log</options>
</rule>

<rule id="90544" level="5">
    <if_sid>60600</if_sid>
    <field name="win.system.eventID">^4149$</field>
    <description>The scan of an email item failed because there are no threat definitions</description>
    <options>no_full_log</options>
</rule>

<rule id="90545" level="3">
    <if_sid>60600</if_sid>
    <field name="win.system.eventID">^4250$</field>
    <description>Registration state changed</description>
    <options>no_full_log</options>
</rule>

<rule id="90546" level="5">
    <if_sid>60600</if_sid>
    <field name="win.system.eventID">^4151$</field>
    <description>The registration controller could not be started</description>
    <options>no_full_log</options>
</rule>

<rule id="90547" level="5">
    <if_sid>60600</if_sid>
    <field name="win.system.eventID">^4153$</field>
    <description>The scan control could not complete its scan</description>
    <options>no_full_log</options>
</rule>

<rule id="90548" level="3">
    <if_sid>60600</if_sid>
    <field name="win.system.eventID">^4159$</field>
    <description>A scheduled scan was missed because the machine was powered off</description>
    <options>no_full_log</options>
</rule>

<rule id="90549" level="4">
    <if_sid>60600</if_sid>
    <field name="win.system.eventID">^4160$</field>
    <description>Quarantine of an item failed</description>
    <options>no_full_log</options>
</rule>

<rule id="90550" level="5">
    <if_sid>60600</if_sid>
    <field name="win.system.eventID">^4161$</field>
    <description>Restore of an item from quarantine failed</description>
    <options>no_full_log</options>
</rule>

<rule id="90551" level="4">
    <if_sid>60600</if_sid>
    <field name="win.system.eventID">^4162$</field>
    <description>Delete of an from quarantine failed</description>
    <options>no_full_log</options>
</rule>


<rule id="90552" level="4">
    <if_sid>60600</if_sid>
    <field name="win.system.eventID">^4163$</field>
    <description>The quarantine purge failed</description>
    <options>no_full_log</options>
</rule>

<rule id="90553" level="3">
    <if_sid>60600</if_sid>
    <field name="win.system.eventID">^4165$</field>
    <description>Firewall enabled</description>
    <options>no_full_log</options>
</rule>

<rule id="90554" level="5">
    <if_sid>60600</if_sid>
    <field name="win.system.eventID">^4166$</field>
    <description>Firewall disabled</description>
    <options>no_full_log</options>
</rule>

<rule id="90555" level="3">
    <if_sid>60600</if_sid>
    <field name="win.system.eventID">^4167$</field>
    <description>IDS enabled</description>
    <options>no_full_log</options>
</rule>

<rule id="90556" level="5">
    <if_sid>60600</if_sid>
    <field name="win.system.eventID">^4168$</field>
    <description>IDS disabled</description>
    <options>no_full_log</options>
</rule>

<rule id="90557" level="3">
    <if_sid>60600</if_sid>
    <field name="win.system.eventID">^4169$</field>
    <description>Web filtering enabled</description>
    <options>no_full_log</options>
</rule>

<rule id="90558" level="5">
    <if_sid>60600</if_sid>
    <field name="win.system.eventID">^4170$</field>
    <description>Web filtering disabled</description>
    <options>no_full_log</options>
</rule>

<rule id="90559" level="3">
    <if_sid>60600</if_sid>
    <field name="win.system.eventID">^4171$</field>
    <description>Bad web site blocking enabled</description>
    <options>no_full_log</options>
</rule>

<rule id="90560" level="5">
    <if_sid>60600</if_sid>
    <field name="win.system.eventID">^4172$</field>
    <description>Bad web site blocking disabled</description>
    <options>no_full_log</options>
</rule>

<rule id="90561" level="3">
    <if_sid>60600</if_sid>
    <field name="win.system.eventID">^4173$</field>
    <description>HIPS enabled</description>
    <options>no_full_log</options>
</rule>

<rule id="90562" level="5">
    <if_sid>60600</if_sid>
    <field name="win.system.eventID">^4174$</field>
    <description>HIPS disabled</description>
    <options>no_full_log</options>
</rule>

<rule id="90563" level="4">
    <if_sid>60600</if_sid>
    <field name="win.system.eventID">^4175$</field>
    <description>Firewall resume all traffic</description>
    <options>no_full_log</options>
</rule>

<rule id="90564" level="5">
    <if_sid>60600</if_sid>
    <field name="win.system.eventID">^4176$</field>
    <description>Firewall stops all traffic</description>
    <options>no_full_log</options>
</rule>

<rule id="90565" level="4">
    <if_sid>60600</if_sid>
    <field name="win.system.eventID">^4177$</field>
    <description>Active protection blocked a process from accessing a file</description>
    <options>no_full_log</options>
</rule>

</group>


