<!--
  -  Windows Event Channel ruleset
  -  Created by Wazuh, Inc.
  -  Copyright (C) 2015, Wazuh Inc.
  -  This program is a free software; you can redistribute it and/or modify it under the terms of GPLv2.
-->

<!--
  -  ID range: 64100 - 64599
-->

<!-- Group of Windows rules from non-defined channel -->

<var name="MS_FREQ">8</var>

<group name="windows,">

  <rule id="64100" level="0">
    <if_sid>60009,60010,60011,60012</if_sid>
    <field name="win.system.channel">^File Replication Service$</field>
    <description>Group of Windows rules for Remote Access</description>
    <options>no_full_log</options>
  </rule>

  <rule id="64101" level="5">
    <if_sid>64100</if_sid>
    <field name="win.system.eventID">^20187$|^20014$|^20078$|^20050$|^20049$|^20189$</field>
    <description>Remote access login failure</description>
    <options>no_full_log</options>
    <group>authentication_failed,pci_dss_10.2.4,pci_dss_10.2.5,pci_dss_8.1.5,gpg13_7.1,gdpr_IV_35.7.d,gdpr_IV_32.2,hipaa_164.312.b,hipaa_164.312.a.1,nist_800_53_AU.14,nist_800_53_AC.7,nist_800_53_AC.2,tsc_CC6.1,tsc_CC6.8,tsc_CC7.2,tsc_CC7.3,</group>
  </rule>

  <rule id="64102" level="3">
    <if_sid>64100</if_sid>
    <field name="win.system.eventID">^20158$</field>
    <description>Remote access login success</description>
    <options>no_full_log</options>
    <mitre>
      <id>T1078</id>
    </mitre>
    <group>authentication_success,pci_dss_10.2.5,pci_dss_8.1.5,gpg13_7.1,gpg13_7.2,gdpr_IV_35.7.d,gdpr_IV_32.2,hipaa_164.312.b,hipaa_164.312.a.1,nist_800_53_AU.14,nist_800_53_AC.7,nist_800_53_AC.2,tsc_CC6.8,tsc_CC7.2,tsc_CC7.3,tsc_CC6.1,</group>
  </rule>

  <rule id="64103" level="8">
    <if_sid>64100</if_sid>
    <field name="win.system.eventID">^13570$</field>
    <description>Windows file system full</description>
    <options>no_full_log</options>
    <group>low_diskspace,pci_dss_10.6.1,gpg13_4.1,gdpr_IV_35.7.d,hipaa_164.312.b,nist_800_53_AU.6,tsc_CC7.2,tsc_CC7.3,</group>
  </rule>

  <rule id="64104" level="0">
    <if_sid>60009,60010,60011,60012</if_sid>
    <field name="win.system.channel">^Microsoft-Windows-TerminalServices-Gateway/Operational$</field>
    <description>Group of Windows rules for Terminal Services</description>
    <options>no_full_log</options>
  </rule>

  <rule id="64105" level="3">
    <if_sid>64104</if_sid>
    <field name="win.system.eventID">^200$|^300$|^302$</field>
    <description>TS Gateway login success</description>
    <options>no_full_log</options>
    <mitre>
      <id>T1078</id>
    </mitre>
    <group>authentication_success,pci_dss_10.2.5,gpg13_7.1,gpg13_7.2,gdpr_IV_32.2,hipaa_164.312.b,nist_800_53_AU.14,nist_800_53_AC.7,tsc_CC6.8,tsc_CC7.2,tsc_CC7.3,</group>
  </rule>

  <rule id="64106" level="0">
    <if_sid>64105</if_sid>
    <field name="win.system.message">\.*The database engine has successfully completed recovery steps|The database engine is initiating recovery steps|A missing flash device has reappeared</field>
    <description>Ignore rule 64105: not related to TS Gateway</description>
    <options>no_full_log</options>
  </rule>

  <rule id="64107" level="5">
    <if_sid>64104</if_sid>
    <field name="win.system.eventID">^201$|^203$|^204$|^301$|^304$|^305$|^306$|^1001$</field>
    <description>TS Gateway login failure</description>
    <options>no_full_log</options>
    <group>authentication_failed,pci_dss_10.2.4,pci_dss_10.2.5,gpg13_7.1,gdpr_IV_35.7.d,gdpr_IV_32.2,hipaa_164.312.b,nist_800_53_AU.14,nist_800_53_AC.7,tsc_CC6.1,tsc_CC6.8,tsc_CC7.2,tsc_CC7.3,</group>
  </rule>

  <rule id="64108" level="3">
    <if_sid>64104</if_sid>
    <field name="win.system.eventID">^202$|^303$</field>
    <description>TS Gateway user disconnected</description>
    <options>no_full_log</options>
  </rule>
  
  <rule id="64109" level="10" frequency="$MS_FREQ" timeframe="240">
    <if_matched_sid>64101</if_matched_sid>
    <description>Multiple remote access login failures</description>
    <mitre>
      <id>T1110</id>
    </mitre>
    <options>no_full_log</options>
    <group>authentication_failures,pci_dss_10.2.4,pci_dss_10.2.5,pci_dss_11.4,pci_dss_8.1.5,gdpr_IV_35.7.d,gdpr_IV_32.2,hipaa_164.312.b,hipaa_164.312.a.1,nist_800_53_AU.14,nist_800_53_AC.7,nist_800_53_SI.4,nist_800_53_AC.2,tsc_CC6.1,tsc_CC6.8,tsc_CC7.2,tsc_CC7.3,</group>
  </rule>

  <rule id="64110" level="10" frequency="$MS_FREQ" timeframe="240">
    <if_matched_sid>64107</if_matched_sid>
    <description>Multiple TS Gateway login failures</description>
    <mitre>
      <id>T1110</id>
    </mitre>
    <options>no_full_log</options>
    <group>authentication_failures,pci_dss_10.2.4,pci_dss_10.2.5,pci_dss_11.4,gdpr_IV_35.7.d,gdpr_IV_32.2,hipaa_164.312.b,nist_800_53_AU.14,nist_800_53_AC.7,nist_800_53_SI.4,tsc_CC6.1,tsc_CC6.8,tsc_CC7.2,tsc_CC7.3,</group>
  </rule>

</group>
