<!--
  Copyright (C) 2015, Wazuh Inc.

  Rules for:
    NexCloud ID: 88200 - 88299
-->

<!--
  Two log sources are valid for NextCloud rules:

  To use the NextCloud decoder paste the following in /var/ossec/etc/ossec.conf:
  <localfile>
    <location>ABSOLUTE_PATH_TO_YOUR_NEXTCLOUD_.json_LOG_FILE</location>
    <log_format>json</log_format>
    <label key="@source">NextCloud</label>
  </localfile>

  If you enabled audit in your Nextcloud system you may use those logs instead.
  Paste the following in /var/ossec/etc/ossec.conf:
  <localfile>
    <location>ABSOLUTE_PATH_TO_YOUR_AUDIT_.json_LOG_FILE</location>
    <log_format>json</log_format>
    <label key="@source">NextCloud</label>
  </localfile>
-->

<group name="json,nextcloud,">

  <rule id="88200" level="0">
    <decoded_as>json</decoded_as>
    <field name="@source">NextCloud</field>
    <options>no_full_log</options>
    <description>NextCloud messages grouped.</description>
  </rule>

  <rule id="88201" level="0">
    <decoded_as>nextcloud</decoded_as>
    <options>no_full_log</options>
    <description>NextCloud messages grouped.</description>
  </rule>

  <rule id="88212" level="6">
    <if_sid>88200,88201</if_sid>
    <match>Login failed: </match>
    <options>no_full_log</options>
    <description>NextCloud authentication failed.</description>
    <group>authentication_failed,gdpr_IV_32.2,gdpr_IV_35.7.d,hipaa_164.312.b,nist_800_53_AC.7,nist_800_53_AU.14,pci_dss_10.2.4,pci_dss_10.2.5,tsc_CC6.1,tsc_CC6.8,tsc_CC7.2,tsc_CC7.3,</group>
  </rule>
  
  <rule id="88202" level="1">
    <if_sid>88200,88201</if_sid>
    <match>Login attempt: </match>
    <options>no_full_log</options>
    <description>NextCloud authentication attempt.</description>
    <group>gdpr_IV_32.2,gdpr_IV_35.7.d,hipaa_164.312.b,nist_800_53_AC.7,nist_800_53_AU.14,pci_dss_10.2.5,tsc_CC6.1,tsc_CC6.8,tsc_CC7.2,tsc_CC7.3,</group>
  </rule>

  <rule id="88203" level="10" frequency="8" timeframe="120">
    <if_matched_sid>88212</if_matched_sid>
    <options>no_full_log</options>
    <description>NextCloud brute force (multiple failed logins).</description>
    <mitre>
      <id>T1110</id>
    </mitre>
    <group>authentication_failures,gdpr_IV_32.2,gdpr_IV_35.7.d,hipaa_164.312.b,nist_800_53_AC.7,nist_800_53_AU.14,nist_800_53_SI.4,pci_dss_10.2.4,pci_dss_10.2.5,pci_dss_11.4,tsc_CC6.1,tsc_CC6.8,tsc_CC7.2,tsc_CC7.3,</group>
  </rule>

  <rule id="88204" level="3">
    <if_sid>88200,88201</if_sid>
    <match>Passed filename is not valid, might be malicious </match>
    <options>no_full_log</options>
    <description>NextCloud possible malicious request.</description>
    <group>appsec,attack,gdpr_IV_35.7.d,nist_800_53_SA.11,nist_800_53_SI.4,pci_dss_6.5,pci_dss_11.4,tsc_CC6.1,tsc_CC6.6,tsc_CC6.8,tsc_CC7.1,tsc_CC7.2,tsc_CC7.3,tsc_CC8.1,web,</group>
  </rule>

  <rule id="88205" level="8">
    <if_sid>88200,88201</if_sid>
    <field name="level">^4$</field>
    <options>no_full_log</options>
    <description>NextCloud FATAL message.</description>
    <group>gdpr_IV_35.7.d,</group>
  </rule>

  <rule id="88206" level="7">
    <if_sid>88200,88201</if_sid>
    <field name="level">^3$</field>
    <options>no_full_log</options>
    <description>NextCloud ERROR message.</description>
  </rule>

  <rule id="88207" level="3">
    <if_sid>88200,88201</if_sid>
    <field name="level">^2$</field>
    <options>no_full_log</options>
    <description>NextCloud WARN message.</description>
  </rule>

  <rule id="88208" level="2">
    <if_sid>88200,88201</if_sid>
    <field name="level">^1$</field>
    <options>no_full_log</options>
    <description>NextCloud INFO message.</description>
  </rule>

  <rule id="88209" level="1">
    <if_sid>88200,88201</if_sid>
    <field name="level">^0$</field>
    <options>no_full_log</options>
    <description>NextCloud DEBUG message.</description>
  </rule>

  <rule id="88210" level="3">
    <if_sid>88200,88201</if_sid>
    <match>Logout occurred</match>
    <options>no_full_log</options>
    <description>NextCloud logout successful.</description>
    <group>gdpr_IV_32.2,gdpr_IV_35.7.d,hipaa_164.312.b,nist_800_53_AC.7,nist_800_53_AU.14,tsc_CC6.1,tsc_CC6.8,tsc_CC7.2,tsc_CC7.3,</group>
  </rule>

  <rule id="88211" level="3">
    <if_sid>88200,88201</if_sid>
    <match>Login successful: </match>
    <options>no_full_log</options>
    <description>NextCloud authentication successful.</description>
    <group>authentication_success,gdpr_IV_32.2,gdpr_IV_35.7.d,hipaa_164.312.b,nist_800_53_AC.7,nist_800_53_AU.14,tsc_CC6.1,tsc_CC6.8,tsc_CC7.2,tsc_CC7.3,</group>
  </rule>

  <rule id="88213" level="3">
    <if_sid>88200,88201</if_sid>
    <match>File accessed: </match>
    <options>no_full_log</options>
    <description>NextCloud file accessed.</description>
    <group>gdpr_IV_32.2,gdpr_IV_35.7.d,hipaa_164.312.b,nist_800_53_AC.7,nist_800_53_AU.14,tsc_CC6.1,tsc_CC6.8,tsc_CC7.2,tsc_CC7.3,</group>
  </rule>

  <rule id="88214" level="3">
    <if_sid>88200,88201</if_sid>
    <match>File created: </match>
    <options>no_full_log</options>
    <description>NextCloud file created.</description>
    <group>gdpr_IV_32.2,gdpr_IV_35.7.d,hipaa_164.312.b,nist_800_53_AC.7,nist_800_53_AU.14,pci_dss_11.5,tsc_CC6.1,tsc_CC6.8,tsc_CC7.2,tsc_CC7.3,</group>
  </rule>

  <rule id="88215" level="3">
    <if_sid>88200,88201</if_sid>
    <match>File deleted: </match>
    <options>no_full_log</options>
    <description>NextCloud file deleted.</description>
    <group>gdpr_IV_32.2,gdpr_IV_35.7.d,hipaa_164.312.b,nist_800_53_AU.14,pci_dss_11.5,tsc_CC6.1,tsc_CC6.8,tsc_CC7.2,tsc_CC7.3,</group>
  </rule>

  <rule id="88216" level="3">
    <if_sid>88200,88201</if_sid>
    <match>Preview accessed: </match>
    <options>no_full_log</options>
    <description>NextCloud preview accessed.</description>
    <group>gdpr_IV_32.2,gdpr_IV_35.7.d,hipaa_164.312.b,nist_800_53_AC.7,nist_800_53_AU.14,tsc_CC6.1,tsc_CC6.8,tsc_CC7.2,tsc_CC7.3,</group>
  </rule>

</group>
