<!--
  - Junos rules
  - Created by Wazuh, Inc.
  - Copyright (C) 2015, Wazuh Inc.
  - This program is a free software; you can redistribute it and/or modify it under the terms of GPLv2.
-->

<group name="junos-ids,junos,rsyslog,">

    <rule id="67100" level="0">
        <decoded_as>junos-ids</decoded_as>
        <description>Junos IDS</description>
    </rule>

    <rule id="67101" level="10">
        <if_sid>67100</if_sid>
        <description>Junos IDS: $(attack.name)</description>
    </rule>

</group>

<group name="rsyslog,junos,junos-rtflow,">

    <rule id="67102" level="0">
        <decoded_as>junos-rt-flow</decoded_as>
        <description>Junos RT Flow</description>
    </rule>

    <rule id="67103" level="5">
        <if_sid>67102</if_sid>
        <description>Junos RT flow: $(subcat)</description>
    </rule> 
</group> 