<!--
  -  Panda Advanced Protection Service (PAPS) rules
  -  Created by Wazuh, Inc.
  -  Copyright (C) 2015, Wazuh Inc.
  -  This program is a free software; you can redistribute it and/or modify it under the terms of GPLv2.
-->

<group name="paps,">
  <rule id="64200" level="0">
    <decoded_as>paps</decoded_as>
    <description>PANDA Antivirus event.</description>
  </rule>

  <rule id="64201" level="7">
    <if_sid>64200</if_sid>
    <match>Alert</match>
    <description>Panda: Alert message received.</description>
  </rule>
  
  <rule id="64202" level="4">
    <if_sid>64200</if_sid>
    <field name="Severity">3|4</field>
    <description>Panda Security: Low severity event detected. Category: $(Cat)</description>
  </rule>
  
  <rule id="64203" level="4">
    <if_sid>64200</if_sid>
    <field name="Severity">5|6</field>
    <description>Panda Security: Medium severity event detected. Category: $(Cat)</description>
  </rule>
  
  <rule id="64204" level="12">
    <if_sid>64200</if_sid>
    <field name="Severity">7|8</field>
    <description>Panda Security: High severity alert detected. Category: $(Cat)</description>
  </rule>
  
  <rule id="64205" level="14">
    <if_sid>64200</if_sid>
    <field name="Severity">9|10</field>
    <description>Panda Security: Very high severity alert detected! Category: $(Cat)</description>
  </rule>

  <rule id="64206" level="7">
    <if_sid>64200</if_sid>
    <field name="ChildBroken">true</field>
    <description>Panda Security: The child process is corrupted or defective.</description>
  </rule>
  
  <rule id="64207" level="7">
    <if_sid>64200</if_sid>
    <field name="ParentBroken">true</field>
    <description>Panda Security: The parent process is corrupted or defective.</description>
  </rule>
  
  <rule id="64208" level="7">
    <if_sid>64200</if_sid>
	<field name="Broken">true</field>
    <description>Panda Security: The file is corrupted or defective.</description>
  </rule>
 
</group>