<!--
  -  CheckPoint Smart-1 Firewalls rules
  -  Created by Wazuh, Inc.
  -  Copyright (C) 2015, Wazuh Inc.
  -  This program is a free software; you can redistribute it and/or modify it under the terms of GPLv2.
-->

<group name="checkpoint-smart1,">

    <rule id="64220" level="0">
        <decoded_as>checkpoint-smart1</decoded_as>
        <description>Checkpoint events.</description>
    </rule>

    <rule id="64221" level="0">
        <if_sid>64220</if_sid>
        <field name="fw_action">Accept</field>
        <description>Accept: Connection Accepted.</description>
    </rule>
	
    <rule id="64222" level="4">
        <if_sid>64220</if_sid>
        <field name="fw_action">Drop</field>
        <description>Drop: Prohibit a packet from passing. Send no response.</description>
    </rule>

    <rule id="64223" level="9">
        <if_sid>64220</if_sid>
        <field name="fw_action">Reject</field>
        <description>Reject: Prohibit a packet from passing. Send an ICMP destination-unreachable back to the source host.</description>
        <mitre>
            <id>T1095</id>
        </mitre>
    </rule>

    <rule id="64224" level="2">
        <if_sid>64220</if_sid>
        <field name="fw_action">Encrypt</field>
        <description>Encrypt: Connection Encrypted</description>
    </rule>
	
	<rule id="64225" level="2">
        <if_sid>64220</if_sid>
        <field name="fw_action">Decrypt</field>
        <description>Decrypt: Connection Decrypted</description>
    </rule>

	<rule id="64226" level="2">
        <if_sid>64220</if_sid>
        <match>Key Install</match>
        <description>Key Install: Encryption keys were created.</description>
    </rule>	

	<rule id="64227" level="4">
        <if_sid>64220</if_sid>
        <field name="fw_action">Monitored</field>
        <description>Monitored: A security event was monitored; however, it was not blocked, due to the current configuration.</description>
    </rule>
	
	<rule id="64228" level="3">
        <if_sid>64220</if_sid>
        <field name="fw_action">Bypass</field>
        <description>Bypass: The connection passed transparently through InterSpect.</description>
    </rule>

	<rule id="64229" level="0">
        <if_sid>64220</if_sid>
        <field name="fw_action">Flag</field>
        <description>Flag: Flags the connection.</description>
    </rule>

	<rule id="64230" level="3">
        <if_sid>64220</if_sid>
        <field name="fw_action">Login</field>
        <description>Login: A user logged into the system.</description>
    </rule>

	<rule id="64231" level="3">
        <if_sid>64220</if_sid>
        <match>VPN routing</match>
        <description>VPN routing: The connection was routed through the gateway acting as a central hub.</description>
    </rule>
	
	<rule id="64232" level="3">
        <if_sid>64220</if_sid>
        <field name="fw_action">Deauthorize</field>
        <description>Deauthorize: Client Authentication logoff.</description>
    </rule>

	<rule id="64233" level="3">
        <if_sid>64220</if_sid>
        <field name="fw_action">Authorize</field>
        <description>Authorize: Client Authentication logon.</description>
    </rule>

	<rule id="64234" level="7">
        <if_sid>64220</if_sid>
        <field name="fw_action">Block</field>
        <description>Block: Connection blocked by Interspect.</description>
    </rule>	
	
	<rule id="64235" level="3">
        <if_sid>64220</if_sid>
        <field name="fw_action">Detect</field>
        <description>Detect: Connection was detected by Interspect.</description>
    </rule>	
	
	<rule id="64236" level="4">
        <if_sid>64220</if_sid>
        <field name="fw_action">Inspect</field>
        <description>Inspect: Connection was subject to a configured protections.</description>
    </rule>	
	
	<rule id="64237" level="7">
        <if_sid>64220</if_sid>
        <field name="fw_action">Quarantine</field>
        <description>Quarantine: The IP source address of the connection was quarantined.</description>
    </rule>	
	
	<rule id="64238" level="7">
        <if_sid>64220</if_sid>
        <match>Replace Malicious code</match>
        <description>Replace Malicious code: Malicious code in the connection was replaced.</description>
        <mitre>
            <id>T1001</id>
        </mitre>
    </rule>	
		
	<rule id="64239" level="3">
        <if_sid>64220</if_sid>
        <field name="fw_action">Allow</field>
        <description>Allow: The firewall allowed a URL.</description>
    </rule>	
	
</group>