<!--
  -  Copyright (C) 2015, Wazuh Inc.
-->

<!--
  GCP rules ID: 65000 - 65499
-->

<group name="gcp,">
  <!-- GCP Wodle -->
  <rule id="65000" level="0">
    <decoded_as>json</decoded_as>
    <field name="integration">gcp</field>
    <options>no_full_log</options>
    <description>GCP alert.</description>
  </rule>

  <rule id="65001" level="0">
    <if_sid>65000</if_sid>
    <field name="gcp.resource.type">^dns_query$</field>
    <options>no_full_log</options>
    <description>GCP DNS query event.</description>
  </rule>

  <rule id="65002" level="0">
    <if_sid>65001</if_sid>
    <field name="gcp.resource.labels.source_type">^internet$</field>
    <options>no_full_log</options>
    <description>GCP internet event.</description>
  </rule>

  <rule id="65003" level="0">
    <if_sid>65001</if_sid>
    <field name="gcp.resource.labels.source_type">^gce-vm$</field>
    <options>no_full_log</options>
    <description>GCP virtual machine event.</description>
  </rule>

  <rule id="65004" level="2">
    <if_sid>65002</if_sid>
    <field name="gcp.severity">^INFO$</field>
    <options>no_full_log</options>
    <description>GCP info event with source IP $(gcp.jsonPayload.sourceIP) from $(gcp.resource.labels.location) with response code $(gcp.jsonPayload.responseCode).</description>
  </rule>

  <rule id="65005" level="5">
    <if_sid>65002</if_sid>
    <field name="gcp.severity">^WARNING$</field>
    <options>no_full_log</options>
    <description>GCP warning event with source IP $(gcp.jsonPayload.sourceIP) from $(gcp.resource.labels.location) with response code $(gcp.jsonPayload.responseCode).</description>
  </rule>

  <rule id="65006" level="3">
    <if_sid>65002</if_sid>
    <field name="gcp.severity">^NOTICE$</field>
    <options>no_full_log</options>
    <description>GCP notice event with source IP $(gcp.jsonPayload.sourceIP) from $(gcp.resource.labels.location) with response code $(gcp.jsonPayload.responseCode).</description>
  </rule>

  <rule id="65007" level="7">
    <if_sid>65002</if_sid>
    <field name="gcp.severity">^ERROR$</field>
    <options>no_full_log</options>
    <description>GCP error with source IP $(gcp.jsonPayload.sourceIP) from $(gcp.resource.labels.location) with response code $(gcp.jsonPayload.responseCode).</description>
  </rule>

  <rule id="65008" level="9">
    <if_sid>65002</if_sid>
    <field name="gcp.severity">^CRITICAL$</field>
    <options>no_full_log</options>
    <description>GCP critical event with source IP $(gcp.jsonPayload.sourceIP) from $(gcp.resource.labels.location) with response code $(gcp.jsonPayload.responseCode).</description>
  </rule>

  <rule id="65009" level="11">
    <if_sid>65002</if_sid>
    <field name="gcp.severity">^ALERT$</field>
    <options>no_full_log</options>
    <description>GCP alert event with source IP $(gcp.jsonPayload.sourceIP) from $(gcp.resource.labels.location) with response code $(gcp.jsonPayload.responseCode).</description>
  </rule>

  <rule id="65010" level="12">
    <if_sid>65002</if_sid>
    <field name="gcp.severity">^EMERGENCY$</field>
    <options>no_full_log</options>
    <description>GCP emergency event with source IP $(gcp.jsonPayload.sourceIP) from $(gcp.resource.labels.location) with response code $(gcp.jsonPayload.responseCode).</description>
  </rule>

  <rule id="65011" level="2">
    <if_sid>65003</if_sid>
    <field name="gcp.severity">^INFO$</field>
    <options>no_full_log</options>
    <description>GCP info event from VM $(gcp.jsonPayload.vmInstanceName) with source IP $(gcp.jsonPayload.sourceIP) from $(gcp.resource.labels.location) with response code $(gcp.jsonPayload.responseCode).</description>
  </rule>

  <rule id="65012" level="5">
    <if_sid>65003</if_sid>
    <field name="gcp.severity">^WARNING$</field>
    <options>no_full_log</options>
    <description>GCP warning event from VM $(gcp.jsonPayload.vmInstanceName) with source IP $(gcp.jsonPayload.sourceIP) from $(gcp.resource.labels.location) with response code $(gcp.jsonPayload.responseCode).</description>
  </rule>

  <rule id="65013" level="3">
    <if_sid>65003</if_sid>
    <field name="gcp.severity">^NOTICE$</field>
    <options>no_full_log</options>
    <description>GCP notice event from VM $(gcp.jsonPayload.vmInstanceName) with source IP $(gcp.jsonPayload.sourceIP) from $(gcp.resource.labels.location) with response code $(gcp.jsonPayload.responseCode).</description>
  </rule>

  <rule id="65014" level="7">
    <if_sid>65003</if_sid>
    <field name="gcp.severity">^ERROR$</field>
    <options>no_full_log</options>
    <description>GCP error event from VM $(gcp.jsonPayload.vmInstanceName) with source IP $(gcp.jsonPayload.sourceIP) from $(gcp.resource.labels.location) with response code $(gcp.jsonPayload.responseCode).</description>
  </rule>

  <rule id="65015" level="9">
    <if_sid>65003</if_sid>
    <field name="gcp.severity">^CRITICAL$</field>
    <options>no_full_log</options>
    <description>GCP critical event from VM $(gcp.jsonPayload.vmInstanceName) with source IP $(gcp.jsonPayload.sourceIP) from $(gcp.resource.labels.location) with response code $(gcp.jsonPayload.responseCode).</description>
  </rule>

  <rule id="65016" level="11">
    <if_sid>65003</if_sid>
    <field name="gcp.severity">^ALERT$</field>
    <options>no_full_log</options>
    <description>GCP alert event from VM $(gcp.jsonPayload.vmInstanceName) with source IP $(gcp.jsonPayload.sourceIP) from $(gcp.resource.labels.location) with response code $(gcp.jsonPayload.responseCode).</description>
  </rule>

  <rule id="65017" level="12">
    <if_sid>65003</if_sid>
    <field name="gcp.severity">^EMERGENCY$</field>
    <options>no_full_log</options>
    <description>GCP emergency event from VM $(gcp.jsonPayload.vmInstanceName) with source IP $(gcp.jsonPayload.sourceIP) from $(gcp.resource.labels.location) with response code $(gcp.jsonPayload.responseCode).</description>
  </rule>

  <rule id="65018" level="10">
    <if_sid>65002,65003</if_sid>
    <field name="gcp.jsonPayload.responseCode">^ERROR$</field>
    <options>no_full_log</options>
    <description>GCP error with source IP $(gcp.jsonPayload.sourceIP) from $(gcp.resource.labels.location), severity $(gcp.severity).</description>
  </rule>

  <rule id="65019" level="5">
    <if_sid>65002,65003</if_sid>
    <field name="gcp.jsonPayload.responseCode">^NXDOMAIN$</field>
    <options>no_full_log</options>
    <description>Unable to resolve domain name with source IP $(gcp.jsonPayload.sourceIP) from $(gcp.resource.labels.location), severity $(gcp.severity).</description>
  </rule>

  <rule id="65020" level="12">
    <if_sid>65002,65003</if_sid>
    <field name="gcp.jsonPayload.responseCode">^SERVFAIL$</field>
    <options>no_full_log</options>
    <description>Unable to process query due to a problem with the name server with source IP $(gcp.jsonPayload.sourceIP) from $(gcp.resource.labels.location), severity $(gcp.severity).</description>
  </rule>

  <rule id="65021" level="5">
    <if_sid>65002,65003</if_sid>
    <field name="gcp.jsonPayload.responseCode">^FORMERR$</field>
    <options>no_full_log</options>
    <description>Unable to interpret query with source IP $(gcp.jsonPayload.sourceIP) from $(gcp.resource.labels.location), severity $(gcp.severity).</description>
  </rule>

  <rule id="65022" level="5">
    <if_sid>65002,65003</if_sid>
    <field name="gcp.jsonPayload.responseCode">^NOTIMP$</field>
    <options>no_full_log</options>
    <description>Unsupported requested query with source IP $(gcp.jsonPayload.sourceIP) from $(gcp.resource.labels.location), severity $(gcp.severity).</description>
  </rule>

  <rule id="65023" level="5">
    <if_sid>65002,65003</if_sid>
    <field name="gcp.jsonPayload.responseCode">^REFUSED$</field>
    <options>no_full_log</options>
    <description>Refuse to perform the specified operation for policy reasons with source IP $(gcp.jsonPayload.sourceIP) from $(gcp.resource.labels.location), severity $(gcp.severity).</description>
  </rule>

  <rule id="65024" level="10">
    <if_sid>65002,65003</if_sid>
    <field name="gcp.jsonPayload.responseCode">^YXDOMAIN$</field>
    <options>no_full_log</options>
    <description>Specified name already created, when it ought not to exist with source IP $(gcp.jsonPayload.sourceIP) from $(gcp.resource.labels.location), severity $(gcp.severity).</description>
  </rule>

  <rule id="65025" level="10">
    <if_sid>65002,65003</if_sid>
    <field name="gcp.jsonPayload.responseCode">^YXRRSET$</field>
    <options>no_full_log</options>
    <description>The specified RR Set already exists with source IP $(gcp.jsonPayload.sourceIP) from $(gcp.resource.labels.location), severity $(gcp.severity).</description>
  </rule>

  <rule id="65026" level="10">
    <if_sid>65002,65003</if_sid>
    <field name="gcp.jsonPayload.responseCode">^NXRRSET$</field>
    <options>no_full_log</options>
    <description>The specified RR Set does not exist, and should with source IP $(gcp.jsonPayload.sourceIP) from $(gcp.resource.labels.location), severity $(gcp.severity).</description>
  </rule>

  <rule id="65027" level="10">
    <if_sid>65002,65003</if_sid>
    <field name="gcp.jsonPayload.responseCode">^NOTAUTH$</field>
    <options>no_full_log</options>
    <description>Server not authoritative for zone with source IP $(gcp.jsonPayload.sourceIP) from $(gcp.resource.labels.location), severity $(gcp.severity).</description>
  </rule>

  <rule id="65028" level="7">
    <if_sid>65002,65003</if_sid>
    <field name="gcp.jsonPayload.responseCode">^NOTZONE$</field>
    <options>no_full_log</options>
    <description>Name not contained in zone with source IP $(gcp.jsonPayload.sourceIP) from $(gcp.resource.labels.location), severity $(gcp.severity).</description>
  </rule>

  <rule id="65029" level="5">
    <if_sid>65002,65003</if_sid>
    <field name="gcp.jsonPayload.responseCode">^DSOTYPENI$</field>
    <options>no_full_log</options>
    <description>DSO-TYPE not implemented with source IP $(gcp.jsonPayload.sourceIP) from $(gcp.resource.labels.location), severity $(gcp.severity).</description>
  </rule>

  <rule id="65030" level="10">
    <if_sid>65002,65003</if_sid>
    <field name="gcp.jsonPayload.responseCode">^BADVERS$</field>
    <options>no_full_log</options>
    <description>Bad OPT version with source IP $(gcp.jsonPayload.sourceIP) from $(gcp.resource.labels.location), severity $(gcp.severity).</description>
  </rule>

  <rule id="65031" level="7">
    <if_sid>65002,65003</if_sid>
    <field name="gcp.jsonPayload.responseCode">^BADSIG$</field>
    <options>no_full_log</options>
    <description>TSIG signature failure with source IP $(gcp.jsonPayload.sourceIP) from $(gcp.resource.labels.location), severity $(gcp.severity).</description>
  </rule>

  <rule id="65032" level="7">
    <if_sid>65002,65003</if_sid>
    <field name="gcp.jsonPayload.responseCode">^BADKEY$</field>
    <options>no_full_log</options>
    <description>Key not recognized with source IP $(gcp.jsonPayload.sourceIP) from $(gcp.resource.labels.location), severity $(gcp.severity).</description>
  </rule>

  <rule id="65033" level="7">
    <if_sid>65002,65003</if_sid>
    <field name="gcp.jsonPayload.responseCode">^BADTIME$</field>
    <options>no_full_log</options>
    <description>Signature out of time window with source IP $(gcp.jsonPayload.sourceIP) from $(gcp.resource.labels.location), severity $(gcp.severity).</description>
  </rule>

  <rule id="65034" level="7">
    <if_sid>65002,65003</if_sid>
    <field name="gcp.jsonPayload.responseCode">^BADMODE$</field>
    <options>no_full_log</options>
    <description>Bad TKEY mode with source IP $(gcp.jsonPayload.sourceIP) from $(gcp.resource.labels.location), severity $(gcp.severity).</description>
  </rule>

  <rule id="65035" level="7">
    <if_sid>65002,65003</if_sid>
    <field name="gcp.jsonPayload.responseCode">^BADNAME$</field>
    <options>no_full_log</options>
    <description>Duplicate key name with source IP $(gcp.jsonPayload.sourceIP) from $(gcp.resource.labels.location), severity $(gcp.severity).</description>
  </rule>

  <rule id="65036" level="7">
    <if_sid>65002,65003</if_sid>
    <field name="gcp.jsonPayload.responseCode">^BADALG$</field>
    <options>no_full_log</options>
    <description>Algorithm not supported with source IP $(gcp.jsonPayload.sourceIP) from $(gcp.resource.labels.location), severity $(gcp.severity).</description>
  </rule>

  <rule id="65037" level="7">
    <if_sid>65002,65003</if_sid>
    <field name="gcp.jsonPayload.responseCode">^BADTRUNC$</field>
    <options>no_full_log</options>
    <description>Bad truncation with source IP $(gcp.jsonPayload.sourceIP) from $(gcp.resource.labels.location), severity $(gcp.severity).</description>
  </rule>

  <rule id="65038" level="7">
    <if_sid>65002,65003</if_sid>
    <field name="gcp.jsonPayload.responseCode">^BADCOOKIE$</field>
    <options>no_full_log</options>
    <description>Bad/Missing server cookie with source IP $(gcp.jsonPayload.sourceIP) from $(gcp.resource.labels.location), severity $(gcp.severity).</description>
  </rule>

  <!-- Mitre detection rules  -->
  <!-- Collection gcp_pub_sub subscription creation -->
  <rule id="65051" level="3">
    <if_sid>65000</if_sid>
    <field name="gcp.protoPayload.methodName" type="pcre2">^google\.pubsub\.v\d*\.Subscriber\.CreateSubscription$</field>
    <field name="gcp.protoPayload.authorizationInfo" type="pcre2">"granted":\strue</field>
    <description>GCP pub/sub topic subscription created.</description>
    <mitre>
      <id>T1530</id>
    </mitre>
  </rule>

  <!-- Collection gcp_pub_sub topic creation -->
  <rule id="65052" level="3">
    <if_sid>65000</if_sid>
    <field name="gcp.protoPayload.methodName" type="pcre2">^google\.pubsub\.v\d*\.Publisher\.CreateTopic$</field>
    <field name="gcp.protoPayload.authorizationInfo" type="pcre2">"granted":\strue</field>
    <description>GCP pub/sub topic created.</description>
    <mitre>
      <id>T1530</id>
    </mitre>
  </rule>

  <!-- Defense evasion gcp_firewall_rule created -->
  <rule id="65053" level="3">
    <if_sid>65000</if_sid>
    <field name="gcp.protoPayload.methodName" type="pcre2">^v\d*\.compute\.firewalls\.insert$</field>
    <description>GCP firewall rule created.</description>
    <mitre>
      <id>T1562</id>
    </mitre>
  </rule>

  <!-- Defense evasion gcp_firewall_rule deleted -->
  <rule id="65054" level="3">
    <if_sid>65000</if_sid>
    <field name="gcp.protoPayload.methodName" type="pcre2">^v\d*\.compute\.firewalls\.delete$</field>
    <description>GCP firewall rule deleted.</description>
    <mitre>
      <id>T1562.007</id>
    </mitre>
  </rule>

  <!-- Defense evasion gcp_firewall_rule modified -->
  <rule id="65055" level="3">
    <if_sid>65000</if_sid>
    <field name="gcp.protoPayload.methodName" type="pcre2">^v\d*\.compute\.firewalls\.patch$</field>
    <description>GCP firewall rule modified.</description>
    <mitre>
      <id>T1562.007</id>
    </mitre>
  </rule>

  <!-- Defense evasion gcp_logging_bucket deletion -->
  <rule id="65056" level="3">
    <if_sid>65000</if_sid>
    <field name="gcp.protoPayload.methodName" type="pcre2">^google\.logging\.v\d*\.ConfigServiceV\d*\.DeleteBucket$</field>
    <field name="gcp.protoPayload.authorizationInfo" type="pcre2">"granted":\strue</field>
    <description>GCP logging bucket deleted.</description>
    <mitre>
      <id>T1562.008</id>
    </mitre>
  </rule>

  <!-- Defense evasion gcp_logging_sink deletion -->
  <rule id="65057" level="3">
    <if_sid>65000</if_sid>
    <field name="gcp.protoPayload.methodName" type="pcre2">^google\.logging\.v\d*\.ConfigServiceV\d*\.DeleteSink$</field>
    <field name="gcp.protoPayload.authorizationInfo" type="pcre2">"granted":\strue</field>
    <description>GCP logging sink deleted.</description>
    <mitre>
      <id>T1562.008</id>
    </mitre>
  </rule>

  <!-- Defense evasion gcp_pub_sub_subscription deletion -->
  <rule id="65058" level="3">
    <if_sid>65000</if_sid>
    <field name="gcp.protoPayload.methodName" type="pcre2">^google\.pubsub\.v\d*\.Subscriber\.DeleteSubscription$</field>
    <field name="gcp.protoPayload.authorizationInfo" type="pcre2">"granted":\strue</field>
    <description>GCP pub/sub subscription deleted.</description>
    <mitre>
      <id>T1562</id>
    </mitre>
  </rule>

  <!-- Defense evasion gcp_pub_sub_topic deletion -->
  <rule id="65059" level="3">
    <if_sid>65000</if_sid>
    <field name="gcp.protoPayload.methodName" type="pcre2">^google\.pubsub\.v\d*\.Publisher\.DeleteTopic$</field>
    <field name="gcp.protoPayload.authorizationInfo" type="pcre2">"granted":\strue</field>
    <description>GCP pub/sub topic deleted.</description>
    <mitre>
      <id>T1562</id>
    </mitre>
  </rule>

  <!-- Defense evasion gcp_storage_bucket_configuration modified -->
  <rule id="65060" level="3">
    <if_sid>65000</if_sid>
    <field name="gcp.protoPayload.methodName" type="pcre2">^storage\.buckets\.update$</field>
    <field name="gcp.protoPayload.authorizationInfo" type="pcre2">"granted":\strue</field>
    <description>GCP storage bucket configuration modified.</description>
    <mitre>
      <id>T1222</id>
    </mitre>
  </rule>

  <!-- Defense evasion gcp_storage_bucket_permissions modified -->
  <rule id="65061" level="3">
    <if_sid>65000</if_sid>
    <field name="gcp.protoPayload.methodName" type="pcre2">^storage\.setIamPermissions$</field>
    <field name="gcp.protoPayload.authorizationInfo" type="pcre2">"granted":\strue</field>
    <description>GCP storage bucket permissions modified.</description>
    <mitre>
      <id>T1222</id>
    </mitre>
  </rule>

  <!-- Exfiltration gcp_logging_sink modification -->
  <rule id="65062" level="3">
    <if_sid>65000</if_sid>
    <field name="gcp.protoPayload.methodName" type="pcre2">^google\.logging\.v\d*\.ConfigServiceV\d*\.UpdateSink$</field>
    <field name="gcp.protoPayload.authorizationInfo" type="pcre2">"granted":\strue</field>
    <description>GCP logging sink modified.</description>
    <mitre>
      <id>T1537</id>
    </mitre>
  </rule>

  <!-- Impact gcp_iam_role deletion -->
  <rule id="65063" level="3">
    <if_sid>65000</if_sid>
    <field name="gcp.protoPayload.methodName" type="pcre2">^google\.iam\.admin\.v\d*\.DeleteRole$</field>
    <field name="gcp.protoPayload.authorizationInfo" type="pcre2">"granted":\strue</field>
    <description>GCP IAM role deleted.</description>
    <mitre>
      <id>T1531</id>
    </mitre>
  </rule>

  <!-- Impact gcp_service_account deleted -->
  <rule id="65064" level="3">
    <if_sid>65000</if_sid>
    <field name="gcp.protoPayload.methodName" type="pcre2">^google\.iam\.admin\.v\d*\.DeleteServiceAccount$</field>
    <field name="gcp.protoPayload.authorizationInfo" type="pcre2">"granted":\strue</field>
    <description>GCP service account deleted.</description>
    <mitre>
      <id>T1531</id>
    </mitre>
  </rule>

  <!-- Impact gcp_service_account disabled -->
  <rule id="65065" level="3">
    <if_sid>65000</if_sid>
    <field name="gcp.protoPayload.methodName" type="pcre2">^google\.iam\.admin\.v\d*\.DisableServiceAccount$</field>
    <field name="gcp.protoPayload.authorizationInfo" type="pcre2">"granted":\strue</field>
    <description>GCP service account disabled.</description>
    <mitre>
      <id>T1531</id>
    </mitre>
  </rule>

  <!-- Impact gcp_storage_bucket deleted -->
  <rule id="65066" level="3">
    <if_sid>65000</if_sid>
    <field name="gcp.protoPayload.methodName" type="pcre2">^storage\.buckets\.delete$</field>
    <field name="gcp.protoPayload.authorizationInfo" type="pcre2">"granted":\strue</field>
    <description>GCP storage bucket deleted.</description>
    <mitre>
      <id>T1485</id>
    </mitre>
  </rule>

  <!-- Impact gcp_virtual_private_cloud_network deleted -->
  <rule id="65067" level="3">
    <if_sid>65000</if_sid>
    <field name="gcp.protoPayload.methodName" type="pcre2">^v\d*\.compute\.networks\.delete$</field>
    <field name="gcp.protoPayload.authorizationInfo" type="pcre2">"granted":\strue</field>
    <description>GCP virtual private cloud (VPC) network deleted.</description>
  </rule>

  <!-- Impact gcp_virtual_private_cloud_route created -->
  <rule id="65068" level="3">
    <if_sid>65000</if_sid>
    <field name="gcp.protoPayload.methodName" type="pcre2">^v\d*\.compute\.routes\.insert$|^beta\.compute\.routes\.insert$</field>
    <field name="gcp.protoPayload.authorizationInfo" type="pcre2">"granted":\strue</field>
    <description>GCP virtual private cloud (VPC) route created.</description>
  </rule>

  <!-- Impact gcp_virtual_private_cloud_route deleted -->
  <rule id="65069" level="3">
    <if_sid>65000</if_sid>
    <field name="gcp.protoPayload.methodName" type="pcre2">^v\d*\.compute\.routes\.delete$</field>
    <field name="gcp.protoPayload.authorizationInfo" type="pcre2">"granted":\strue</field>
    <description>GCP virtual private cloud (VPC) route deleted.</description>
  </rule>

  <!-- Persistence gcp_service_account created -->
  <rule id="65070" level="3">
    <if_sid>65000</if_sid>
    <field name="gcp.protoPayload.methodName" type="pcre2">^google\.iam\.admin\.v\d*\.CreateServiceAccount$</field>
    <field name="gcp.protoPayload.authorizationInfo" type="pcre2">"granted":\strue</field>
    <description>GCP new service account created.</description>
    <mitre>
      <id>T1136.003</id>
    </mitre>
  </rule>

  <!-- Persistence gcp_key_created_for_service_account -->
  <rule id="65071" level="3">
    <if_sid>65000</if_sid>
    <field name="gcp.protoPayload.methodName" type="pcre2">^google\.iam\.admin\.v\d*\.CreateServiceAccountKey$</field>
    <field name="gcp.protoPayload.authorizationInfo" type="pcre2">"granted":\strue</field>
    <description>GCP new key is created for a service account.</description>
    <mitre>
      <id>T1098.001</id>
    </mitre>
  </rule>

  <!-- Persistence gcp_iam_service_account_key deletion -->
  <rule id="65072" level="3">
    <if_sid>65000</if_sid>
    <field name="gcp.protoPayload.methodName" type="pcre2">^google\.iam\.admin\.v\d*\.DeleteServiceAccountKey$</field>
    <field name="gcp.protoPayload.authorizationInfo" type="pcre2">"granted":\strue</field>
    <description>GCP identity and access management (IAM) service account key deleted.</description>
    <mitre>
      <id>T1531</id>
    </mitre>
  </rule>

  <!-- Initial access gcp_iam_custom_role creation -->
  <rule id="65073" level="3">
    <if_sid>65000</if_sid>
    <field name="gcp.protoPayload.methodName" type="pcre2">^google\.iam\.admin\.v\d*\.CreateRole$</field>
    <field name="gcp.protoPayload.authorizationInfo" type="pcre2">"granted":\strue</field>
    <description>GCP identity and access management (IAM) custom role created.</description>
    <mitre>
      <id>T1098.001</id>
    </mitre>
  </rule>

  <!-- GCP Generic Events -->
  <rule id="65039" level="0">
    <if_sid>65000</if_sid>
    <field name="gcp.severity">^DEFAULT$</field>
    <options>no_full_log</options>
    <description>A GCP event with no severity information happened on project $(gcp.resource.labels.project_id), monitored resource type: $(gcp.resource.type).</description>
  </rule>

  <rule id="65040" level="2">
    <if_sid>65000</if_sid>
    <field name="gcp.severity">^INFO$</field>
    <options>no_full_log</options>
    <description>GCP information event on project $(gcp.resource.labels.project_id), monitored resource type: $(gcp.resource.type).</description>
  </rule>

  <rule id="65041" level="5">
    <if_sid>65000</if_sid>
    <field name="gcp.severity">^WARNING$</field>
    <options>no_full_log</options>
    <description>GCP warning event on project $(gcp.resource.labels.project_id), monitored resource type: $(gcp.resource.type).</description>
  </rule>

  <rule id="65042" level="3">
    <if_sid>65000</if_sid>
    <field name="gcp.severity">^NOTICE$</field>
    <options>no_full_log</options>
    <description>GCP notice event on project $(gcp.resource.labels.project_id), monitored resource type: $(gcp.resource.type).</description>
  </rule>

  <rule id="65043" level="7">
    <if_sid>65000</if_sid>
    <field name="gcp.severity">^ERROR$</field>
    <options>no_full_log</options>
    <description>GCP error event on project $(gcp.resource.labels.project_id), monitored resource type: $(gcp.resource.type).</description>
  </rule>

  <rule id="65044" level="9">
    <if_sid>65000</if_sid>
    <field name="gcp.severity">^CRITICAL$</field>
    <options>no_full_log</options>
    <description>GCP critical event on project $(gcp.resource.labels.project_id), monitored resource type: $(gcp.resource.type).</description>
  </rule>

  <rule id="65045" level="11">
    <if_sid>65000</if_sid>
    <field name="gcp.severity">^ALERT$</field>
    <options>no_full_log</options>
    <description>GCP alert event on project $(gcp.resource.labels.project_id), monitored resource type: $(gcp.resource.type).</description>
  </rule>

  <rule id="65046" level="12">
    <if_sid>65000</if_sid>
    <field name="gcp.severity">^EMERGENCY$</field>
    <options>no_full_log</options>
    <description>GCP emergency event on project $(gcp.resource.labels.project_id), monitored resource type: $(gcp.resource.type).</description>
  </rule>

  <!-- VPC Firewall rules -->
  <rule id="65047" level="3">
    <if_sid>65000</if_sid>
    <field name="gcp.jsonPayload.rule_details.reference" type="pcre2">^(?!^$).*</field>
    <options>no_full_log</options>
    <description>GCP VPC firewall event.</description>
  </rule>

  <rule id="65048" level="5">
    <if_sid>65047</if_sid>
    <field name="gcp.jsonPayload.rule_details.action">DENY</field>
    <options>no_full_log</options>
    <description>GCP VPC firewall: DENY rule triggered.</description>
  </rule>

  <rule id="65049" level="3">
    <if_sid>65047</if_sid>
    <field name="gcp.jsonPayload.rule_details.action">ALLOW</field>
    <options>no_full_log</options>
    <description>GCP VPC firewall: ALLOW rule triggered.</description>
  </rule>

  <!-- GCP VPC Flow -->
  <rule id="65050" level="2">
    <if_sid>65000</if_sid>
    <field name="gcp.jsonPayload.reporter" type="pcre2">^(?!^$).*</field>
    <options>no_full_log</options>
    <description>GCP VPC flow event.</description>
  </rule>

  <!-- GCP VPC Usage rules-->
  <rule id="65074" level="2">
    <if_sid>65000</if_sid>
    <field name="gcp.s_request_id" type="pcre2">^(?!^$).+$</field>
    <options>no_full_log</options>
    <description>GCP VPC usage event.</description>
  </rule>

  <!-- GCP VPC Storage rules-->
  <rule id="65075" level="2">
    <if_sid>65000</if_sid>
    <field name="gcp.bucket" type="pcre2">^(?!^$).+$</field>
    <description>GCP VPC storage event.</description>
  </rule>

</group>
