<!--
  -  Copyright (C) 2015, Wazuh Inc.
-->

<!--
  F5 BigIp rules ID range: 65260 - 65302
-->

<group name="f5-bigip,">

   <!-- F5 BigIP LTM decoded grouped rules -->
  <rule id="65260" level="0">
    <decoded_as>f5-bigip</decoded_as>
    <description>F5 Networks BigIP events</description>
  </rule>

  <!-- 01010251 : Virtual %s exceeded configured rate limit. -->
  <rule id="65261" level="9">
    <if_sid>65260</if_sid>
    <field name="event.code">01010251</field>
    <description>F5 BigIP: Virtual server is during high-demand traffic event or under Denial of Service (DoS) attack.</description>
    <mitre>
      <id>T1498</id>
    </mitre>
  </rule>

  <!-- 01010343 : Syncookie SW mode activated, server = %A:%d -->
  <rule id="65262" level="13">
    <if_sid>65260</if_sid>
    <field name="event.code">01010343</field>
    <description>F5 BigIP: Platform entered software SYN cookie protection mode. The system has detected a SYN flood attack.</description>
    <mitre>
      <id>T1498</id>
    </mitre>
  </rule>

  <!-- 011e0001 : Limiting %s from %d to %d packets/sec for traffic-group %s -->
  <rule id="65263" level="9">
    <if_sid>65260</if_sid>
    <field name="event.code">011e0001</field>
    <description>F5 BigIP: Stopped throttling traffic likely generated by a DoS attack.</description>
    <mitre>
      <id>T1498</id>
    </mitre>
  </rule>

  <!-- 01010038 : Syncookie counter %d exceeded vip threshold %u for virtual = %A:%d -->
  <rule id="65264" level="9">
    <if_sid>65260</if_sid>
    <field name="event.code">01010038</field>
    <description>F5 BigIP: SYN cookie threshold is reached. This might be due to a normal spike in traffic or an attack.</description>
    <mitre>
      <id>T1498</id>
    </mitre>
  </rule>

  <!-- 01010240 : Syncookie HW mode activated, server = %A:%d, HSB modId = %d -->
  <rule id="65265" level="13">
    <if_sid>65260</if_sid>
    <field name="event.code">01010240</field>
    <description>F5 BigIP: Detected a syncookie DOS attack. Activated hardware syncookie protection mode on the HSB.</description>
    <mitre>
      <id>T1498</id>
    </mitre>
  </rule>

  <!-- 01010329 : BDoS: (TMM) Signature %s: threshold_mode=%s detection=%u mitigation_curr=%llu -->
  <rule id="65266" level="13">
    <if_sid>65260</if_sid>
    <field name="event.code">01010329</field>
    <description>F5 BigIP: Ongoing DDos attack.</description>
    <mitre>
      <id>T1498</id>
    </mitre>
  </rule>

  <!-- 01010302 : BDoS: (TMM) %s signature (%s) for context %s at idx %u (detection=%u mitigation=%u state=%s transient=%s retired=%s). -->
  <rule id="65267" level="11">
    <if_sid>65260</if_sid>
    <field name="event.code">01010302</field>
    <description>F5 BigIP: Created/Updated (AFM) BDoS dynamic signature by the AFM bdosd daemon during an attack.</description>
    <mitre>
      <id>T1498</id>
    </mitre>
  </rule>

  <!-- 01010250 : Pool member %A:%u exceeded configured rate limit. -->
  <rule id="65268" level="10">
    <if_sid>65260</if_sid>
    <field name="event.code">01010250</field>
    <description>F5 BigIP: Number of allowed new connections per second for pool member has been exceeded. This is due to a normal spike in traffic or an attack.</description>
    <mitre>
      <id>T1498</id>
    </mitre>
  </rule>

  <!-- 01010241 : Syncookie HW mode exited, server = %A:%d, HSB modId = %d from %s. -->
  <rule id="65269" level="6">
    <if_sid>65260</if_sid>
    <field name="event.code">01010241</field>
    <description>F5 BigIP: Syncookie DOS attack has stopped.</description>
    <mitre>
      <id>T1498</id>
    </mitre>
  </rule>

  <!-- 01010056 : Syncookie counter %d exceeded vip threshold %u for virtual = %s -->
  <rule id="65270" level="10">
    <if_sid>65260</if_sid>
    <field name="event.code">01010056</field>
    <description>F5 BigIP: Syncookie counter exceeded vip threshold. This is due to a normal spike in traffic or an attack.</description>
    <mitre>
      <id>T1498</id>
    </mitre>
  </rule>

  <!-- 01010344 : Syncookie SW mode exited, server = %A:%d -->
  <rule id="65271" level="2">
    <if_sid>65260</if_sid>
    <field name="event.code">01010344</field>
    <description>F5 BigIP: SYN cookie state exited. The platform returns to a normal operation state.</description>
    <mitre>
      <id>T1498</id>
    </mitre>
  </rule>

  <!-- 01071bee : SSLv2 is no longer supported and has been removed. The 'sslv2' keyword in the cipher string has been ignored. -->
  <rule id="65272" level="4">
    <if_sid>65260</if_sid>
    <field name="event.code">01071bee</field>
    <description>F5 BigIP: SSLv2 is no longer supported and has been removed due to numerous vulnerabilities.</description>
    <mitre>
      <id>T1498</id>
    </mitre>
  </rule>

  <!-- 01070822 : "Access Denied: %s" -->
  <rule id="65273" level="5">
    <if_sid>65260</if_sid>
    <field name="event.code">01070822</field>
    <description>F5 BigIP: User is prevented from doing things they are not authorized to do.</description>
  </rule>

  <!-- 01071bd1 : Inbound CMI connection from IP (%s) denied because it came from VLAN (%s), not from expected VLAN (%s). -->
  <rule id="65274" level="9">
    <if_sid>65260</if_sid>
    <field name="event.code">01071bd1</field>
    <description>F5 BigIP: Mcpd has detected that sync traffic is being sent over a VLAN that is not the correct one.</description>
  </rule>

  <!-- 01860017 : MR_SIP: Too many media sessions %d / %d. Error Code %d -->
  <rule id="65275" level="10">
    <if_sid>65260</if_sid>
    <field name="event.code">01860017</field>
    <description>F5 BigIP: Too many SIP media sessions have been established for the current configuration.</description>
    <mitre>
      <id>T1498</id>
    </mitre>
  </rule>

  <!-- 01010020 : MCP Connection %s, exiting -->
  <rule id="65276" level="10">
    <if_sid>65260</if_sid>
    <field name="event.code">01010020</field>
    <description>F5 BigIP: Critical error for TMM. It restarts. Attempts to reconnect will be made after that.</description>
    <mitre>
      <id>T1499</id>
    </mitre>
  </rule>

  <!-- 01071d0b : adm: %s -->
  <rule id="65277" level="12">
    <if_sid>65260</if_sid>
    <field name="event.code">01071d0b</field>
    <description>F5 BigIP: Errors could be caused by a broken feature or critical system errors.</description>
  </rule>

  <!-- 012a0002 : "LIBHAL reporting critical conditions" -->
  <!-- 012a0003 : LIBHAL reporting error conditions -->
  <rule id="65278" level="10">
    <if_sid>65260</if_sid>
    <field name="event.code">012a0002|012a0003</field>
    <description>F5 BigIP: The HAL daemon might not be able to correctly identify the platform or publish the hardware abstraction configuration at startup, or has encountered a critical failure during normal operation.</description>
  </rule>

  <!-- 012a0013 : Blade %d hardware sensor critical alarm: %s -->
  <rule id="65279" level="13">
    <if_sid>65260</if_sid>
    <field name="event.code">012a0013</field>
    <description>F5 BigIP: Hardware sensor critical alarm.</description>
  </rule>

  <!-- 012a0031 : %s -->
  <rule id="65280" level="12">
    <if_sid>65260</if_sid>
    <field name="event.code">012a0031</field>
    <description>F5 BigIP: AOM has indicated that a temperature sensor has crossed a 'critical' level threshold.</description>
  </rule>

  <!-- 012a0037 : %s -->
  <rule id="65281" level="12">
    <if_sid>65260</if_sid>
    <field name="event.code">012a0037</field>
    <description>F5 BigIP: AOM has indicated that a fan sensor has crossed a 'critical' threshold.</description>
  </rule>

  <!-- 012a0043 : %s -->
  <rule id="65282" level="12">
    <if_sid>65260</if_sid>
    <field name="event.code">012a0043</field>
    <description>F5 BigIP: AOM has indicated that a power sensor has crossed a 'critical' threshold.</description>
  </rule>

  <!-- 012c0011 : BCM56XXD SDK error -->
  <rule id="65283" level="12">
    <if_sid>65260</if_sid>
    <field name="event.code">012c0011</field>
    <description>F5 BigIP: Critical error that prevents the broadcom switch from operating at the proper configuration required by BIG-IP.</description>
  </rule>

  <!-- 01340003 : Cluster error: %s -->
  <rule id="65284" level="10">
    <if_sid>65260</if_sid>
    <field name="event.code">01340003</field>
    <description>F5 BigIP: Critical errors in communication between TMM threads, specifically by MPI proxy.</description>
  </rule>

  <!-- 01510003 : %s -->
  <rule id="65285" level="9">
    <if_sid>65260</if_sid>
    <field name="event.code">01510003</field>
    <description>F5 BigIP: Serious issue preventing the guest from starting or shutting down.</description>
  </rule>

  <!-- 01550004 : Critical: -->
  <!-- 01550005 : Critical: -->
  <!-- 01550006 : Critical: -->
  <rule id="65286" level="12">
    <if_sid>65260</if_sid>
    <field name="event.code">01550004|01550005|01550006</field>
    <description>F5 BigIP: Critical: The BIG-IP system is not allowed not to go Active.</description>
  </rule>

  <!-- 01940007 : "Failed to allocate the errdefs tmconf handle!" -->
  <rule id="65287" level="7">
    <if_sid>65260</if_sid>
    <field name="event.code">01940007</field>
    <description>F5 BigIP: Critical: The errdefsd daemon is out of memory.</description>
  </rule>

  <!-- 01a70028 : The platform was not found in %s. -->
  <rule id="65288" level="7">
    <if_sid>65260</if_sid>
    <field name="event.code">01a70028</field>
    <description>F5 BigIP: Critical: The file /PLATFORM isn't found, and licensing logic cannot determine the platform type.</description>
  </rule>

  <!-- Bot Defense related logs-->
  <rule id="65289" level="3">
    <if_sid>65260</if_sid>
    <field name="message" type="pcre2">[Bb]ot\s[Dd]efense</field>
    <description>F5 BigIP LTM: Bot Defense configuration error detected</description>
  </rule>

  <!-- Tcp Dump -->
  <rule id="65290" level="2">
  <if_sid>65260</if_sid>
    <field name="message" type="pcre2">Tcpdump</field>
    <description>F5 BigIP LTM: Tcpdump message detected</description>
  </rule>

  <rule id="65291" level="3">
  <if_sid>65290</if_sid>
    <field name="message" type="pcre2">Tcpdump\sstarting\sremote</field>
    <description>F5 BigIP LTM: Tcpdump remote session start detected</description>
  </rule>

  <!-- General ASM Subsystem Error -->
  <rule id="65292" level="7">
    <if_sid>65260</if_sid>
    <field name="event.code">01310027</field>
    <description>F5 BigIP ASM: Subsystem error detected in $(bigip.asm.subsystem)</description>
  </rule>

  <!-- CEF decoded grouped rules -->
  <rule id="65293" level="0">
    <decoded_as>f5-bigip-cef</decoded_as>
    <description>F5 BigIP CEF decoded grouped alerts</description>
  </rule>

  <!-- ASM Violations -->
  <rule id="65296" level="12">
    <if_sid>65293</if_sid>
    <field name="cs4Label">attack_type</field>
    <field name="cs4" type="pcre2">^(?!^N\\A$|^$).*</field>
    <description>F5 BigIP ASM: Violation detected, attack_type is $(cs4)</description>
  </rule>

  <!-- ASM Illegal action -->
  <rule id="65294" level="12">
    <if_sid>65296</if_sid>
    <field name="type">Illegal</field>
    <description>F5 BigIP ASM: Illegal $(action) detected</description>
  </rule>

  <!-- ASM sql injection -->
  <rule id="65295" level="13">
    <if_sid>65296</if_sid>
    <field name="cs4">SQL-Injection</field>
    <description>F5 BigIP ASM: SQL injection detected: $(code)</description>
    <mitre>
      <id>T1190</id>
    </mitre>
  </rule>

  <!-- ASM Anomaly -->
  <rule id="65297" level="12">
    <if_sid>65293</if_sid>
    <field name="cn3Label">attack_id</field>
    <field name="cn3" type="pcre2">^(?!^N\\A$|^$).*</field>
    <description>F5 BigIP ASM: Anomaly detected, attack_id is $(cn3), status is $(cs4)</description>
  </rule>

  <!-- General rules by type, defined last to catch all -->
  <rule id="65298" level="2">
    <if_sid>65260</if_sid>
    <field name="event.type">info</field>
    <description>F5 BigIP: Info message detected.</description>
  </rule>

  <rule id="65299" level="2">
    <if_sid>65260</if_sid>
    <field name="event.type">notice</field>
    <description>F5 BigIP: Notice message detected.</description>
  </rule>

  <rule id="65300" level="2">
    <if_sid>65260</if_sid>
    <field name="event.type">warning</field>
    <description>F5 BigIP: Warning message detected.</description>
  </rule>

  <rule id="65301" level="4">
    <if_sid>65260</if_sid>
    <field name="event.type">alert</field>
    <description>F5 BigIP: Alert message detected.</description>
  </rule>

  <rule id="65302" level="7">
    <if_sid>65260</if_sid>
    <field name="event.type">crit</field>
    <description>F5 BigIP: Critical message detected.</description>
  </rule>

</group>
