<!--
  Copyright (C) 2015, Wazuh Inc.
-->

<!-- 
  Palo Alto v8.X - v10.X rules
    Palo Alto rules ID:           64500 - 64508
-->

<group name="paloalto,">

  <!-- Generic rule -->
  <rule id="64500" level="0">
    <decoded_as>paloalto</decoded_as>
    <description>Palo Alto $(type) event.</description>
  </rule>

  <!-- Generic by severity(informational, low, medium, high, critical) rules, THREAT and SYSTEM only so far -->
  <rule id="64501" level="2">
    <if_sid>64500</if_sid>
    <field name="severity" type="pcre2">(?i)^(?:informational|low)$</field>
    <description>Palo Alto $(type): $(severity) event.</description>
  </rule>

  <rule id="64502" level="3">
    <if_sid>64500</if_sid>
    <field name="severity" type="pcre2">(?i)^medium$</field>
    <description>Palo Alto $(type): $(severity) event.</description>
  </rule>

  <rule id="64503" level="5">
    <if_sid>64500</if_sid>
    <field name="severity" type="pcre2">(?i)^high$</field>
    <description>Palo Alto $(type): $(severity) event.</description>
  </rule>

  <rule id="64504" level="11">
    <if_sid>64500</if_sid>
    <field name="severity" type="pcre2">(?i)^critical$</field>
    <description>Palo Alto $(type): $(severity) event.</description>
  </rule>

  <!-- Specific rules -->
  <!-- Traffic -->
  <rule id="64505" level="0">
    <if_sid>64500</if_sid>
    <field name="type">^Traffic$</field>
    <field name="content_type" type="pcre2">(?i)^.+$</field>
    <description>Palo Alto Traffic: $(content_type) event.</description>
  </rule>

  <rule id="64506" level="2">
    <if_sid>64505</if_sid>
    <field name="content_type">start</field>
    <description>Palo Alto Traffic: Session started log on $(device_name).</description>
    <group>gdpr_IV_35.7.d,gpg13_4.12,hipaa_164.312.b,pci_dss_1.4,pci_dss_10.6.1,pci_dss_11.4,tsc_CC6.1,tsc_CC6.7,tsc_CC6.8,tsc_CC7.2,tsc_CC7.3,tsc_CC7.4,</group>
  </rule>

  <rule id="64507" level="2">
    <if_sid>64505</if_sid>
    <field name="content_type">end</field>
    <description>Palo Alto Traffic: Session ended on $(device_name) from $(source_address) to $(destination_address). Reason: $(session_end_reason).</description>
    <group>gdpr_IV_35.7.d,gpg13_4.12,hipaa_164.312.b,pci_dss_1.4,pci_dss_10.6.1,pci_dss_11.4,tsc_CC6.1,tsc_CC6.7,tsc_CC6.8,tsc_CC7.2,tsc_CC7.3,tsc_CC7.4,</group>
  </rule>

  <rule id="64508" level="6">
    <if_sid>64505</if_sid>
    <field name="content_type" type="pcre2">^(?:drop|deny)$</field>
    <description>Palo Alto Traffic: Session dropped  on $(device_name) from $(source_address) to $(destination_address). Reason: $(session_end_reason). Action: $(action).</description>
    <mitre>
      <id>T1072</id>
      <id>T1190</id>
    </mitre>
    <group>gdpr_IV_35.7.d,gpg13_4.12,hipaa_164.312.b,pci_dss_1.4,pci_dss_10.6.1,pci_dss_11.4,tsc_CC6.1,tsc_CC6.7,tsc_CC6.8,tsc_CC7.2,tsc_CC7.3,tsc_CC7.4,</group>
  </rule>

</group>
