<!--
  -  Sophos XG210 Firewall rules
  -  Created by Wazuh, Inc.
  -  Copyright (C) 2015, Wazuh Inc.
  -  This program is a free software; you can redistribute it and/or modify it under the terms of GPLv2.
-->

<group name="sophos-fw,">
  <rule id="70020" level="0">
    <decoded_as>sophos-fw</decoded_as>
    <description>Sophos XG210 Firewall event</description>
  </rule>

  <rule id="70021" level="5">
    <if_sid>70020</if_sid>
    <field name="sophos_fw_status_msg">Deny</field>
    <description>Traffic Denied: from $(src_ip) to $(dst_ip)</description>
  </rule>

  <rule id="70022" level="3">
    <if_sid>70020</if_sid>
    <field name="sophos_fw_status_msg">Allow</field>
    <description>Traffic Allowed: from $(src_ip) to $(dst_ip)</description>
  </rule>

  <rule id="70023" level="3">
    <if_sid>70020</if_sid>
    <field name="sophos_fw_status_msg">Detect</field>
    <description>Traffic Detected: from $(src_ip) to $(dst_ip)</description>
  </rule>

  <rule id="70024" level="3">
    <if_sid>70020</if_sid>
    <field name="sophos_fw_status_msg">Drop</field>
    <description>Traffic Dropped: from $(src_ip) to $(dst_ip)</description>
  </rule>

  <rule id="70025" level="3">
    <if_sid>70020</if_sid>
    <field name="sophos_fw_status_msg">Clean</field>
    <description>Traffic Cleaned: from $(src_ip) to $(dst_ip)</description>
  </rule>

  <rule id="70026" level="7">
    <if_sid>70020</if_sid>
    <field name="sophos_fw_status_msg">Virus</field>
    <description>Virus detected: source IP $(src_ip)</description>
  </rule>

  <rule id="70027" level="5">
    <if_sid>70020</if_sid>
    <field name="sophos_fw_status_msg">Spam</field>
    <description>Spam: source IP $(src_ip)</description>
  </rule>

  <rule id="70028" level="3">
    <if_sid>70020</if_sid>
    <field name="sophos_fw_status_msg">Admin</field>
    <description>Admin Traffic: from $(src_ip) to $(dst_ip)</description>
  </rule>
  
  <rule id="70029" level="5">
    <if_sid>70020</if_sid>
    <field name="sophos_fw_status_msg">Authentication</field>
    <description>Authentication Traffic: from $(src_ip) to $(dst_ip)</description>
  </rule>
  
  <rule id="70030" level="3">
    <if_sid>70020</if_sid>
    <field name="sophos_fw_status_msg">System</field>
    <description>System Traffic : from $(src_ip) to $(dst_ip)</description>
  </rule>

</group>
