<!--
  -  Copyright (C) 2015, Wazuh Inc.
-->

<!--
  Rules for:
    GitLab ID:  65600 - 65699
-->

<group name="gitlab_v.12">
    
  <rule id="65600" level="3">
    <decoded_as>json</decoded_as>
    <status>^200$</status>
    <field name="method">\w+</field>
    <field name="format">\w+</field>
    <field name="controller">\.+</field>
    <field name="path">^/gitlab/gitlab-ce/\w+/\.+</field>
    <options>no_full_log</options>
    <description>(Gitlab) $(method) request completed succesfully.</description>
  </rule>

  <rule id="65601" level="5">
    <decoded_as>json</decoded_as>
    <status>^400$</status>
    <field name="method">\w+</field>
    <field name="format">\w+</field>
    <field name="controller">\.+</field>
    <field name="path">^/gitlab/gitlab-ce/\w+/\.+</field>
    <options>no_full_log</options>
    <description>(Gitlab) ERROR: couldn't complete $(method) request.</description>
  </rule>

  <rule id="65602" level="5">
    <decoded_as>json</decoded_as>
    <status>^300$</status>
    <field name="method">\w+</field>
    <field name="format">\w+</field>
    <field name="controller">\.+</field>
    <field name="path">^/gitlab/gitlab-ce/\w+/\.+</field>
    <options>no_full_log</options>
    <description>(Gitlab) REDIRECTION: The $(method) request has more than one possible response.</description>
  </rule>

  <rule id="65603" level="3">
    <decoded_as>gitlab-12-application-log</decoded_as>
    <field name="new_user">\.+</field>
    <description>(Gitlab) User $(new_user) was created.</description>
  </rule>

  <rule id="65604" level="3">
    <decoded_as>gitlab-12-application-log</decoded_as>
    <field name="project_autor">\.+</field>
    <description>(Gitlab) $(project_autor) created a new project.</description>
  </rule>

  <rule id="65605" level="3">
    <decoded_as>gitlab-12-application-log</decoded_as>
    <field name="removed_user">\.+</field>
    <description>(Gitlab) User $(removed_user) was removed.</description>
  </rule>

  <rule id="65606" level="3">
    <decoded_as>gitlab-12-application-log</decoded_as>
    <field name="project_removed">\.+</field>
    <description>(Gitlab) Project $(project_removed) was removed.</description>
  </rule>

  <rule id="65607" level="5">
    <decoded_as>json</decoded_as>
    <field name="service_class">\w+</field>
    <field name="project_id">\d+</field>
    <field name="project_path">\.+</field>
    <field name="severity">^ERROR$</field>
    <options>no_full_log</options>
    <description>(Gitlab) $(message).</description>
  </rule>

  <rule id="65608" level="3">
    <decoded_as>json</decoded_as>
    <field name="service_class">\w+</field>
    <field name="project_id">\d+</field>
    <field name="project_path">\.+</field>
    <field name="severity">^INFO$</field>
    <options>no_full_log</options>
    <description>(Gitlab) $(message).</description>
  </rule>

  <rule id="65609" level="5">
    <decoded_as>json</decoded_as>
    <field name="exception">\.+</field>
    <field name="error_code">\w+</field>
    <field name="service">\.+</field>
    <field name="app_id">\d+</field>
    <field name="severity">^ERROR$</field>
    <options>no_full_log</options>
    <description>(Gitlab) $(severity):$(message).</description>
  </rule>

  <rule id="65610" level="3">
    <decoded_as>json</decoded_as>
    <field name="exception">\.+</field>
    <field name="error_code">\w+</field>
    <field name="service">\.+</field>
    <field name="app_id">\d+</field>
    <field name="severity">^INFO$</field>
    <options>no_full_log</options>
    <description>(Gitlab) $(severity):$(message).</description>
  </rule>

  <rule id="65611" level="5">
    <decoded_as>json</decoded_as>
    <field name="correlation_id">\w+</field>
    <field name="message">\.+</field>
    <field name="severity">^ERROR$</field>
    <options>no_full_log</options>
    <description>(Gitlab) $(severity):$(message).</description>
  </rule>

  <rule id="65612" level="3">
    <decoded_as>json</decoded_as>
    <field name="author_id">\w*</field>
    <field name="entity_id">\w*</field>
    <field name="entity_type">\w*</field>
    <field name="change">\w+</field>
    <field name="from">\.*</field>
    <field name="to">\.*</field>   
    <field name="severity">^INFO$</field>
    <options>no_full_log</options>
    <description>(Gitlab) $(severity):changed $(change) from $(from) to $(to).</description>
  </rule>
  
  <rule id="65613" level="3">
    <decoded_as>gitlab-sidekiq</decoded_as>
    <description>Group of gitlab_sidekiq.</description>
  </rule>

  <rule id="65614" level="3">
    <if_sid>65613</if_sid>
    <field name="info">\.+</field>
    <description>(Gitlab) INFO:$(info).</description>
  </rule>

  <rule id="65615" level="5">
    <if_sid>65613</if_sid>
    <field name="error">\.+</field>
    <description>(Gitlab) ERROR:$(error).</description>
  </rule>

  <rule id="65616" level="3">
    <decoded_as>json</decoded_as>
    <field name="queue">\.+</field>
    <field name="args">\.*</field>
    <field name="class">\w*</field>
    <field name="retry">\w+</field>
    <field name="queue_namespace">\w*</field>
    <field name="jid">\w*</field>
    <field name="severity">^INFO$</field>
    <description>(Gitlab) $(severity): $(message).</description>
  </rule>

  <rule id="65617" level="5">
    <decoded_as>json</decoded_as>
    <field name="queue">\.+</field>
    <field name="args">\.*</field>
    <field name="class">\w*</field>
    <field name="retry">\w+</field>
    <field name="queue_namespace">\w*</field>
    <field name="jid">\w*</field>
    <field name="severity">^ERROR$</field>
    <description>(Gitlab) $(severity): $(message).</description>
  </rule>
  
  <rule id="65618" level="3">
    <decoded_as>gitlab-shell-stderr</decoded_as>
    <field name="severity">^INFO$</field>
    <description>(Gitlab) $(severity): $(message).</description>
  </rule>

  <rule id="65619" level="5">
    <decoded_as>gitlab-shell-stderr</decoded_as>
    <field name="severity">^WARN$</field>
    <description>(Gitlab) $(severity): $(message).</description>
  </rule>

  <rule id="65620" level="3">
    <decoded_as>json</decoded_as>
    <field name="query_string">\.+</field>
    <field name="complexity">\d*</field>
    <field name="depth">\d*</field>
    <field name="duration">\d*</field>
    <description>(Gitlab) graphql_query_string: $(query_string).</description>
  </rule>

  <rule id="65621" level="3">
    <decoded_as>json</decoded_as>
    <status>^200$</status>
    <field name="method">\w+</field>
    <field name="path">^/api/\w+/\.+</field>
    <field name="params">\.+</field>
    <options>no_full_log</options>
    <description>(Gitlab) $(method) request completed succesfully.</description>
  </rule>

  <rule id="65622" level="5">
    <decoded_as>json</decoded_as>
    <status>^400$</status>
    <field name="method">\w+</field>
    <field name="path">^/api/\w+/\.+</field>
    <field name="params">\.+</field>
    <options>no_full_log</options>
    <description>(Gitlab) ERROR: couldn't complete $(method) request.</description>
  </rule>

  <rule id="65623" level="5">
    <decoded_as>json</decoded_as>
    <status>^300$</status>
    <field name="method">\w+</field>
    <field name="path">^/api/\w+/\.+</field>
    <field name="params">\.+</field>
    <options>no_full_log</options>
    <description>(Gitlab) REDIRECTION: The $(method) request has more than one possible response.</description>
  </rule>

</group>
