<!--
  -  Arbor rules
  -  Created by Wazuh, Inc. <support@wazuh.com>.
  -  Copyright (C) 2015, Wazuh Inc.
  -  This program is a free software; you can redistribute it and/or modify it under the terms of GPLv2.
-->

<!-- ID: 88800 - 88899 -->

<group name="arbor,">

    <rule id="88800" level="0">
        <decoded_as>arbor</decoded_as>
        <description>Arbor</description>
    </rule>

    <!--
         Sep 11 23:23:32 BDCAPS1 arbor-networks-aps: Blocked Host: Blocked host 192.168.0.180 at 11:22 by TCP SYN Flood Detection using TCP/3306 (MYSQL) destination 172.168.0.150 source port 6000,URL: https://BDCAPS1/summary/
    -->
    <rule id="88801" level="7">
        <if_sid>88800</if_sid>
        <description>Arbor: $(category)</description>
    </rule>

</group>
