<!--
  -  FireEye rules
  -  Created by Wazuh, Inc. <support@wazuh.com>.
  -  Copyright (C) 2015, Wazuh Inc.
  -  This program is a free software; you can redistribute it and/or modify it under the terms of GPLv2.
-->

<!--
Aug 25 17:22:01 usa001 cef: CEF:0|fireeye|hx|3.5.1|IOC Hit Found|IOC Hit Found|10|rt=Aug 25 2017 17:22:01 UTC dvchost=usa001 categoryDeviceGroup=/IDS categoryDeviceType=Forensic Investigation categoryObject=/Host cs1Label=Host Agent Cert Hash cs1=DOdxxxuqM dst=192.168.1.2 dmac=d8-d0-d3-d8-d8-d8 dhost=XXXXXXXXXX-XX dntdom=NA deviceCustomDate1Label=Agent Last Audit deviceCustomDate1=Aug 25 2017 17:18:04 UTC cs2Label=FireEye Agent Version cs2=21.33.7 cs5Label=Target GMT Offset cs5=-PT4H cs6Label=Target OS cs6=Windows 7 Enterprise 7601 Service Pack 1 externalId=82xxx51 start=Aug 25 2017 17:17:34 UTC categoryOutcome=/Success categorySignificance=/Compromise categoryBehavior=/Found cs7Label=Resolution cs7=ALERT cs8Label=Alert Types cs8=exc act=Detection IOC Hit msg=Host XXXXXXXXXX-XX IOC compromise alert categoryTupleDescription=A Detection IOC found a compromise indication. cs4Label=IOC Name cs4=MALICIOUS SCRIPT CONTENT A (METHODOLOGY) categoryTechnique=Alert
Aug 26 02:51:57 usa001 cef[16323]: CEF:0|fireeye|hx|3.5.1|ExD Hit Found|ExD Hit Found|10|rt=Aug 26 2017 02:51:57 UTC dvchost=usa001 categoryDeviceGroup=/IDS categoryDeviceType=Exploit Detection categoryObject=/Host cs1Label=Host Agent Cert Hash cs1=fUKxxxwqs dst=192.168.1.2 dmac=d8-d5-d9-d2-d9-dd dhost=XXXXXXXXXX-XX dntdom=NA deviceCustomDate1Label=Agent Last Audit deviceCustomDate1=Aug 26 2017 02:51:52 UTC cs2Label=FireEye Agent Version cs2=21.33.7 cs5Label=Target GMT Offset cs5=-PT3H cs6Label=Target OS cs6=Windows 7 Enterprise 7601 Service Pack 1 externalId=83xxx12 start=Aug 26 2017 02:50:32 UTC categoryOutcome=/Success categorySignificance=/Compromise categoryBehavior=/Found cs7Label=Resolution cs7=ALERT cs8Label=Alert Types cs8=xplt act=Detection ExD Hit msg=Host XXXXXXXXXX-XX ExD compromise alert categoryTupleDescription=ExD found a compromise indication. cs4Label=Process Name cs4=chrome.exe categoryTechnique=Exploit
Aug 26 02:48:33 uk001 cef[20526]: CEF:0|fireeye|hx|3.5.1|FireEye Acquisition Started|FireEye Acquisition Started|0|rt=Aug 26 2017 02:48:33 UTC dvchost=uk001 categoryDeviceGroup=/IDS/Application/Service categoryDeviceType=Forensic Investigation categoryObject=/Host cs1Label=Host Agent Cert Hash cs1=0f0xxxEcw dst=192.168.1.2 dmac=d4-db-d5-d2-df-d1 dhost=XXXXXXXXXX-XX dntdom=NA deviceCustomDate1Label=Agent Last Audit deviceCustomDate1=Aug 24 2017 23:11:09 UTC cs2Label=FireEye Agent Version cs2=21.33.7 cs5Label=Target GMT Offset cs5=+PT8H cs6Label=Target OS cs6=Windows 7 Enterprise 7601 Service Pack 1 externalId=20xxx56 cs3Label=Script Name cs3=Custom Acquisition categoryOutcome=/Success categorySignificance=/Informational categoryBehavior=/Create act=Acquisition Status msg=Host XXXXXXXXXX-XX Custom Acquisition started categoryTupleDescription=A Host Acquisition was successfully started.
-->

<group name="fireeye,">

    <rule id="150100" level="0">
        <decoded_as>cef-fireeye</decoded_as>
        <description>FireEye</description>
    </rule>

    <rule id="150101" level="7">
        <if_sid>150100</if_sid>
        <description>FireEye: $(type)</description>
    </rule>

    <rule id="150102" level="7">
        <if_sid>150101</if_sid>
        <field name="value">\.+</field>
        <description>FireEye: $(type) - $(value)</description>
    </rule>

    <rule id="150103" level="0">
        <if_sid>150101,150102</if_sid>
        <field name="type">FireEye Acquisition Started|FireEye Acquisition Queued|FireEye Acquisition Completed</field>
        <description>FireEye: $(type) - ignored</description>
    </rule>

    <rule id="150150" level="3">
        <decoded_as>fireeye-silverfish</decoded_as>
        <description>FireEye NX: Silverfish</description>
        <group>fireeye_nx_silverfish,</group>
    </rule>


</group>
