<!--
  -  Huawei USG rules
  -  Author: Miguel Ruiz
  -  Wazuh, Inc. <support@wazuh.com>.
  -  Copyright (C)  2015, Wazuh Inc.
  -  This program is a free software; you can redistribute it and/or modify it under the terms of GPLv2.
-->
<!-- ID: 89200 - 88399 -->

<group name="syslog,huawei_usg,">
  <rule id="89200" level="0">
    <decoded_as>huawei-usg</decoded_as>
    <description>Grouping of Huawei USG rules.</description>
  </rule>

  <rule id="89210" level="10">
    <if_sid>89200</if_sid>
    <id>/0/</id>
    <description>Huawei USG emergency message.</description>
    <group>gpg13_3.2,gdpr_IV_35.7.d,</group>
  </rule>

  <rule id="89211" level="7">
    <if_sid>89200</if_sid>
    <id>/1/</id>
    <description>Huawei USG alert message.</description>
    <group>gpg13_3.2,</group>
  </rule>

  <rule id="89212" level="5">
    <if_sid>89200</if_sid>
    <id>/2/</id>
    <description>Huawei USG critical message.</description>
    <group>gpg13_3.2,</group>
  </rule>

  <rule id="89213" level="4">
    <if_sid>89200</if_sid>
    <id>/3/</id>
    <description>Huawei USG error message.</description>
    <group>gpg13_3.5,</group>
  </rule>

  <rule id="89214" level="3">
    <if_sid>89200</if_sid>
    <id>/4/</id>
    <description>Huawei USG warning message.</description>
  </rule>

  <rule id="89215" level="0">
    <if_sid>89200</if_sid>
    <id>/5/</id>
    <description>Huawei USG notification message.</description>
  </rule>

  <rule id="89216" level="0">
    <if_sid>89200</if_sid>
    <id>/6/</id>
    <description>Huawei USG informational message.</description>
  </rule>

  <rule id="89217" level="0">
    <if_sid>89200</if_sid>
    <id>/7/</id>
    <description>Huawei USG debug message.</description>
  </rule>
</group>
