<!--
  Copyright (C) 2015, Wazuh Inc.
-->

<!--
  Sysmon Event ID 1 rules: 92000 - 92100
-->

<group name="sysmon,sysmon_eid1_detections,windows,">

  <rule id="92000" level="4">
    <if_group>sysmon_event1</if_group>
    <field name="win.eventdata.parentImage" type="pcre2">(?i)\\(c|w)script\.exe</field>
    <options>no_full_log</options>
    <description>Scripting interpreter spawned a new process</description>
    <mitre>
      <id>T1059.005</id>
    </mitre>
  </rule>

  <rule id="92001" level="6">
    <if_sid>92000</if_sid>
    <field name="win.eventdata.commandLine" type="pcre2">(?i)\\(c|w)script\.exe.+\.(bat|cmd|lnk|pif|vbs|vbe|js|wsh|ps1)</field>
    <options>no_full_log</options>
    <description>Scripting interpreter spawned new scripting interpreter</description>
    <mitre>
      <id>T1059</id>
    </mitre>
  </rule>

  <rule id="92002" level="6">
    <if_sid>92000</if_sid>
    <field name="win.eventdata.commandLine" type="pcre2">\\cmd\.exe</field>
    <options>no_full_log</options>
    <description>Scripting interpreter spawned Windows command shell instance</description>
    <mitre>
      <id>T1059.003</id>
    </mitre>
  </rule>

  <rule id="92003" level="6">
    <if_sid>92000</if_sid>
    <field name="win.eventdata.image" type="pcre2">(?i)[c-z]:(\\\\Users\\\\Public\\\\|\\\\Users\\\\.+\\\\AppData\\\\local\\\\temp)</field>
    <options>no_full_log</options>
    <description>Scripting interpreter spawned a process from a suspicious path</description>
    <mitre>
      <id>T1059</id>
    </mitre>
  </rule>

  <rule id="92004" level="4">
    <if_group>sysmon_event1</if_group>
    <field name="win.eventdata.commandLine" type="pcre2">\\cmd\.exe</field>
    <field name="win.eventdata.parentImage" type="pcre2">(?i)\\powershell\.exe</field>
    <options>no_full_log</options>
    <description>Powershell process spawned Windows command shell instance</description>
    <mitre>
      <id>T1059.003</id>
    </mitre>
  </rule>

  <rule id="92005" level="4">
    <if_group>sysmon_event1</if_group>
    <field name="win.eventdata.commandLine" type="pcre2">(?i)\\(c|w)script\.exe.+[c-z]:\\(Windows\\Temp)|Users\\.+\.(bat|cmd|lnk|pif|vbs|vbe|js|wsh|ps1)</field>
    <field name="win.eventdata.parentCommandLine" type="pcre2">(?i)cmd\.exe.+/(c|k)</field>
    <options>no_full_log</options>
    <description>Command shell started script with /c modifier</description>
    <mitre>
      <id>T1059</id>
    </mitre>
  </rule>

  <rule id="92006" level="6">
    <if_group>sysmon_event1</if_group>
    <field name="win.eventdata.image" type="pcre2">(?i)\\csc\.exe</field>
    <field name="win.eventdata.parentCommandLine" type="pcre2">(?i)powershell.+ExecutionPolicy\s+bypass</field>
    <options>no_full_log</options>
    <description>Powershell script compiling code using CSC.exe, possible malware drop</description>
    <mitre>
      <id>T1027.004</id>
    </mitre>
  </rule>

  <rule id="92007" level="3">
    <if_group>sysmon_event1</if_group>
    <field name="win.eventdata.image" type="pcre2">(?i)\\powershell\.exe</field>
    <field name="win.eventdata.commandLine" type="pcre2">(?i)Set-MpPreference</field>
    <options>no_full_log</options>
    <description>Possible tampering on Windows Defender configuration by Powershell command</description>
    <mitre>
      <id>T1562</id>
    </mitre>
  </rule>

  <rule id="92008" level="12">
    <if_sid>92007</if_sid>
    <field name="win.eventdata.commandLine" type="pcre2">(?i)(DisableRealtimeMonitoring|drtm)\s+(\$true|1)</field>
    <options>no_full_log</options>
    <description>Windows Defender real time monitoring was disabled by Powershell command</description>
    <mitre>
      <id>T1562.001</id>
    </mitre>
  </rule>

  <rule id="92009" level="13">
    <if_sid>92007</if_sid>
    <field name="win.eventdata.commandLine" type="pcre2">(?i)(DisableIntrusionPreventionSystem|dips)\s+(\$true|1)</field>
    <options>no_full_log</options>
    <description>Windows Defender Intrusion prevention system was disabled by Powershell command</description>
    <mitre>
      <id>T1562.001</id>
    </mitre>
  </rule>

  <rule id="92010" level="13">
    <if_sid>92007</if_sid>
    <field name="win.eventdata.commandLine" type="pcre2">(?i)(DisableIOAVProtection|dioavp)\s+(\$true|1)</field>
    <options>no_full_log</options>
    <description>Windows Defender downloaded file scanning was disabled by Powershell command</description>
    <mitre>
      <id>T1562.001</id>
    </mitre>
  </rule>

  <rule id="92011" level="13">
    <if_sid>92007</if_sid>
    <field name="win.eventdata.commandLine" type="pcre2">(?i)(DisableScriptScanning|dscrptsc)\s+(\$true|1)</field>
    <options>no_full_log</options>
    <description>Windows Defender script scanning was disabled by Powershell command</description>
    <mitre>
      <id>T1562.001</id>
    </mitre>
  </rule>

  <rule id="92012" level="13">
    <if_sid>92007</if_sid>
    <field name="win.eventdata.commandLine" type="pcre2">(?i)EnableControlledFolderAccess\s+(disabled|AuditMode)</field>
    <options>no_full_log</options>
    <description>Windows Defender Controlled folder access was disabled by Powershell command</description>
    <mitre>
      <id>T1562.001</id>
    </mitre>
  </rule>

  <rule id="92013" level="13">
    <if_sid>92007</if_sid>
    <field name="win.eventdata.commandLine" type="pcre2">(?i)EnableNetworkProtection\s+(disabled|AuditMode)</field>
    <options>no_full_log</options>
    <description>Windows Defender network protection was disabled by Powershell command</description>
    <mitre>
      <id>T1562.001</id>
    </mitre>
  </rule>

  <rule id="92014" level="13">
    <if_sid>92007</if_sid>
    <field name="win.eventdata.commandLine" type="pcre2">(?i)MAPSReporting\s+(disabled|AuditMode)</field>
    <options>no_full_log</options>
    <description>Microsoft Active Protection Service (MAPS) was disabled by Powershell command</description>
    <mitre>
      <id>T1562.001</id>
    </mitre>
  </rule>

  <rule id="92015" level="13">
    <if_sid>92007</if_sid>
    <field name="win.eventdata.commandLine" type="pcre2">(?i)SubmitSamplesConsent\s+NeverSend</field>
    <options>no_full_log</options>
    <description>Windows Defender sample submit was disabled by Powershell command</description>
    <mitre>
      <id>T1562.001</id>
    </mitre>
  </rule>

  <rule id="92016" level="13">
    <if_group>sysmon_event1</if_group>
    <field name="win.eventdata.originalFileName" type="pcre2">(?i)CertUtil\.exe</field>
    <field name="win.eventdata.image" type="pcre2" negate="yes">(?i)CertUtil\.exe</field>
    <options>no_full_log</options>
    <description>Masqueraded CertUtil.exe with a different file name. Possible use to decode malware</description>
    <mitre>
      <id>T1036.003</id>
      <id>T1140</id>
    </mitre>
  </rule>

  <rule id="92017" level="13">
    <if_sid>92016</if_sid>
    <field name="win.eventdata.commandLine" type="pcre2">(?i)decode\s+(.+)\s+.+\.exe</field>
    <options>no_full_log</options>
    <description>Masqueraded CertUtil.exe used to decode binary file</description>
    <mitre>
      <id>T1036.003</id>
      <id>T1140</id>
    </mitre>
  </rule>

  <rule id="92018" level="13">
    <if_group>sysmon_event1</if_group>
    <field name="win.eventdata.originalFileName" type="pcre2">(?i)CertUtil\.exe</field>
    <field name="win.eventdata.commandLine" type="pcre2">(?i)decode\s+(.+)\s+.+\.exe</field>
    <options>no_full_log</options>
    <description>CertUtil.exe used to decode binary file</description>
    <mitre>
      <id>T1140</id>
    </mitre>
  </rule>

  <rule id="92019" level="13">
    <if_group>sysmon_event1</if_group>
    <field name="win.eventdata.originalFileName" type="pcre2">(?i)MsMpEng\.exe</field>
    <field name="win.eventdata.image" type="pcre2" negate="yes">(?i)[c-z]:\\\\(ProgramData\\\\Microsoft|Program Files)\\\\Windows Defender</field>
    <options>no_full_log</options>
    <description>Windows Defender executed from suspicious path, possible DLL side-loading</description>
    <mitre>
      <id>T1574.002</id>
    </mitre>
  </rule>

  <rule id="92020" level="6">
    <if_group>sysmon_event1</if_group>
    <field name="win.eventdata.originalFileName" type="pcre2">PSCP</field>
    <field name="win.eventdata.commandLine" type="pcre2">(?i)-scp</field>
    <options>no_full_log</options>
    <description>A file was copied to other system over SSH using pscp.exe</description>
    <mitre>
      <id>T1021.004</id>
    </mitre>
  </rule>

  <rule id="92021" level="3">
    <if_group>sysmon_event1</if_group>
    <field name="win.eventdata.originalFileName" type="pcre2">(?i)PowerShell\.EXE</field>
    <field name="win.eventdata.commandLine" type="pcre2">(?i)(Remove-Item|ri|rm|rmdir|del|erase|rd)\b</field>
    <options>no_full_log</options>
    <description>Powershell was used to delete files or directories</description>
    <mitre>
      <id>T1070.004</id>
    </mitre>
  </rule>

  <rule id="92022" level="3">
    <if_group>sysmon_event1</if_group>
    <field name="win.eventdata.originalFileName" type="pcre2">qwinsta</field>
    <field name="win.eventdata.commandLine" type="pcre2">(?i)\/server</field>
    <options>no_full_log</options>
    <description>Gathered user information from Remote Desktop Service sessions</description>
    <mitre>
      <id>T1033</id>
    </mitre>
  </rule>

  <rule id="92023" level="8">
    <if_group>sysmon_event1</if_group>
    <field name="win.eventdata.originalFileName" type="pcre2">(?i)PowerShell.EXE</field>
    <field name="win.eventdata.commandLine" type="pcre2">(?i)\\\\HarddiskVolumeShadowCopy.+\\\\(SAM|SECURITY)</field>
    <options>no_full_log</options>
    <description>Suspicious Powershell activity with VSS and Windows SAM hive</description>
    <mitre>
      <id>T1003.002</id>
      <id>T1059.001</id>
    </mitre>
  </rule>

  <rule id="92024" level="14">
    <if_sid>92023</if_sid>
    <field name="win.eventdata.commandLine" type="pcre2">(?i)\[System.IO.File\]::Copy</field>
    <options>no_full_log</options>
    <description>Powershell used to copy SAM hive from VSS</description>
    <mitre>
      <id>T1003.002</id>
      <id>T1059.001</id>
    </mitre>
  </rule>

  <rule id="92025" level="0">
    <if_group>sysmon_event1</if_group>
    <field name="win.eventdata.originalFileName" type="pcre2">(?i)reg.EXE</field>
    <options>no_full_log</options>
    <description>Reg.exe execution</description>
    <mitre>
      <id>T1112</id>
      <id>T1012</id>
    </mitre>
  </rule>

  <rule id="92026" level="14">
    <if_sid>92025</if_sid>
    <field name="win.eventdata.commandLine" type="pcre2">(?i)save.+\\\\SAM</field>
    <options>no_full_log</options>
    <description>Reg.exe used to dump SAM hive</description>
    <mitre>
      <id>T1003.002</id>
    </mitre>
  </rule>

  <rule id="92027" level="4">
    <if_group>sysmon_event1</if_group>
    <field name="win.eventdata.image" type="pcre2">\\powershell\.exe</field>
    <field name="win.eventdata.parentImage" type="pcre2">(?i)\\powershell\.exe</field>
    <options>no_full_log</options>
    <description>Powershell process spawned powershell instance</description>
    <mitre>
      <id>T1059.001</id>
    </mitre>
  </rule>

  <rule id="92028" level="0">
    <if_group>sysmon_event1</if_group>
    <field name="win.eventdata.commandLine" type="pcre2">(?i)\.(bat|cmd|lnk|pif|vbs|vbe|js|wsh|ps1)</field>
    <field name="win.eventdata.originalFileName" type="pcre2">(?i)powershell\.exe$</field>
    <options>no_full_log</options>
    <description>Powershell executed script</description>
    <mitre>
      <id>T1059.001</id>
    </mitre>
  </rule>

  <rule id="92029" level="6">
    <if_sid>92028</if_sid>
    <field name="win.eventdata.commandLine" type="pcre2">(?i)[c-z]:\\\\(Windows\\\\Temp|Users)\\.+\.(bat|cmd|lnk|pif|vbs|vbe|js|wsh|ps1)</field>
    <options>no_full_log</options>
    <description>Powershell executed script from suspicious location</description>
    <mitre>
      <id>T1059.001</id>
    </mitre>
  </rule>

  <rule id="92030" level="3">
    <if_group>sysmon_event1</if_group>
    <field name="win.eventdata.originalFileName" type="pcre2">qwinsta</field>
    <field name="win.eventdata.commandLine" type="pcre2">(?i)\/server</field>
    <options>no_full_log</options>
    <description>Gathered user information from Remote Desktop Service sessions</description>
    <mitre>
      <id>T1033</id>
    </mitre>
  </rule>

  <rule id="92031" level="3">
    <if_group>sysmon_event1</if_group>
    <field name="win.eventdata.originalFileName" type="pcre2">(?i)(net\.EXE|net1\.EXE)</field>
    <options>no_full_log</options>
    <description>Discovery activity executed</description>
    <mitre>
      <id>T1087</id>
    </mitre>
  </rule>

  <rule id="92032" level="3">
    <if_sid>92031, 61603</if_sid>
    <field name="win.eventdata.parentImage" type="pcre2">(?i)cmd\.EXE</field>
    <field name="win.eventdata.parentCommandLine" type="pcre2">(?i)\s\/C\s</field>
    <options>no_full_log</options>
    <description>Suspicious Windows cmd shell execution</description>
    <mitre>
      <id>T1087</id>
      <id>T1059.003</id>
    </mitre>
  </rule>

  <rule id="92033" level="3">
    <if_sid>92031</if_sid>
    <field name="win.eventdata.parentImage" type="pcre2">(?i)powershell\.EXE</field>
    <options>no_full_log</options>
    <description>Discovery activity spawned via powershell execution</description>
    <mitre>
      <id>T1087</id>
      <id>T1059.001</id>
    </mitre>
  </rule>

  <rule id="92034" level="3">
    <if_sid>92032</if_sid>
    <field name="win.eventdata.commandLine" type="pcre2">(?i)view</field>
    <options>no_full_log</options>
    <description>Discovery activity spawned via cmd shell execution</description>
    <mitre>
      <id>T1135</id>
    </mitre>
  </rule>

  <rule id="92035" level="3">
    <if_sid>92034</if_sid>
    <field name="win.eventdata.commandLine" type="pcre2">(?i)domain</field>
    <options>no_full_log</options>
    <description>A net.exe domain discovery command was executed</description>
    <mitre>
      <id>T1135</id>
      <id>T1059.003</id>
    </mitre>
  </rule>

  <rule id="92036" level="3">
    <if_sid>92032</if_sid>
    <field name="win.eventdata.originalFileName" type="pcre2">(?i)(SystemPropertiesAdvanced|net)\.EXE</field>
    <options>no_full_log</options>
    <description>A $(win.eventdata.image) binary was started by a Windows cmd shell</description>
    <mitre>
      <id>T1059.003</id>
      <id>T1574.001</id>
    </mitre>
  </rule>

  <rule id="92037" level="3">
    <if_sid>92031, 92033</if_sid>
    <field name="win.eventdata.commandLine" type="pcre2">(?i)use\s</field>
    <options>no_full_log</options>
    <description>A net.exe connection to a remote resource was started by $(win.eventdata.parentImage)</description>
    <mitre>
      <id>T1567</id>
    </mitre>
  </rule>

  <rule id="92038" level="12">
    <if_sid>92037</if_sid>
    <field name="win.eventdata.commandLine" type="pcre2">(?i)(live|outlook|google|drive|microsoft|dropbox)</field>
    <options>no_full_log</options>
    <description>A connection to cloud resource was started by $(win.eventdata.parentImage)</description>
    <mitre>
      <id>T1102</id>
      <id>T1567.002</id>
    </mitre>
  </rule>

  <rule id="92039" level="3">
    <if_sid>92031</if_sid>
    <field name="win.eventdata.commandLine" type="pcre2">(?i)user\s</field>
    <options>no_full_log</options>
    <description>A net.exe account discovery command was initiated</description>
    <mitre>
      <id>T1087</id>
    </mitre>
  </rule>

  <rule id="92040" level="12">
    <if_sid>92039</if_sid>
    <field name="win.eventdata.commandLine" type="pcre2">(?i)add\s</field>
    <options>no_full_log</options>
    <description>$(win.eventdata.originalFileName) executed a user creation command</description>
    <mitre>
      <id>T1136.001</id>
    </mitre>
  </rule>

  <rule id="92041" level="10">
    <if_sid>92025</if_sid>
    <field name="win.eventdata.commandLine" type="pcre2">(?i)add.+\/d\s+(")?(?:[A-Za-z\d+\/]{4})*(?:[A-Za-z\d+\/]{3}=|[A-Za-z\d+\/]{2}==)?</field>
    <options>no_full_log</options>
    <description>Value added to registry key has Base64-like pattern</description>
    <mitre>
      <id>T1027</id>
      <id>T1112</id>
    </mitre>
  </rule>

  <rule id="92042" level="0">
    <if_group>sysmon_event1</if_group>
    <field name="win.eventdata.originalFileName" type="pcre2">(?i)netsh.EXE</field>
    <options>no_full_log</options>
    <description>Netsh command invoked</description>
  </rule>

  <rule id="92043" level="10">
    <if_sid>92042</if_sid>
    <field name="win.eventdata.commandLine" type="pcre2">(?i)advfirewall|firewall</field>
    <field name="win.eventdata.commandLine" type="pcre2">(?i)add\srule</field>
    <options>no_full_log</options>
    <description>Netsh used to add firewall rule</description>
    <mitre>
      <id>T1562.004</id>
    </mitre>
  </rule>

  <rule id="92044" level="14">
    <if_sid>92043</if_sid>
    <field name="win.eventdata.commandLine" type="pcre2">localport=5900</field>
    <options>no_full_log</options>
    <description>Netsh used to add firewall rule referencing port 5900, usually used for VNC</description>
    <mitre>
      <id>T1562.004</id>
    </mitre>
  </rule>

  <rule id="92045" level="14">
    <if_sid>92025</if_sid>
    <field name="win.eventdata.commandLine" type="pcre2">(?i)IMPORT\s+[C-Z]:\\\\Users\\\\Public\\\\.+\.reg</field>
    <options>no_full_log</options>
    <description>Reg.exe modified registry using .reg file in suspicious location</description>
    <mitre>
      <id>T1112</id>
    </mitre>
  </rule>

  <rule id="92046" level="12">
    <if_group>sysmon_event1</if_group>
    <field name="win.eventdata.originalFileName" type="pcre2">(?i)(cmd|powershell|rundll32)\.EXE</field>
    <field name="win.eventdata.parentImage" type="pcre2">(?i)fodhelper\.EXE</field>
    <options>no_full_log</options>
    <description>Possible use of fodhelper.exe used to bypass UAC and execute of malicious software</description>
    <mitre>
      <id>T1548.002</id>
    </mitre>
  </rule>

  <rule id="92047" level="12">
    <if_group>sysmon_event1</if_group>
    <field name="win.eventdata.originalFileName" type="pcre2">(?i)mshta\.EXE</field>
    <field name="win.eventdata.parentImage" type="pcre2">(?i)(winword|excel|powerpnt)\.EXE</field>
    <options>no_full_log</options>
    <description>Office application started mshta.exe</description>
    <mitre>
      <id>T1218.005</id>
    </mitre>
  </rule>

  <rule id="92048" level="15">
    <if_sid>92047</if_sid>
    <field name="win.eventdata.commandLine" type="pcre2">(?i)(vbscript|javascript)</field>
    <options>no_full_log</options>
    <description>Office application started mshta.exe and executed scripting command</description>
    <mitre>
      <id>T1218.005</id>
      <id>T1059</id>
    </mitre>
  </rule>

  <rule id="92049" level="12">
    <if_group>sysmon_event1</if_group>
    <field name="win.eventdata.commandLine" type="pcre2">(?i)verclsid.exe\s+/S\s+/C\s+\{</field>
    <options>no_full_log</options>
    <description>Verclsid.exe may have been used to execute COM payload</description>
    <mitre>
      <id>T1218.012</id>
    </mitre>
  </rule>

  <rule id="92050" level="12">
    <if_sid>92049</if_sid>
    <field name="win.eventdata.parentImage" type="pcre2">(?i)(winword|excel|powerpnt)\.EXE</field>
    <options>no_full_log</options>
    <description>Office application invoked Verclsid.exe, possible COM payload execution</description>
    <mitre>
      <id>T1218.012</id>
      <id>T1559.001</id>
    </mitre>
  </rule>

  <rule id="92051" level="12">
    <if_group>sysmon_event1</if_group>
    <field name="win.eventdata.originalFileName" type="pcre2">(?i)wscript\.exe</field>
    <field name="win.eventdata.image" type="pcre2" negate="yes">(?i)wscript\.exe</field>
    <options>no_full_log</options>
    <description>Executed a renamed copy of wscript.exe</description>
    <mitre>
      <id>T1036.003</id>
      <id>T1059.005</id>
    </mitre>
  </rule>

  <rule id="92052" level="4">
    <if_group>sysmon_event1</if_group>
    <field name="win.eventdata.originalFileName" type="pcre2">(?i)cmd\.EXE</field>
    <field name="win.eventdata.parentImage" type="pcre2" negate="yes">(?i)(explorer|cmd)\.EXE</field>
    <options>no_full_log</options>
    <description>Windows command prompt started by an abnormal process</description>
    <mitre>
      <id>T1059.003</id>
    </mitre>
  </rule>

  <rule id="92053" level="12">
    <if_group>sysmon_event1</if_group>
    <field name="win.eventdata.parentCommandLine" type="pcre2">(?i)\s\/b\s\/e\:jscript</field>
    <options>no_full_log</options>
    <description>Detected a suspicious process launched with a jscript engine signature</description>
    <mitre>
      <id>T1059.003</id>
    </mitre>
  </rule>

  <rule id="92054" level="14">
    <if_group>sysmon_event1</if_group>
    <field name="win.eventdata.parentCommandLine" type="pcre2">(?i)svchost.exe -k netsvcs -p</field>
    <field name="win.eventdata.commandLine" type="pcre2">(?i)appdata\\\\.+\.exe.+\.js$</field>
    <options>no_full_log</options>
    <description>Suspicious execution of .js file by $(win.eventdata.image)</description>
    <mitre>
      <id>T1059.007</id>
    </mitre>
  </rule>

  <rule id="92055" level="12">
    <if_group>sysmon_event1</if_group>
    <field name="win.eventdata.originalFileName" type="pcre2">(?i)(ComputerDefaults|fodhelper)\.EXE</field>
    <options>no_full_log</options>
    <description>Known auto-elevated utility $(win.eventdata.originalFileName) may have been used to bypass UAC</description>
    <mitre>
      <id>T1548.002</id>
    </mitre>
  </rule>

  <rule id="92056" level="14">
    <if_sid>92055</if_sid>
    <field name="win.eventdata.parentCommandLine" type="pcre2">(?i)powershell\.EXE</field>
    <options>no_full_log</options>
    <description>Powershell process invoked known auto-elevated utility $(win.eventdata.originalFileName), may have been used to bypass UAC</description>
    <mitre>
      <id>T1548.002</id>
    </mitre>
  </rule>

  <rule id="92057" level="12">
    <if_group>sysmon_event1</if_group>
    <field name="win.eventdata.parentImage" type="pcre2">(?i)powershell\.exe</field>
    <field name="win.eventdata.commandLine" type="pcre2">(?i)powershell\.exe.+\-\b(encodedcommand|e|ea|ec|encodeda|encode|en|enco)\b</field>
    <options>no_full_log</options>
    <description>Powershell.exe spawned a powershell process which executed a base64 encoded command</description>
    <mitre>
      <id>T1059.001</id>
    </mitre>
  </rule>

  <rule id="92058" level="12">
    <if_group>sysmon_event1</if_group>
    <field name="win.eventdata.originalFileName" type="pcre2">(?i)sdbinst\.EXE</field>
    <options>no_full_log</options>
    <description>Application Compatibility Database launched</description>
    <mitre>
      <id>T1546.011</id>
    </mitre>
  </rule>

  <rule id="92059" level="14">
    <if_sid>92058</if_sid>
    <field name="win.eventdata.parentCommandLine" type="pcre2">(?i)powershell\.exe.+\-(encodedcommand|e|ea|ec|encodeda|encode|en|enco)</field>
    <options>no_full_log</options>
    <description>Possible Shimming. Application Compatibility Database launched from an encoded powershell command</description>
    <mitre>
      <id>T1059.001</id>
      <id>T1546.011</id>
    </mitre>
  </rule>

  <rule id="92060" level="15">
    <if_group>sysmon_event1</if_group>
    <field name="win.eventdata.parentImage" type="pcre2">(*UTF)\N{U+202E}</field>
    <options>no_full_log</options>
    <description>Suspicious process (right to left override character) spawned a subprocess</description>
    <mitre>
      <id>T1036.002</id>
    </mitre>
  </rule>

  <rule id="92061" level="3">
    <if_group>sysmon_event1</if_group>
    <field name="win.eventdata.originalFileName" type="pcre2">(?i)sdclt\.exe</field>
    <field name="win.eventdata.parentImage" type="pcre2">(?i)(cmd\.exe|powershell\.exe)</field>
    <field name="win.eventdata.integrityLevel" type="pcre2">(?i)(medium|high)</field>
    <options>no_full_log</options>
    <description>Windows backup and restore tool $(win.eventdata.originalFileName) launched via $(win.eventdata.parentImage) with $(win.eventdata.integrityLevel) integrity level</description>
    <mitre>
      <id>T1548</id>
      <id>T1059.003</id>
    </mitre>
  </rule>

  <rule id="92062" level="14">
    <if_group>sysmon_event1</if_group>
    <field name="win.eventdata.parentImage" type="pcre2">(?i)control\.exe</field>
    <field name="win.eventdata.integrityLevel" type="pcre2">(?i)high</field>
    <field name="win.eventdata.image" type="pcre2">(?i)powershell\.exe</field>
    <options>no_full_log</options>
    <description>Powershell launched with a $(win.eventdata.integrityLevel) integrity level by $(win.eventdata.parentImage)</description>
    <mitre>
      <id>T1548</id>
      <id>T1548.002</id>
    </mitre>
  </rule>

  <rule id="92063" level="6">
    <if_group>sysmon_event1</if_group>
    <field name="win.eventdata.originalFileName" type="pcre2">(?i)sdelete\.exe</field>
    <options>no_full_log</options>
    <description>File deletion by $(win.eventdata.originalFileName). Command: $(win.eventdata.commandLine)</description>
    <mitre>
      <id>T1070.004</id>
    </mitre>
  </rule>

  <rule id="92064" level="15">
    <if_group>sysmon_event1</if_group>
    <field name="win.eventdata.image" type="pcre2">(*UTF)\N{U+202E}</field>
    <options>no_full_log</options>
    <description>Executed suspicious process with right to left override character in binary file, possible malicious file masquerading</description>
    <mitre>
      <id>T1036.002</id>
      <id>T1204.002</id>
    </mitre>
  </rule>

  <rule id="92065" level="6">
    <if_group>sysmon_event1</if_group>
    <field name="win.eventdata.parentImage" type="pcre2">(?i)Windows\\\\Temp.+\.(exe|dll)</field>
    <field name="win.eventdata.originalFileName" type="pcre2">(?i)PowerShell\.exe</field>
    <options>no_full_log</options>
    <description>Powershell.exe launched by binary $(win.eventdata.parentImage) in a suspicious location</description>
    <mitre>
      <id>T1059.001</id>
    </mitre>
  </rule>

  <rule id="92066" level="4">
    <if_group>sysmon_event1</if_group>
    <field name="win.eventdata.parentImage" type="pcre2">(?i)powershell.exe</field>
    <field name="win.eventdata.image" type="pcre2">(?i)Windows\\\\(SysWOW64|Temp).+\.exe</field>
    <options>no_full_log</options>
    <description>$(win.eventdata.image) binary in a suspicious location launched by $(win.eventdata.parentImage)</description>
    <mitre>
      <id>T1059.001</id>
    </mitre>
  </rule>

  <rule id="92067" level="6">
    <if_sid>92066</if_sid>
    <field name="win.eventdata.commandLine" type="pcre2">(?i)\.(zip|7z|rar)</field>
    <options>no_full_log</options>
    <description>$(win.eventdata.image) launched by $(win.eventdata.parentImage) executed a compressed file creation command</description>
    <mitre>
      <id>T1560.001</id>
    </mitre>
  </rule>

  <rule id="92068" level="3">
    <if_group>sysmon_event1</if_group>
    <field name="win.eventdata.parentCommandLine" type="pcre2">(?i)PSEXESVC\.exe</field>
    <options>no_full_log</options>
    <description>PSEXEC was used to execute: $(win.eventdata.commandLine)</description>
    <mitre>
      <id>T1569.002</id>
    </mitre>
  </rule>

  <rule id="92069" level="0">
    <if_group>sysmon_event1</if_group>
    <field name="win.eventdata.parentImage" type="pcre2">(?i)WmiPrvSE\.exe</field>
    <options>no_full_log</options>
    <description>Windows management instrumentation started a process</description>
    <mitre>
      <id>T1047</id>
    </mitre>
  </rule>

  <rule id="92070" level="6">
    <if_sid>92069</if_sid>
    <field name="win.eventdata.originalFileName" type="pcre2">(?i)PowerShell\.EXE</field>
    <options>no_full_log</options>
    <description>Windows management instrumentation (WMI) created a powershell process</description>
    <mitre>
      <id>T1047</id>
      <id>T1059.001</id>
    </mitre>
  </rule>

  <rule id="92071" level="12">
    <if_sid>92070</if_sid>
    <field name="win.eventdata.commandLine" type="pcre2">(?i)powershell\.exe.+\-(encodedcommand|e|ea|ec|encodeda|encode|en|enco)</field>
    <options>no_full_log</options>
    <description>A powershell process created by WMI executed a base64 encoded command</description>
    <mitre>
      <id>T1047</id>
      <id>T1059.001</id>
    </mitre>
  </rule>

  <rule id="92072" level="4">
    <if_group>sysmon_event1</if_group>
    <field name="win.eventdata.commandLine" type="pcre2">(?i)certutil.exe.+\-decode</field>
    <options>no_full_log</options>
    <description>Certutil decoding a file</description>
    <mitre>
      <id>T1140</id>
    </mitre>
  </rule>

  <rule id="92073" level="6">
    <if_sid>92072</if_sid>
    <field name="win.eventdata.parentCommandLine" type="pcre2">(?i)powershell\.exe</field>
    <options>no_full_log</options>
    <description>Powershell executing certutil to decode a file</description>
    <mitre>
      <id>T1140</id>
    </mitre>
  </rule>

  <rule id="92074" level="12">
    <if_group>sysmon_event1</if_group>
    <field name="win.eventdata.originalFileName" type="pcre2">(?i)(curl|wget)\.exe</field>
    <field name="win.eventdata.commandLine" type="pcre2">(?i)\-(o|out|outfile).+\.(dll|exe)</field>
    <options>no_full_log</options>
    <description>$(win.eventdata.originalFileName) launched with commands to create a binary file</description>
    <mitre>
      <id>T1105</id>
    </mitre>
  </rule>

  <rule id="92075" level="12">
    <if_group>sysmon_event1</if_group>
    <field name="win.eventdata.originalFileName" type="pcre2">(?i)certutil\.exe</field>
    <field name="win.eventdata.commandLine" type="pcre2">(?i)\-urlcache.+\.(dll|exe)</field>
    <options>no_full_log</options>
    <description>$(win.eventdata.originalFileName) launched with commands to create a binary file</description>
    <mitre>
      <id>T1105</id>
    </mitre>
  </rule>

  <rule id="92076" level="6">
    <if_group>sysmon_event1</if_group>
    <field name="win.eventdata.originalFileName" type="pcre2">(?i)RUNDLL32.EXE</field>
    <field name="win.eventdata.commandLine" type="pcre2">(?i).lock</field>
    <options>no_full_log</options>
    <description>Rundll32 executing suspicious .lock file, possible persistence tactic</description>
    <mitre>
      <id>T1546</id>
      <id>T1218</id>
    </mitre>
  </rule>

  <rule id="92077" level="10">
    <if_sid>61603</if_sid>
    <field name="win.eventdata.commandLine">SecurityCenter2 Path AntiVirusProduct Get</field>
    <options>no_full_log</options>
    <description>WMI command was used for AV product discovery</description>
    <mitre>
      <id>T1518.001</id>
    </mitre>
  </rule>

  <rule id="92078" level="10">
    <if_sid>61603</if_sid>
    <field name="win.eventdata.currentDirectory">E:\\</field>
    <field name="win.eventdata.commandLine">cmd\.exe</field>
    <options>no_full_log</options>
    <description>Cmd.exe executed from non-standard directory, may be related to link execution from mounted ISO file</description>
    <mitre>
      <id>T1204.002</id>
    </mitre>
  </rule>

  <rule id="92079" level="10">
    <if_sid>92078</if_sid>
    <field name="win.eventdata.commandLine">rundll32</field>
    <options>no_full_log</options>
    <description>Rundll32 executed from non-standard directory, may be related to link execution from mounted ISO file</description>
    <mitre>
      <id>T1204.002</id>
      <id>T1218.011</id>
    </mitre>
  </rule>

  <rule id="92080" level="7">
    <if_sid>92031</if_sid>
    <field name="win.eventdata.commandLine">config workstation</field>
    <options>no_full_log</options>
    <description>System information discovery activity detected</description>
    <mitre>
      <id>T1082</id>
      <id>T1047</id>
    </mitre>
  </rule>

  <rule id="92081" level="15">
    <if_group>sysmon_event1</if_group>
    <field name="win.eventdata.originalFileName" type="pcre2">(?i)RUNDLL32.EXE</field>
    <field name="win.eventdata.commandLine" type="pcre2">(?i).(html|htm|txt|png|jpg|pdf)"*,#</field>
    <options>no_full_log</options>
    <description>Rundll32 executing file with suspicious extension</description>
    <mitre>
      <id>T1218.011</id>
    </mitre>
  </rule>

</group>
