<!--
  Copyright (C) 2015, Wazuh Inc.
-->

<!--
  Sysmon Event ID 3 rules: 92101 - 92150
-->

<group name="sysmon,sysmon_eid3_detections,windows,">

  <rule id="92101" level="0">
    <if_group>sysmon_event3</if_group>
    <field name="win.eventdata.image" type="pcre2">(?i)\\powershell\.exe</field>
    <field name="win.eventdata.protocol">^tcp$</field>
    <options>no_full_log</options>
    <description>Powershell process communicating over TCP</description>
    <mitre>
      <id>T1095</id>
    </mitre>
  </rule>

  <rule id="92102" level="6">
    <if_sid>92101</if_sid>
    <field name="win.eventdata.destinationPort">^135$</field>
    <options>no_full_log</options>
    <description>Suspicious DCOM/RPC activity from Powershell process</description>
    <mitre>
      <id>T1110</id>
    </mitre>
  </rule>

  <rule id="92103" level="6">
    <if_sid>92101</if_sid>
    <field name="win.eventdata.destinationPort">^389$</field>
    <options>no_full_log</options>
    <description>LDAP activity from Powershell process, possible remote system discovery</description>
    <mitre>
      <id>T1018</id>
    </mitre>
  </rule>

  <rule id="92104" level="15">
    <if_group>sysmon_event3</if_group>
    <field name="win.eventdata.image" type="pcre2">(*UTF)\N{U+202E}</field>
    <options>no_full_log</options>
    <description>Suspicious binary created network connection to $(win.eventdata.destinationIp):$(win.eventdata.destinationPort)</description>
    <mitre>
      <id>T1095</id>
    </mitre>
  </rule>

  <rule id="92105" level="3">
    <if_group>sysmon_event3</if_group>
    <field name="win.eventdata.destinationPort" type="pcre2">^(135|445)$</field>
    <options>no_full_log</options>
    <description>Possible suspicious access to Windows admin shares</description>
    <mitre>
      <id>T1021.002</id>
    </mitre>
  </rule>

  <rule id="92106" level="3">
    <if_sid>92105</if_sid>
    <field name="win.eventdata.image" type="pcre2">^System$</field>
    <options>no_full_log</options>
    <description>Windows System process activity over SMB port - Possible suspicious access to Windows admin shares</description>
    <mitre>
      <id>T1021.002</id>
    </mitre>
  </rule>

  <rule id="92107" level="4">
    <if_group>sysmon_event3</if_group>
    <field name="win.eventdata.image" type="pcre2">\\(c|w)script\.exe</field>
    <field name="win.eventdata.protocol" type="pcre2">tcp</field>
    <options>no_full_log</options>
    <description>Script generated suspicious network activity over TCP protocol</description>
    <mitre>
      <id>T1095</id>
    </mitre>
  </rule>

  <rule id="92108" level="0">
    <if_group>sysmon_event3</if_group>
    <field name="win.eventdata.destinationPort" type="pcre2">^3389$</field>
    <options>no_full_log</options>
    <description>Detected RDP port network activity from $(win.eventdata.sourceIp) to $(win.eventdata.destinationIp)</description>
    <mitre>
      <id>T1021.001</id>
    </mitre>
  </rule>

  <rule id="92109" level="15">
    <if_sid>92108</if_sid>
    <field name="win.eventdata.destinationIp" type="pcre2">0:0:0:0:0:0:0:1|127\.0\.0\.1</field>
    <field name="win.eventdata.sourceIp" type="pcre2">0:0:0:0:0:0:0:1|127\.0\.0\.1</field>
    <options>no_full_log</options>
    <description>Network activity using RDP port from-to loopback address, possible exploit using reverse tunneling</description>
    <mitre>
      <id>T1021.001</id>
    </mitre>
  </rule>

  <rule id="92110" level="4">
    <if_sid>92101, 61605</if_sid>
    <field name="win.eventdata.destinationPort" type="pcre2">^5985$</field>
    <options>no_full_log</options>
    <description>Detected WinRM activity from $(win.eventdata.sourceIp) to $(win.eventdata.destinationIp)</description>
    <mitre>
      <id>T1021.006</id>
    </mitre>
  </rule>

</group>
