<!--
  Copyright (C) 2015, Wazuh Inc.
-->

<!--
  Sysmon Event ID 7 rules: 92151 - 92199
-->

<group name="sysmon,sysmon_eid7_detections,windows,">

  <rule id="92151" level="12">
    <if_group>sysmon_event7</if_group>
    <field name="win.eventdata.originalFileName" type="pcre2">(?i)System.Management.Automation.dll</field>
    <field name="win.eventdata.image" type="pcre2" negate="yes">(?i)[c-z]\:\\\\Windows\\\\Microsoft.NET\\.+\\csc\\.exe$</field>
    <field name="win.eventdata.image" type="pcre2" negate="yes">(?i)(devenv|node|SSMS|VSLauncher)\.exe$</field>
    <field name="win.eventdata.image" type="pcre2" negate="yes">(?i)(sdiagnhost|SmartAudio3)\.exe$</field>
    <field name="win.eventdata.image" type="pcre2" negate="yes">(?i)(pwsh\.dll|powershell(_ise)?\.exe)$</field>
    <options>no_full_log</options>
    <description>Binary loaded PowerShell automation library - Possible unmanaged Powershell execution by suspicious process</description>
    <mitre>
      <id>T1059.001</id>
    </mitre>
  </rule>

  <rule id="92152" level="6">
    <if_group>sysmon_event7</if_group>
    <field name="win.eventdata.imageLoaded" type="pcre2">(?i)[c-z]:\\\\Windows\\\\System32\\\\spool\\\\drivers</field>
    <field name="win.eventdata.image" type="pcre2">spoolsv\.exe$</field>
    <options>no_full_log</options>
    <description>Printer spooler service loaded a dll file. Possible PrintNightmare exploit: CVE-2021-34527</description>
    <mitre>
      <id>T1210</id>
    </mitre>
  </rule>

  <rule id="92153" level="10">
    <if_group>sysmon_event7</if_group>
    <field name="win.eventdata.imageLoaded" type="pcre2">(?i)vaultcli.dll</field>
    <field name="win.eventdata.image" type="pcre2" negate="yes">(?i)VaultCmd\.exe$</field>
    <options>no_full_log</options>
    <description>Suspicious process loaded VaultCli.dll module. Possible use to dump stored passwords.</description>
    <mitre>
      <id>T1555</id>
    </mitre>
  </rule>

  <rule id="92154" level="4">
    <if_group>sysmon_event7</if_group>
    <field name="win.eventdata.imageLoaded" type="pcre2">(?i)taskschd.dll</field>
    <options>no_full_log</options>
    <description>Process loaded taskschd.dll module. May be used to create delayed malware execution</description>
    <mitre>
      <id>T1053.005</id>
    </mitre>
  </rule>

  <rule id="92155" level="12">
    <if_sid>92154</if_sid>
    <field name="win.eventdata.image" type="pcre2">(?i)mshta\.exe$</field>
    <options>no_full_log</options>
    <description>Mshta loaded taskschd.dll module. May be used to create delayed malware execution</description>
    <mitre>
      <id>T1053.005</id>
    </mitre>
  </rule>

  <rule id="92156" level="12">
    <if_group>sysmon_event7</if_group>
    <field name="win.eventdata.image" type="pcre2">(?i)(winword|excel|powerpnt)\.EXE</field>
    <field name="win.eventdata.originalFileName" type="pcre2">(?i)VBEUI.DLL</field>
    <options>no_full_log</options>
    <description>Office application loaded vbeui.dll module. May be used to execute scripting code</description>
    <mitre>
      <id>T1059.005</id>
    </mitre>
  </rule>

  <rule id="92157" level="6">
    <if_group>sysmon_event7</if_group>
    <field name="win.eventdata.imageLoaded" type="pcre2">(?i)[c-z]:\\\\Windows\\\\Temp\\\\.+\.dll</field>
    <options>no_full_log</options>
    <description>An executable - $(win.eventdata.image) - loaded $(win.eventdata.imageLoaded) from the Temp directory.</description>
    <mitre>
      <id>T1546.011</id>
    </mitre>
  </rule>

</group>
