<!--
  Copyright (C) 2015, Wazuh Inc.
-->

<!--
  Sysmon Event ID 11 rules 92200 - 92299
-->

<group name="sysmon,sysmon_eid11_detections,windows,">

  <rule id="92200" level="6">
    <if_group>sysmon_event_11</if_group>
    <field name="win.eventdata.targetFilename" type="pcre2">(?i)[c-z]:\\\\(Windows\\\\Temp|Users).+\.(bat|cmd|lnk|pif|vbs|vbe|js|wsh|ps1)</field>
    <options>no_full_log</options>
    <description>Scripting file created under Windows Temp or User folder</description>
    <mitre>
      <id>T1059</id>
      <id>T1105</id>
    </mitre>
  </rule>

  <rule id="92201" level="9">
    <if_sid>92200</if_sid>
    <field name="win.eventdata.image" type="pcre2">(?i)\\((c|w)script|powershell)\.exe</field>
    <options>no_full_log</options>
    <description>$(win.eventdata.image) created a new scripting file under Windows Temp or User data folder</description>
    <mitre>
      <id>T1105</id>
      <id>T1059</id>
    </mitre>
  </rule>

  <rule id="92202" level="6">
    <if_group>sysmon_event_11</if_group>
    <field name="win.eventdata.image" type="pcre2">(?i)PAExec.</field>
    <field name="win.eventdata.targetFilename" type="pcre2">(?i)[c-z]:\\\\Windows\\\\.+\.(exe|com|dll|vbs|js|bat|cmd|pif|wsh|ps1|lnk|msi|vbe)$</field>
    <options>no_full_log</options>
    <description>Executable dropped in Windows root folder by $(win.eventdata.image) process. Possible abuse of Windows admin shares</description>
    <mitre>
      <id>T1570</id>
    </mitre>
  </rule>

  <rule id="92203" level="6">
    <if_group>sysmon_event_11</if_group>
    <field name="win.eventdata.image" type="pcre2">(?i)powershell\.exe</field>
    <field name="win.eventdata.targetFilename" type="pcre2">(?i)\.(exe|com|dll|vbs|js|bat|cmd|pif|wsh|ps1|lnk|msi|vbe)</field>
    <options>no_full_log</options>
    <description>Executable file created by powershell: $(win.eventdata.targetFilename)</description>
    <mitre>
      <id>T1105</id>
    </mitre>
  </rule>

  <rule id="92204" level="9">
    <if_sid>92203</if_sid>
    <field name="win.eventdata.targetFilename" type="pcre2">(?i)AppData\\\\(Roaming|local)</field>
    <options>no_full_log</options>
    <description>Powershell process created executable file in AppData temp folder</description>
    <mitre>
      <id>T1105</id>
    </mitre>
  </rule>

  <rule id="92205" level="9">
    <if_sid>92203</if_sid>
    <field name="win.eventdata.targetFilename" type="pcre2">(?i)Windows\\\\(system|syswow64|temp)</field>
    <options>no_full_log</options>
    <description>Powershell process created an executable file in Windows root folder</description>
    <mitre>
      <id>T1105</id>
    </mitre>
  </rule>

  <rule id="92206" level="12">
    <if_group>sysmon_event_11</if_group>
    <field name="win.eventdata.image" type="pcre2">\\spoolsv.exe$</field>
    <field name="win.eventdata.targetFilename" type="pcre2">(?i)[c-z]:\\\\Windows\\\\System32\\\\spool\\\\drivers.+\.dll</field>
    <options>no_full_log</options>
    <description>DLL file created by printer spool service, possible malware binary drop from PrintNightmare exploit</description>
    <mitre>
      <id>T1574.010</id>
    </mitre>
  </rule>

  <rule id="92207" level="12">
    <if_group>sysmon_event_11</if_group>
    <field name="win.eventdata.targetFilename" type="pcre2">(?i)[c-z]:\\\\Users\\\\Public\\\\.*\.(exe|com|dll|vbs|js|bat|cmd|pif|wsh|ps1|lnk|msi|vbe)</field>
    <options>no_full_log</options>
    <description>Executable file dropped in Users\Public folder</description>
    <mitre>
      <id>T1105</id>
    </mitre>
  </rule>

  <rule id="92208" level="15">
    <if_sid>92207</if_sid>
    <field name="win.eventdata.image" type="pcre2">(?i)(scp|pscp|FZSFTP|sftp)\.exe</field>
    <options>no_full_log</options>
    <description>Executable file dropped in Users\Public folder by SSH enabled copy software</description>
    <mitre>
      <id>T1105</id>
    </mitre>
  </rule>

  <rule id="92209" level="6">
    <if_group>sysmon_event_11</if_group>
    <field name="win.eventdata.targetFilename" type="pcre2">(?i)[c-z]:\\\\Users\\\\Public\\\\.*\.reg</field>
    <options>no_full_log</options>
    <description>Suspicious registry modification file created in Users\Public folder</description>
    <mitre>
      <id>T1105</id>
    </mitre>
  </rule>

  <rule id="92210" level="6">
    <if_group>sysmon_event_11</if_group>
    <field name="win.eventdata.targetFilename" type="pcre2">(?i)[c-z]:\\\\Users\\\\Public\\\\.*\.(7z|zip|rar)</field>
    <options>no_full_log</options>
    <description>Suspicious file compression activity in Users\Public folder</description>
    <mitre>
      <id>T1105</id>
    </mitre>
  </rule>

  <rule id="92211" level="14">
    <if_group>sysmon_event_11</if_group>
    <field name="win.eventdata.image" type="pcre2">(?i)rundll32.exe</field>
    <field name="win.eventdata.targetFilename" type="pcre2">\.(exe|com|dll|vbs|js|bat|cmd|pif|wsh|ps1|lnk|msi|vbe)</field>
    <options>no_full_log</options>
    <description>Suspicious executable file creation by rundll32: $(win.eventdata.targetFilename)</description>
    <mitre>
      <id>T1105</id>
    </mitre>
  </rule>

  <rule id="92212" level="14">
    <if_group>sysmon_event_11</if_group>
    <field name="win.eventdata.image" type="pcre2">(?i)powershell.exe</field>
    <field name="win.eventdata.targetFilename" type="pcre2">\.(7z|zip|rar)</field>
    <options>no_full_log</options>
    <description>Suspicious file compression activity by powershell: $(win.eventdata.targetFilename)</description>
    <mitre>
      <id>T1105</id>
    </mitre>
  </rule>

  <rule id="92213" level="15">
    <if_group>sysmon_event_11</if_group>
    <field name="win.eventdata.targetFilename" type="pcre2">(?i)[c-z]:\\\\Users\\\\.+\\\\AppData\\\\Local\\\\Temp\\\\.+\.(exe|com|dll|vbs|js|bat|cmd|pif|wsh|ps1|msi|vbe)</field>
    <options>no_full_log</options>
    <description>Executable file dropped in folder commonly used by malware</description>
    <mitre>
      <id>T1105</id>
    </mitre>
  </rule>

  <rule id="92214" level="15">
    <if_group>sysmon_event_11</if_group>
    <field name="win.eventdata.image" type="pcre2">(?i)(winword|excel|powerpnt|outlook)\.exe</field>
    <field name="win.eventdata.targetFilename" type="pcre2">(?i)appdata\\\\.+\.lnk</field>
    <options>no_full_log</options>
    <description>Suspicious file created by Microsoft Office process: $(win.eventdata.image) created $(win.eventdata.targetFilename)</description>
    <mitre>
      <id>T1027</id>
    </mitre>
  </rule>

  <rule id="92215" level="12">
    <if_group>sysmon_event_11</if_group>
    <field name="win.eventdata.image" type="pcre2">(?i)mshta\.exe</field>
    <field name="win.eventdata.targetFilename" type="pcre2">(?i)\.(exe|com|dll|vbs|js|bat|cmd|pif|wsh|ps1|lnk|msi|vbe)</field>
    <options>no_full_log</options>
    <description>Executable file created by mshta: $(win.eventdata.targetFilename)</description>
    <mitre>
      <id>T1105</id>
    </mitre>
  </rule>

  <rule id="92216" level="0">
    <if_group>sysmon_event_11</if_group>
    <field name="win.eventdata.targetFilename" type="pcre2">(?i)[c-z]:\\\\(Windows\\\\Temp|Users).+\.tmp</field>
    <field name="win.eventdata.image" type="pcre2">(?i)\\powershell\.exe</field>
    <options>no_full_log</options>
    <description>Powershell created a new temporary file $(win.eventdata.targetFilename) under Windows Temp or User folder</description>
    <mitre>
      <id>T1105</id>
      <id>T1059.001</id>
    </mitre>
  </rule>

  <rule id="92217" level="6">
    <if_group>sysmon_event_11</if_group>
    <field name="win.eventdata.targetFilename" type="pcre2">(?i)[c-z]:\\\\Windows\\\\.+\.(exe|com|dll|vbs|js|bat|cmd|pif|wsh|ps1|lnk|msi|vbe)$</field>
    <options>no_full_log</options>
    <description>Executable dropped in Windows root folder</description>
    <mitre>
      <id>T1570</id>
    </mitre>
  </rule>

  <rule id="92218" level="6">
    <if_sid>92217</if_sid>
    <field name="win.eventdata.image" type="pcre2">^System$</field>
    <options>no_full_log</options>
    <description>Possible abuse of Windows admin shares by binary dropped in Windows root folder by system process</description>
    <mitre>
      <id>T1570</id>
    </mitre>
  </rule>

  <rule id="92219" level="6">
    <if_sid>92217</if_sid>
    <field name="win.eventdata.image" type="pcre2">(?i)svchost\.exe</field>
    <field name="win.eventdata.targetFilename" type="pcre2">(?i)[c-z]:\\\\Windows\\\\.+\.dll$</field>
    <options>no_full_log</options>
    <description>Possible DLL search order hijack by $(win.eventdata.targetFilename) created in Windows root folder</description>
    <mitre>
      <id>T1574.001</id>
      <id>T1574.002</id>
    </mitre>
  </rule>

  <rule id="92220" level="6">
    <if_sid>92217</if_sid>
    <field name="win.eventdata.image" type="pcre2">(?i)wsmprovhost\.exe</field>
    <options>no_full_log</options>
    <description>$(win.eventdata.targetFilename) binary created in Windows root folder by WinRM process $(win.eventdata.image)</description>
    <mitre>
      <id>T1574</id>
      <id>T1570</id>
    </mitre>
  </rule>

  <rule id="92221" level="3">
    <if_group>sysmon_event_11</if_group>
    <field name="win.eventdata.image" type="pcre2">(?i)\.scr</field>
    <options>no_full_log</options>
    <description>A screensaver executable $(win.eventdata.image) created $(win.eventdata.targetFilename)</description>
    <mitre>
      <id>T1105</id>
    </mitre>
  </rule>

  <rule id="92222" level="3">
    <if_group>sysmon_event_11</if_group>
    <field name="win.eventdata.image" type="pcre2">(?i)(accesschk|calc|hex2dec)\.exe</field>
    <field name="win.eventdata.targetFilename" type="pcre2">(?i)Windows\\\\(SysWOW64|Temp|System32|System)</field>
    <options>no_full_log</options>
    <description>An executable $(win.eventdata.image) created a file in a Windows folder</description>
    <mitre>
      <id>T1036</id>
    </mitre>
  </rule>

  <rule id="92223" level="3">
    <if_group>sysmon_event_11</if_group>
    <field name="win.eventdata.targetFilename" type="pcre2">(?i)\.pfx</field>
    <options>no_full_log</options>
    <description>PFX file $(win.eventdata.targetFilename) was created</description>
    <mitre>
      <id>T1552</id>
    </mitre>
  </rule>

  <rule id="92224" level="6">
    <if_sid>92223</if_sid>
    <field name="win.eventdata.image" type="pcre2">(?i)powershell\.exe</field>
    <options>no_full_log</options>
    <description>Powershell process created PFX file $(win.eventdata.targetFilename). Possible private key or certificate exportation</description>
    <mitre>
      <id>T1552.004</id>
    </mitre>
  </rule>

  <rule id="92225" level="6">
    <if_group>sysmon_event_11</if_group>
    <field name="win.eventdata.targetFilename" type="pcre2">(?i)\\\\ProgramData\\\\Microsoft\\\\Windows\\\\Start Menu\\\\Programs\\\\StartUp.+\.(exe|com|dll|vbs|js|bat|cmd|pif|wsh|ps1|lnk|msi|vbe)</field>
    <options>no_full_log</options>
    <description>An executable file has been copied to Windows start-up folder</description>
    <mitre>
      <id>T1547.001</id>
    </mitre>
  </rule>

  <rule id="92226" level="14">
    <if_sid>92203,92225</if_sid>
    <field name="win.eventdata.image" type="pcre2">(?i)powershell\.exe</field>
    <field name="win.eventdata.targetFilename" type="pcre2">(?i)\\\\ProgramData\\\\Microsoft\\\\Windows\\\\Start Menu\\\\Programs\\\\StartUp</field>
    <options>no_full_log</options>
    <description>Powershell process has copied an executable file to Windows start-up folder</description>
    <mitre>
      <id>T1547.001</id>
    </mitre>
  </rule>

  <rule id="92227" level="6">
    <if_group>sysmon_event_11</if_group>
    <field name="win.eventdata.image" type="pcre2">(?i)(curl|wget|certutil)\.exe</field>
    <field name="win.eventdata.targetFileName" type="pcre2">(?i)\.dll</field>
    <options>no_full_log</options>
    <description>$(win.eventdata.image) process created a dll binary $(win.eventdata.fileName)</description>
    <mitre>
      <id>T1105</id>
    </mitre>
  </rule>

</group>
