<!--
  Copyright (C) 2015, Wazuh Inc.
-->

<!-- 
  General Linux Audit module channel detection rules:           92600 - 92649
-->

<group name="audit_detections,">

  <rule id="92600" level="0">
    <if_group>audit</if_group>
    <field name="audit.exe" type="pcre2">python</field>
    <description>Executed python script.</description>
    <mitre>
      <id>T1059.006</id>
    </mitre>
  </rule>

  <rule id="92601" level="6">
    <if_sid>92600</if_sid>
    <match type="pcre2">a\d="\w+\.py".+cwd="/tmp"|a\d="/tmp/.+\.py</match>
    <description>Executed python script from /tmp/ folder.</description>
    <mitre>
      <id>T1059.006</id>
    </mitre>
  </rule>

  <rule id="92602" level="12">
    <if_sid>92600, 92601</if_sid>
    <match type="pcre2">(psexec.py|smbexec.py).+a\d="-hashes".+a\d=".+:.+</match>
    <description>Suspicious python script matches Impacket signature, possible use of stolen credentials or pass the hash attack.</description>
    <mitre>
      <id>T1059.006</id>
      <id>T1550.002</id>
    </mitre>
  </rule>

  <rule id="92603" level="6">
    <if_group>audit</if_group>
    <field name="audit.command" type="pcre2">scp</field>
    <field name="audit.file.name" type="pcre2">.+</field>
    <description>A file was copied to this system over SSH using SCP.</description>
    <mitre>
      <id>T1021.004</id>
    </mitre>
  </rule>

  <rule id="92604" level="6">
    <if_group>audit</if_group>
    <field name="audit.execve.a0" type="pcre2">ps</field>
    <field name="audit.execve.a1" type="pcre2">^(?=.*a)(?=.*x)</field>
    <description>Processes running for all users were queried with ps command.</description>
    <mitre>
      <id>T1057</id>
    </mitre>
  </rule>

  <rule id="92605" level="6">
    <if_group>audit</if_group>
    <field name="audit.execve.a0" type="pcre2">ls</field>
    <field name="audit.execve.a2" type="pcre2">^(?=.*a)(?=.*R)</field>
    <description>Executed recursive query of all files using ls command.</description>
    <mitre>
      <id>T1083</id>
    </mitre>
  </rule>

</group>
