<!--
  Copyright (C) 2015, Wazuh Inc.
-->

<!--
    Sysmon Event ID 8 rules
-->

<group name="sysmon,sysmon_eid8_detections,windows,">

  <rule id="92400" level="12">
    <if_group>sysmon_event8</if_group>
    <field name="win.eventdata.targetImage" type="pcre2">(?i)[c-z]:\\\\Windows\\\\explorer\.exe</field>
    <options>no_full_log</options>
    <description>Possible code injection on explorer.exe by $(win.eventdata.sourceImage)</description>
    <mitre>
      <id>T1055</id>
    </mitre>
  </rule>

  <rule id="92401" level="12">
    <if_group>sysmon_event8</if_group>
    <field name="win.eventdata.targetImage" type="pcre2">(?i)\\\\mstsc\.exe</field>
    <options>no_full_log</options>
    <description>Possible code injection on mstsc.exe (Windows RDP utility) by $(win.eventdata.sourceImage)</description>
      <mitre>
        <id>T1055</id>
      </mitre>
  </rule>

  <rule id="92402" level="3">
    <if_group>sysmon_event8</if_group>
    <field name="win.eventdata.targetImage" type="pcre2">(?i)(synchost\.exe|svchost\.exe)</field>
    <options>no_full_log</options>
    <description>Possible code injection by $(win.eventdata.sourceImage) on $(win.eventdata.targetImage)</description>
    <mitre>
      <id>T1055.003</id>
      <id>T1055.012</id>
    </mitre>
  </rule>

  <rule id="92403" level="12">
    <if_group>sysmon_event8</if_group>
    <field name="win.eventdata.targetImage" type="pcre2">(?i)lsass\.exe</field>
    <options>no_full_log</options>
    <description>Local Security Authority Subsystem Service (LSASS) process was accessed by $(win.eventdata.sourceImage), possible code injection for credential dumping</description>
    <mitre>
      <id>T1055</id>
    </mitre>
  </rule>

</group>
