<!--
  Copyright (C) 2015, Wazuh Inc.

  Cisco FTD rule ID: 91500 - 91530
-->

<group name="cisco,cisco-ftd,">

  <!-- General rule -->
  <rule id="91500" level="0">
    <decoded_as>cisco-ftd</decoded_as>
    <description>cisco-ftd rules</description>
  </rule>

  <rule id="91501" level="7">
    <if_sid>91500</if_sid>
    <field name="event.severity">1</field>
    <description>FTD: alert message.</description>
  </rule>

  <rule id="91502" level="5">
    <if_sid>91500</if_sid>
    <field name="event.severity">2</field>
    <description>FTD: critical message.</description>
  </rule>

  <rule id="91503" level="4">
    <if_sid>91500</if_sid>
    <field name="event.severity">3</field>
    <description>FTD: error message.</description>
  </rule>

  <rule id="91504" level="3">
    <if_sid>91500</if_sid>
    <field name="event.severity">4</field>
    <description>FTD: warning message.</description>
  </rule>

  <rule id="91505" level="2">
    <if_sid>91500</if_sid>
    <field name="event.severity">5|6</field>
    <description>FTD: notification/informational message.</description>
  </rule>

  <rule id="91506" level="0">
    <if_sid>91500</if_sid>
    <field name="event.severity">7</field>
    <description>FTD: debug message.</description>
  </rule>

  <rule id="91507" level="9">
    <if_sid>91505</if_sid>
    <field name="event.id">605004</field>
    <description>FTD: Failed login attempt.</description>
    <group>authentication_failed,gdpr_IV_35.7.d,gdpr_IV_32.2,gpg13_7.8,pci_dss_10.2.4,pci_dss_10.2.5,tsc_CC6.1,tsc_CC6.8,tsc_CC7.2,tsc_CC7.3,</group>
  </rule>

  <rule id="91508" level="3">
    <if_sid>91505</if_sid>
    <field name="event.id">502103</field>
    <description>FTD: User privilege changed.</description>
    <group>gdpr_IV_35.7.d,gdpr_IV_32.2,gpg13_7.9,pci_dss_10.2.7,pci_dss_10.6.1,tsc_CC6.8,tsc_CC7.2,tsc_CC7.3,</group>
  </rule>

  <rule id="91509" level="3">
    <if_sid>91505</if_sid>
    <field name="event.id">605005</field>
    <description>FTD: Successful login.</description>
    <group>authentication_success,gdpr_IV_32.2,gpg13_7.8,pci_dss_10.2.5,tsc_CC6.8,tsc_CC7.2,tsc_CC7.3,</group>
  </rule>

  <rule id="91510" level="8">
    <if_sid>91504</if_sid>
    <field name="event.id">405001</field>
    <description>FTD: ARP collision detected.</description>
    <mitre>
      <id>T1095</id>
    </mitre>
    <group>gdpr_IV_35.7.d,gpg13_4.12,pci_dss_10.6.1,tsc_CC7.2,tsc_CC7.3,</group>
  </rule>

  <rule id="91511" level="8">
    <if_sid>91504</if_sid>
    <field name="event.id">401004</field>
    <description>FTD: Attempt to connect from a blocked (shunned) IP.</description>
    <group>access_denied,gdpr_IV_35.7.d,gpg13_4.12,pci_dss_10.2.4,pci_dss_11.4,tsc_CC6.1,tsc_CC6.8,tsc_CC7.2,tsc_CC7.3,</group>
  </rule>

  <rule id="91512" level="8">
    <if_sid>91506</if_sid>
    <field name="event.id">710004</field>
    <description>FTD: Connection limit exceeded.</description>
    <group>gdpr_IV_35.7.d,gpg13_4.12,pci_dss_10.6.1,tsc_CC7.2,tsc_CC7.3,</group>
  </rule>

  <!--
  <rule id="91513" level="8">
    <if_sid>91501</if_sid>
    <field name="event.id">106021|106022</field>
    <description>FTD: Attack in progress detected.</description>
    <group>gdpr_IV_35.7.d,</group>
  </rule>

  <rule id="91514" level="8">
    <if_sid>91502</if_sid>
    <field name="event.id">106012|106017|106020</field>
    <description>FTD: Attack in progress detected.</description>
    <group>gdpr_IV_35.7.d,</group>
  </rule>
  -->

  <!--
    Grouping of attack in progress messages. The two above will never be alerted, but this one instead.
  -->
  <rule id="91515" level="8">
    <if_sid>91501,91502,91505</if_sid>
    <field name="event.id">106012|106022|106021|106017|106020</field>
    <description>FTD: Attack in progress detected</description>
    <group>gdpr_IV_35.7.d,gpg13_4.12,ids,pci_dss_11.4,tsc_CC6.1,tsc_CC6.8,tsc_CC7.2,tsc_CC7.3,</group>
  </rule>

  <rule id="91516" level="5">
    <if_sid>91505</if_sid>
    <field name="event.id">113005</field>
    <description>FTD: AAA (VPN) authentication failed.</description>
    <group>authentication_failed,gpg13_7.1,gdpr_IV_35.7.d,gdpr_IV_32.2,pci_dss_10.2.4,pci_dss_10.2.5,tsc_CC6.1,tsc_CC6.8,tsc_CC7.2,tsc_CC7.3,</group>
  </rule>

  <rule id="91517" level="3">
    <if_sid>91505</if_sid>
    <field name="event.id">113004</field>
    <description>FTD: AAA (VPN) authentication successful.</description>
    <mitre>
      <id>T1078</id>
    </mitre>
    <group>authentication_success,gpg13_7.1,gpg13_7.2,gdpr_IV_32.2,pci_dss_10.2.5,tsc_CC6.8,tsc_CC7.2,tsc_CC7.3,</group>
  </rule>

  <rule id="91518" level="8">
    <if_sid>91505</if_sid>
    <field name="event.id">113006</field>
    <description>FTD: AAA (VPN) user locked out.</description>
    <mitre>
      <id>T1133</id>
    </mitre>
    <group>authentication_failed,gpg13_7.1,gpg13_7.5,gdpr_IV_35.7.d,gdpr_IV_32.2,pci_dss_10.2.4,pci_dss_10.2.5,tsc_CC6.1,tsc_CC6.8,tsc_CC7.2,tsc_CC7.3,</group>
  </rule>

  <rule id="91519" level="8">
    <if_sid>91503</if_sid>
    <field name="event.id">201008</field>
    <description>FTD: Disallowing new connections.</description>
    <group>gpg13_4.12,gdpr_IV_35.7.d,pci_dss_10.6.1,service_availability,tsc_CC7.2,tsc_CC7.3,</group>
  </rule>

  <rule id="91520" level="8">
    <if_sid>91501</if_sid>
    <field name="event.id">105005|105009|105043</field>
    <match>Failed|Lost Failover</match>
    <description>FTD: Firewall failover pair communication problem.</description>
    <group>gpg13_4.12,gdpr_IV_35.7.d,pci_dss_10.6.1,service_availability,tsc_CC7.2,tsc_CC7.3,</group>
  </rule>

  <rule id="91521" level="8">
    <if_sid>91505</if_sid>
    <field name="event.id">111003</field>
    <description>FTD: Firewall configuration deleted.</description>
    <group>config_changed,gpg13_4.13,gdpr_IV_35.7.d,pci_dss_1.1.1,pci_dss_10.4,tsc_CC8.1,tsc_CC6.1,tsc_CC6.8,tsc_CC7.2,tsc_CC7.3,</group>
  </rule>

  <rule id="91522" level="8">
    <if_sid>91505</if_sid>
    <field name="event.id">111005|111004|111002|111007</field>
    <description>FTD: Firewall configuration changed.</description>
    <mitre>
      <id>T1562.001</id>
    </mitre>
    <group>config_changed,gpg13_4.13,gdpr_IV_35.7.d,pci_dss_1.1.1,pci_dss_10.4,tsc_CC8.1,tsc_CC6.1,tsc_CC6.8,tsc_CC7.2,tsc_CC7.3,</group>
  </rule>

  <rule id="91523" level="3">
    <if_sid>91505</if_sid>
    <field name="event.id">111008</field>
    <description>FTD: Firewall command executed (for accounting only).</description>
  </rule>

  <rule id="91524" level="3">
    <if_sid>91506</if_sid>
    <field name="event.id">111009</field>
    <description>FTD: Firewall command executed (for accounting only).</description>
  </rule>

  <rule id="91525" level="8">
    <if_sid>91505</if_sid>
    <field name="event.id">502101|502102</field>
    <description>FTD: User created or modified on the Firewall.</description>
    <mitre>
      <id>T1562.001</id>
    </mitre>
    <group>account_changed,adduser,gpg13_4.13,gdpr_IV_35.7.d,gdpr_IV_32.2,pci_dss_8.1.2,pci_dss_10.2.5,tsc_CC6.8,tsc_CC7.2,tsc_CC7.3,</group>
  </rule>

  <rule id="91526" level="10" frequency="8" timeframe="360">
    <if_matched_sid>91501</if_matched_sid>
    <description>Multiple FTD alert messages.</description>
    <group>gpg13_4.12,gdpr_IV_35.7.d,pci_dss_10.6.1,pci_dss_11.4,tsc_CC7.2,tsc_CC7.3,tsc_CC6.1,tsc_CC6.8,</group>
  </rule>

  <rule id="91527" level="10" frequency="8" timeframe="360">
    <if_matched_sid>91502</if_matched_sid>
    <description>FTD: Multiple critical messages.</description>
    <group>gpg13_4.1,gdpr_IV_35.7.d,pci_dss_10.6.1,pci_dss_11.4,tsc_CC7.2,tsc_CC7.3,tsc_CC6.1,tsc_CC6.8,</group>
  </rule>

  <rule id="91528" level="10" frequency="10" timeframe="120">
    <if_matched_sid>91503</if_matched_sid>
    <description>FTD: Multiple error messages.</description>
    <group>gdpr_IV_35.7.d,pci_dss_10.6.1,pci_dss_11.4,gpg13_4.3,system_error,tsc_CC7.2,tsc_CC7.3,tsc_CC6.1,tsc_CC6.8,</group>
  </rule>

  <rule id="91529" level="10" frequency="10" timeframe="120">
    <if_matched_sid>91504</if_matched_sid>
    <description>FTD: Multiple warning messages.</description>
    <group>gpg13_4.12,gdpr_IV_35.7.d,pci_dss_10.6.1,tsc_CC7.2,tsc_CC7.3,</group>
  </rule>

  <rule id="91530" level="8">
    <if_sid>91502</if_sid>
    <field name="event.id">106016</field>
    <description>FTD: IP spoofing attack detected.</description>
    <group>gdpr_IV_35.7.d,</group>
  </rule>

</group>
