<!--
    Copyright (C) 2015, Wazuh Inc.
-->

<!--
Cloudflare WAF rules ID: 92501 - 92517
-->

<group name="WAF, Cloudflare">

  <rule id="92501" level="0">
    <decoded_as>json</decoded_as>
    <field name="WAFAction" type="pcre2">.+</field>
    <description>Cloudflare WAF rules</description>
  </rule>

  <rule id="92502" level="4">
    <if_sid>92501</if_sid>
    <field name="ClientRequestMethod" type="pcre2">GET</field>
    <description>Cloudflare WAF: GET request $(ClientRequestURI)</description>
  </rule>

  <rule id="92503" level="5">
    <if_sid>92501</if_sid>
    <field name="ClientRequestMethod" type="pcre2">POST</field>
    <description>Cloudflare WAF: POST request $(ClientRequestURI)</description>
  </rule>

  <rule id="92504" level="5">
    <if_sid>92501</if_sid>
    <field name="ClientRequestMethod" type="pcre2">PUT</field>
    <description>Cloudflare WAF: PUT request $(ClientRequestURI)</description>
    <group>hipaa_164.312.c.1</group>
  </rule>

  <rule id="92505" level="7">
    <if_sid>92501</if_sid>
    <field name="ClientRequestURI" type="pcre2">/auth/login</field>
    <description>Cloudflare WAF: Authentication attempt</description>
  </rule>

  <rule id="92506" level="4">
    <if_sid>92505</if_sid>
    <field name="EdgeResponseStatus" type="pcre2">200</field>
    <description>Cloudflare WAF: Authentication success from $(OriginIP)</description>
    <group>hipaa_164.312.d,pci_dss_8.2</group>
  </rule>

  <rule id="92507" level="7">
    <if_sid>92505</if_sid>
    <field name="EdgeResponseStatus" type="pcre2" negate="yes">200</field>
    <description>Cloudflare WAF: Authentication failure from $(OriginIP)</description>
    <group>gpg13_3.3,hipaa_164.312.e.1,nist_800_53_AC.7,pci_dss_8.2</group>
  </rule>

  <rule id="92508" level="7">
    <if_sid>92501</if_sid>
    <field name="EdgeResponseStatus" negate="yes">200</field>
    <description>Cloudflare WAF: $(ClientRequestURI) response code returned error</description>
    <group>gpg13_4.3</group>
  </rule>

  <rule id="92509" level="4">
    <if_sid>92508</if_sid>
    <field name="EdgeResponseStatus">400</field>
    <description>Cloudflare WAF: $(ClientRequestURI) Bad request.</description>
  </rule>

  <rule id="92510" level="8">
    <if_sid>92508</if_sid>
    <field name="EdgeResponseStatus">401</field>
    <description>Cloudflare WAF: $(ClientRequestURI) Unauthorized.</description>
    <group>gpg13_4.3,hipaa_164.312.e.1,tsc_cc6.8</group>
  </rule>

  <rule id="92511" level="7">
    <if_sid>92508</if_sid>
    <field name="EdgeResponseStatus">403</field>
    <description>Cloudflare WAF: $(ClientRequestURI) Permission denied.</description>
    <group>gpg13_4.3,hipaa_164.312.e.1,nist_800_53_AC.7,pci_dss_7.1,pci_dss_10.2.4,tsc_cc6.8</group>
  </rule>

  <rule id="92512" level="4">
    <if_sid>92508</if_sid>
    <field name="EdgeResponseStatus">404</field>
    <description>cloudflare WAF: $(ClientRequestURI) Resource not found.</description>
  </rule>

  <rule id="92513" level="4">
    <if_sid>92508</if_sid>
    <field name="EdgeResponseStatus">405</field>
    <description>Cloudflare WAF: $(ClientRequestURI) Invalid HTTP method.</description>
  </rule>

  <rule id="92514" level="4">
    <if_sid>92508</if_sid>
    <field name="EdgeResponseStatus">413</field>
    <description>Cloudflare WAF: $(ClientRequestURI) Maximum request body size exceeded</description>
  </rule>

  <rule id="92515" level="4">
    <if_sid>92508</if_sid>
    <field name="EdgeResponseStatus">500</field>
    <description>Cloudflare WAF: $(ClientRequestURI) Internal error</description>
  </rule>

  <rule id="92516" level="3">
    <if_sid>92501</if_sid>
    <field name="WAFAction" type="pcre2">unknown</field>
    <description>Cloudflare WAF: unknown acction, take no further action</description>
  </rule>

  <rule id="92517" level="3">
    <if_sid>92501</if_sid>
    <field name="WAFAction" type="pcre2">simulate</field>
    <description>Cloudflare WAF: Take no action other than logging the event</description>
  </rule>

</group>
