<!--
  -  Sysmon Event ID 10 rules
  -  Created by Wazuh, Inc.
  -  Copyright (C) 2015, Wazuh Inc.
  -  This program is a free software; you can redistribute it and/or modify it under the terms of GPLv2.
-->

<group name="sysmon,sysmon_eid10_detections,windows,">

  <rule id="92900" level="12">
    <if_group>sysmon_event_10</if_group>
    <field name="win.eventdata.targetImage" type="pcre2">(?i)lsass\.exe</field>
    <field name="win.eventdata.grantedAccess" type="pcre2">(?i)(0x1010|0x40)</field>
    <field name="win.eventdata.sourceImage" type="pcre2" negate="yes">(?i)(C:\\\\Program Files|wmiprvse\.exe)</field>
    <options>no_full_log</options>
    <description>Lsass process was accessed by $(win.eventdata.sourceImage) with read permissions, possible credential dump</description>
    <mitre>
      <id>T1003.001</id>
    </mitre>
  </rule>

  <rule id="92910" level="12">
    <if_group>sysmon_event_10</if_group>
    <field name="win.eventdata.targetImage" type="pcre2">(?i)explorer\.exe</field>
    <options>no_full_log</options>
    <description>Explorer process was accessed by $(win.eventdata.sourceImage), possible process injection</description>
    <mitre>
      <id>T1055</id>
    </mitre>
  </rule>

  <rule id="92920" level="14">
    <if_group>sysmon_event_10</if_group>
    <field name="win.eventdata.targetImage" type="pcre2">(?i)mstsc\.exe</field>
    <options>no_full_log</options>
    <description>Windows Remote Dektop utility process was accessed by $(win.eventdata.sourceImage), possible process injection</description>
    <mitre>
      <id>T1055</id>
    </mitre>
  </rule>

</group>
