<!--
  -  Sysmon Event ID 20 rules
  -  Created by Wazuh, Inc.
  -  Copyright (C) 2015, Wazuh Inc.
  -  This program is a free software; you can redistribute it and/or modify it under the terms of GPLv2.
-->

<group name="sysmon,sysmon_eid20_detections,windows,">

    <rule id="89501" level="12">
        <if_group>sysmon_event_20</if_group>
        <field name="win.eventdata.type" type="pcre2">(?i)(Command Line|Script)</field>
        <options>no_full_log</options>
        <description>WmiConsumerEvent created, possible persistence tactic</description>
        <mitre>
            <id>T1546.003</id>
        </mitre>
    </rule>

    <rule id="89502" level="14">
        <if_sid>89501</if_sid>
        <field name="win.eventdata.destination" type="pcre2">(?i)(powershell|rundll32.exe|cmd.exe)</field>
        <options>no_full_log</options>
        <description>WmiConsumerEvent created, possible persistence tactic using command-executing binaries</description>
        <mitre>
            <id>T1546.003</id>
        </mitre>
    </rule>

</group>

