<group name="macOS,">

  <rule id="89600" level="5">
    <decoded_as>macOS_tccd</decoded_as>
    <match type="pcre2">(?i)update access record.+allowed</match>
    <description>$(application) has been granted permission to $(service) at $(time).</description>
    <mitre>
      <id>T1222.002</id>
    </mitre>
    <group>pci_dss_10.6.1,gdpr_IV_35.7.d,hipaa_164.312.b,nist_800_53_AU.6,tsc_CC7.2,tsc_CC7.3,</group>
  </rule>

  <rule id="89601" level="5">
    <decoded_as>macOS_tccd</decoded_as>
    <match type="pcre2">(?i)update access record.+denied</match>
    <description>$(application) has been denied permission to $(service) at $(time).</description>
    <mitre>
      <id>T1222.002</id>
    </mitre>
    <group>pci_dss_10.6.1,gdpr_IV_35.7.d,hipaa_164.312.b,nist_800_53_AU.6,tsc_CC7.2,tsc_CC7.3,</group>
  </rule>

  <rule id="89602" level="3">
    <decoded_as>macOS_loginwindow</decoded_as>
    <regex type="pcre2">sendBSDNotification: \w+.\w+.\w+.screenIsUnlocked</regex>
    <description>Screen unlocked with userID:$(userID).</description>
    <mitre>
      <id>T1078</id>
    </mitre>
    <group>authentication_success,gdpr_IV_32.2,gpg13_7.1,gpg13_7.2,hipaa_164.312.b,nist_800_53_AC.7,nist_800_53_AU.14,pci_dss_10.2.5,tsc_CC6.8,tsc_CC7.2,tsc_CC7.3,</group>
  </rule>

  <rule id="89603" level="3">
    <decoded_as>macOS_loginwindow</decoded_as>
    <regex type="pcre2">sendBSDNotification: \w+.\w+.\w+.screenIsLocked</regex>
    <description>Screen locked with userID:$(userID).</description>
    <mitre>
      <id>T1078</id>
    </mitre>
    <group>authentication_success,gdpr_IV_32.2,gpg13_7.1,gpg13_7.2,hipaa_164.312.b,nist_800_53_AC.7,nist_800_53_AU.14,pci_dss_10.2.5,tsc_CC6.8,tsc_CC7.2,tsc_CC7.3,</group>
  </rule>

  <rule id="89604" level="3">
    <decoded_as>macOS_sessionlogoutd</decoded_as>
    <match>logout is complete.</match>
    <description>User logoff.</description>
    <mitre>
      <id>T1078</id>
    </mitre>
    <group>gdpr_IV_32.2,hipaa_164.312.b,nist_800_53_AC.7,nist_800_53_AU.14,pci_dss_10.2.5,tsc_CC6.8,tsc_CC7.2,tsc_CC7.3,</group>
  </rule>

  <rule id="89605" level="3">
    <decoded_as>macOS_loginwindow</decoded_as>
    <match>sessionDidLogin</match>
    <description>User login.</description>
    <mitre>
      <id>T1078</id>
    </mitre>
    <group>authentication_success,gdpr_IV_32.2,gpg13_7.1,gpg13_7.2,hipaa_164.312.b,nist_800_53_AC.7,nist_800_53_AU.14,pci_dss_10.2.5,tsc_CC6.8,tsc_CC7.2,tsc_CC7.3,</group>
  </rule>

  <rule id="89606" level="5">
    <decoded_as>macOS_screensharingd</decoded_as>
    <match type="pcre2">(?i)authentication.+failed</match>
    <description>Attempt to connect to screen sharing with username $(dstuser) from $(ip_address) failed.</description>
    <mitre>
      <id>T1021</id>
      <id>T1078</id>
    </mitre>
    <group>authentication_failed,gdpr_IV_35.7.d,gdpr_IV_32.2,gpg13_7.1,hipaa_164.312.b,invalid_login,nist_800_53_AU.14,nist_800_53_AC.7,nist_800_53_AU.6,pci_dss_10.2.4,pci_dss_10.2.5,pci_dss_10.6.1,tsc_CC6.1,tsc_CC6.8,tsc_CC7.2,tsc_CC7.3,</group>
  </rule>

  <rule id="89607" level="3">
    <decoded_as>macOS_screensharingd</decoded_as>
    <match type="pcre2">(?i)authentication.+succeeded</match>
    <description>Attempt to connect to screen sharing with username $(dstuser) from $(ip_address) succeeded.</description>
    <mitre>
      <id>T1021</id>
      <id>T1078</id>
    </mitre>
    <group>authentication_success,gdpr_IV_32.2,gpg13_7.1,gpg13_7.2,hipaa_164.312.b,nist_800_53_AC.7,nist_800_53_AU.14,pci_dss_10.2.5,tsc_CC6.8,tsc_CC7.2,tsc_CC7.3,</group>
  </rule>

  <rule id="89608" level="3">
    <decoded_as>macOS_securityd</decoded_as>
    <match type="pcre2">(?i)session.+created, uid:(\d+)</match>
    <description>Session $(sessionId) has been created.</description>
    <group>pci_dss_10.6.1,gdpr_IV_35.7.d,hipaa_164.312.b,nist_800_53_AU.6,tsc_CC7.2,tsc_CC7.3,</group>
  </rule>

  <rule id="89609" level="3">
    <decoded_as>macOS_securityd</decoded_as>
    <match type="pcre2">(?i)\[com\.apple\.securityd:SecServer\].\S+ session.+destroyed</match>
    <description>Session $(sessionId) has been destroyed.</description>
    <group>pci_dss_10.6.1,gdpr_IV_35.7.d,hipaa_164.312.b,nist_800_53_AU.6,tsc_CC7.2,tsc_CC7.3,</group>
  </rule>

</group>
