<!--
  -  Amazon Security Lake default ruleset
  -  Created by Wazuh, Inc.
  -  Copyright (C) 2023, Wazuh Inc.
  -  This program is a free software; you can redistribute it and/or modify it under the terms of GPLv2.
  ID: 99000-99100
-->

<group name="amazon_security_lake,">

  <rule id="99000" level="0">
    <decoded_as>json</decoded_as>
    <field name="activity_id">\.+</field>
    <field name="category_uid">\.+</field>
    <description>Amazon Security Lake rules grouped.</description>
  </rule>

  <rule id="99001" level="3">
    <if_sid>99000</if_sid>
    <field name="metadata.product.name">CloudTrail</field>
    <description>Amazon Security Lake - CloudTrail rules grouped.</description>
    <mitre>
      <id>T1048.001</id>
    </mitre>
  </rule>

  <rule id="99002" level="3">
    <if_sid>99000</if_sid>
    <field name="metadata.product.name">Amazon VPC</field>
    <description>Amazon Security Lake - Amazon VPC rules grouped.</description>
    <mitre>
      <id>T1048.001</id>
    </mitre>
  </rule>

  <rule id="99003" level="3">
    <if_sid>99000</if_sid>
    <field name="metadata.product.name">Route 53</field>
    <description>Amazon Security Lake - Route 53 rules grouped.</description>
    <mitre>
      <id>T1048.001</id>
    </mitre>
  </rule>

  <!--
  CloudTrail rules - 99020 - 99049
-->

  <rule id="99020" level="3">
    <if_sid>99001</if_sid>
    <field name="api.response.error" negate="yes">null</field>
    <description>Amazon Security Lake - CloudTrail - Failed API Operation "$(api.operation)" with error "$(api.response.error)" from $(src_endpoint.ip) by user $(identity.user.name).</description>
    <mitre>
      <id>T1098.003</id>
      <id>T1078.004</id>
    </mitre>
    <group>asl_api_operation,asl_cloudtrail,gdpr_IV_32.2,gdpr_IV_35.7.d,hipaa_164.312.b,nist_800_53_AC.7,nist_800_53_AU.14,nist_800_53_AU.6,pci_dss_10.2.4,pci_dss_10.2.5,pci_dss_10.6.1,tsc_CC6.1,tsc_CC6.8,tsc_CC7.2,tsc_CC7.3,</group>
  </rule>

  <rule id="99021" level="3" frequency="5" timeframe="120">
    <if_matched_sid>99020</if_matched_sid>
    <same_field>src_endpoint.ip</same_field>
    <description>Amazon Security Lake - CloudTrail - Too many failed API Operations "$(api.response.error)" from $(src_endpoint.ip) ip.</description>
    <mitre>
      <id>T1098.003</id>
      <id>T1078.004</id>
    </mitre>
    <group>asl_cloudtrail,gdpr_IV_32.2,gdpr_IV_35.7.d,hipaa_164.312.b,nist_800_53_AC.7,nist_800_53_AU.14,nist_800_53_AU.6,pci_dss_10.2.4,pci_dss_10.2.5,pci_dss_10.6.1,tsc_CC6.1,tsc_CC6.8,tsc_CC7.2,tsc_CC7.3,</group>
  </rule>

  <rule id="99022" level="3">
    <if_sid>99001</if_sid>
    <field name="api.response.error">null</field>
    <field name="api.operation">\.*</field>
    <field name="identity.user.name" negate="yes">null</field>
    <field name="src_endpoint.ip" negate="yes">null</field>
    <description>Amazon Security Lake - CloudTrail - Successful API Operation "$(api.operation)" by user $(identity.user.name) from $(src_endpoint.ip) ip.</description>
    <mitre>
      <id>T1098.003</id>
      <id>T1078.004</id>
    </mitre>
    <group>asl_api_operation,asl_cloudtrail,gdpr_IV_32.2,gdpr_IV_35.7.d,hipaa_164.312.b,nist_800_53_AC.7,nist_800_53_AU.14,nist_800_53_AU.6,pci_dss_10.2.4,pci_dss_10.2.5,pci_dss_10.6.1,tsc_CC6.1,tsc_CC6.8,tsc_CC7.2,tsc_CC7.3,</group>
  </rule>

  <rule id="99023" level="3">
    <if_sid>99001</if_sid>
    <field name="api.response.error">null</field>
    <field name="api.operation">\.*</field>
    <field name="identity.user.name">null</field>
    <field name="src_endpoint.ip">null</field>
    <description>Amazon Security Lake - CloudTrail - Successful API Operation "$(api.operation)".</description>
    <mitre>
      <id>T1098.003</id>
      <id>T1078.004</id>
    </mitre>
    <group>asl_api_operation,asl_cloudtrail,gdpr_IV_32.2,gdpr_IV_35.7.d,hipaa_164.312.b,nist_800_53_AC.7,nist_800_53_AU.14,nist_800_53_AU.6,pci_dss_10.2.4,pci_dss_10.2.5,pci_dss_10.6.1,tsc_CC6.1,tsc_CC6.8,tsc_CC7.2,tsc_CC7.3,</group>
  </rule>

  <rule id="99024" level="3">
    <if_sid>99001</if_sid>
    <field name="api.response.error">null</field>
    <field name="api.operation">\.*</field>
    <field name="identity.user.name">null</field>
    <field name="src_endpoint.ip" negate="yes">null</field>
    <description>Amazon Security Lake - CloudTrail - Successful API Operation "$(api.operation)" from $(src_endpoint.ip) ip.</description>
    <mitre>
      <id>T1098.003</id>
      <id>T1078.004</id>
    </mitre>
    <group>asl_api_operation,asl_cloudtrail,gdpr_IV_32.2,gdpr_IV_35.7.d,hipaa_164.312.b,nist_800_53_AC.7,nist_800_53_AU.14,nist_800_53_AU.6,pci_dss_10.2.4,pci_dss_10.2.5,pci_dss_10.6.1,tsc_CC6.1,tsc_CC6.8,tsc_CC7.2,tsc_CC7.3,</group>
  </rule>

  <rule id="99025" level="3">
    <if_sid>99001</if_sid>
    <field name="api.response.error">null</field>
    <field name="api.operation">\.*</field>
    <field name="identity.user.name" negate="yes">null</field>
    <field name="src_endpoint.ip">null</field>
    <description>Amazon Security Lake - CloudTrail - Successful API Operation "$(api.operation)" by user $(identity.user.name).</description>
    <mitre>
      <id>T1098.003</id>
      <id>T1078.004</id>
    </mitre>
    <group>asl_api_operation,asl_cloudtrail,gdpr_IV_32.2,gdpr_IV_35.7.d,hipaa_164.312.b,nist_800_53_AC.7,nist_800_53_AU.14,nist_800_53_AU.6,pci_dss_10.2.4,pci_dss_10.2.5,pci_dss_10.6.1,tsc_CC6.1,tsc_CC6.8,tsc_CC7.2,tsc_CC7.3,</group>
  </rule>

  <rule id="99026" level="5">
    <if_group>asl_api_operation</if_group>
    <field name="api.operation">GetPasswordData</field>
    <description>Credentials access: Attempt to retrieve EC2 credentials.</description>
    <mitre>
      <id>T1530</id>
    </mitre>
  </rule>

  <rule id="99027" level="12" frequency="15" timeframe="300">
    <if_matched_sid>99026</if_matched_sid>
    <description>Credentials access: Multiple attempts to retrieve EC2 credentials.</description>
    <mitre>
      <id>T1530</id>
    </mitre>
  </rule>

  <rule id="99028" level="12">
    <if_group>asl_api_operation</if_group>
    <field name="api.operation">AuthorizeSecurityGroupIngress</field>
    <description>Security group with inbound rules allowing "Unknown cidrIp" on port "Unknown port" detected.</description>
    <mitre>
      <id>T1562.007</id>
      <id>T1105</id>
      <id>T1041</id>
    </mitre>
  </rule>

  <rule id="99029" level="12">
    <if_group>asl_api_operation</if_group>
    <field name="api.operation">CreateRole|UpdateAssumeRolePolicy</field>
    <match type="pcre2">sts:AssumeRole</match>
    <description>Possible IAM Role backdooring: IAM role granted from an external account.</description>
    <mitre>
      <id>T1098.001</id>
    </mitre>
  </rule>

  <rule id="99030" level="12">
    <if_group>asl_api_operation</if_group>
    <field name="api.operation">PutEventSelectors</field>
    <description>Possible disruption of CloudTrail Logging: Management events logging disabled with an event selector.</description>
    <mitre>
      <id>T1562.008</id>
    </mitre>
  </rule>

  <!--
  Amazon VPC rules - 99050 - 99079
-->

  <rule id="99050" level="0">
    <if_sid>99002</if_sid>
    <field name="activity_name">Established</field>
    <field name="category_name">Network Activity</field>
    <description>Amazon Security Lake - VPC - Network activity, connection established.</description>
    <group>asl_vpc,</group>
  </rule>

  <rule id="99051" level="3">
    <if_sid>99050</if_sid>
    <field name="dst_endpoint.port">22</field>
    <description>Amazon Security Lake - VPC - SSH connection established.</description>
    <mitre>
      <id>T1021.004</id>
    </mitre>
    <group>asl_vpc,</group>
  </rule>

  <rule id="99052" level="3">
    <if_sid>99050</if_sid>
    <field name="src_endpoint.port">22</field>
    <description>Amazon Security Lake - VPC - SSH connection established.</description>
    <mitre>
      <id>T1021.004</id>
    </mitre>
    <group>asl_vpc,</group>
  </rule>

  <rule id="99053" level="3">
    <if_sid>99050</if_sid>
    <field name="dst_endpoint.port">3389</field>
    <description>Amazon Security Lake - VPC - RDP connection established.</description>
    <mitre>
      <id>T1021.001</id>
    </mitre>
    <group>asl_vpc,</group>
  </rule>

  <rule id="99054" level="3">
    <if_sid>99050</if_sid>
    <field name="src_endpoint.port">3389</field>
    <description>Amazon Security Lake - VPC - RDP connection established.</description>
    <mitre>
      <id>T1021.001</id>
    </mitre>
    <group>asl_vpc,</group>
  </rule>

  <rule id="99055" level="3">
    <if_sid>99050</if_sid>
    <field name="dst_endpoint.port">139|445</field>
    <description>Amazon Security Lake - VPC - SMB connection established.</description>
    <mitre>
      <id>T1021.002</id>
    </mitre>
    <group>asl_vpc,</group>
  </rule>

  <rule id="99056" level="3">
    <if_sid>99050</if_sid>
    <field name="src_endpoint.port">139|445</field>
    <description>Amazon Security Lake - VPC: SMB connection established.</description>
    <mitre>
      <id>T1021.002</id>
    </mitre>
    <group>asl_vpc,</group>
  </rule>

  <rule id="99057" level="3">
    <if_sid>99050</if_sid>
    <field name="dst_endpoint.port">135</field>
    <description>Amazon Security Lake - VPC - DCE/RPC connection established.</description>
    <mitre>
      <id>T1021.003</id>
    </mitre>
    <group>asl_vpc,</group>
  </rule>

  <rule id="99058" level="3">
    <if_sid>99050</if_sid>
    <field name="src_endpoint.port">135</field>
    <description>Amazon Security Lake - VPC - DCE/RPC connection established.</description>
    <mitre>
      <id>T1021.003</id>
    </mitre>
    <group>asl_vpc,</group>
  </rule>

  <!--
  Route 53 rules - 99080 - 99099
-->

  <rule id="99080" level="3">
    <if_sid>99003</if_sid>
    <field name="query.type">\.*</field>
    <field name="rcode">NOERROR</field>
    <description>Amazon Security Lake - Route 53 - Succsessful DNS request [$(query.type)] "$(query.hostname)" from $(src_endpoint.ip).</description>
    <mitre>
      <id>T1071.004</id>
      <id>T1584.002</id>
    </mitre>
  </rule>

  <rule id="99081" level="3">
    <if_sid>99003</if_sid>
    <field name="query.type">\.*</field>
    <field name="rcode">NXDOMAIN</field>
    <description>Amazon Security Lake - Route 53 - Failed DNS request for a Non-Existent Domain [$(query.type)] "$(query.hostname)" from $(src_endpoint.ip).</description>
    <mitre>
      <id>T1071.004</id>
      <id>T1584.002</id>
    </mitre>
  </rule>

  <rule id="99082" level="3">
    <if_sid>99003</if_sid>
    <field name="query.type">\.*</field>
    <field name="rcode_id">-1</field>
    <description>Amazon Security Lake - Route 53 - Failed DNS request [$(query.type)] "$(query.hostname)" from $(src_endpoint.ip).</description>
    <mitre>
      <id>T1071.004</id>
      <id>T1584.002</id>
    </mitre>
  </rule>

</group>
