<!--
  -  Microsoft Graph rules - Security resource
  -  Created by Bryce Shurts & Swaroopa Allaparti & Emiliano Garcia
  -  Copyright (C) 2023, InfoDefense Inc.
  -  This program is a free software; you can redistribute it and/or modify it under the terms of GPLv2.
-->

<!--
    ID range: 99500 - 99700
-->

<group name="ms-graph">
    <!--Add catchall rule -->
    <rule id="99500" level="0">
        <decoded_as>json-msgraph</decoded_as>
        <field name="integration">ms-graph</field>
        <options>no_full_log</options>
        <description>MS Graph message: Microsoft graph messages grouped.</description>
    </rule>


<!--Alerts&Incidents 99501-99650-->

    <rule id="99501" level="3">
        <if_sid>99500</if_sid>
        <options>no_full_log</options>
        <field name="ms-graph.relationship">alerts|alerts_v2</field>
        <description>MS Graph message: Alert related events.</description>
    </rule>

    <rule id="99502" level="3">
        <if_sid>99500</if_sid>
        <options>no_full_log</options>
        <field name="ms-graph.relationship">incidents</field>
        <description>MS Graph message: Incident related events.</description>
    </rule>

    <rule id="99503" level="6">
        <if_sid>99501,99502</if_sid>
        <options>no_full_log</options>
        <field name="ms-graph.status" negate="yes">resolved</field>
        <field name="ms-graph.classification" negate="yes">falsePositive</field>
        <description>MS Graph message: The alert/incident has not been resolved and is not a false positive.</description>
    </rule>


<!--Alerts&Incidents/Unknowns 99506-99515-->

    <rule id="99506" level="4">
        <if_sid>99501</if_sid>
        <options>no_full_log</options>
        <field name="ms-graph.detectionSource">unknownFutureValue</field>
        <description>MS Graph message: Evolvable enumeration sentinel value. Unused value - Check for logging misconfigurations.</description>
    </rule>

    <rule id="99507" level="4">
        <if_sid>99501</if_sid>
        <options>no_full_log</options>
        <field name="ms-graph.serviceSource">unknownFutureValue</field>
        <description>MS Graph message: Evolvable enumeration sentinel value. Unused value - Check for logging misconfigurations.</description>
    </rule>

    <rule id="99508" level="4">
        <if_sid>99501,99502</if_sid>
        <options>no_full_log</options>
        <field name="ms-graph.classification">unknownFutureValue</field>
        <description>MS Graph message: Evolvable enumeration sentinel value. Unused value - Check for logging misconfigurations.</description>
    </rule>

    <rule id="99509" level="4">
        <if_sid>99501,99502</if_sid>
        <options>no_full_log</options>
        <field name="ms-graph.determination">unknownFutureValue</field>
        <description>MS Graph message: Evolvable enumeration sentinel value. Unused value - Check for logging misconfigurations.</description>
    </rule>

    <rule id="99510" level="4">
        <if_sid>99501,99502</if_sid>
        <options>no_full_log</options>
        <field name="ms-graph.status">unknownFutureValue</field>
        <description>MS Graph message: Evolvable enumeration sentinel value. Unused value - Check for logging misconfigurations.</description>
    </rule>

    <rule id="99511" level="4">
        <if_sid>99501,99502</if_sid>
        <options>no_full_log</options>
        <field name="ms-graph.severity">unknownFutureValue</field>
        <description>MS Graph message: Evolvable enumeration sentinel value. Unused value - Check for logging misconfigurations.</description>
    </rule>

    <rule id="99512" level="6">
        <if_sid>99503</if_sid>
        <options>no_full_log</options>
        <field name="ms-graph.severity">unknown</field>
        <description>MS Graph message: Unknown severity.</description>
    </rule>


<!--Alerts&Incidents/Severity 99516-99520-->

    <rule id="99516" level="6">
        <if_sid>99503</if_sid>
        <options>no_full_log</options>
        <field name="ms-graph.severity">informational</field>
        <description>MS Graph message: Indicators suggesting potential security issues were detected, but they might not be actionable or harmful.</description>
    </rule>

    <rule id="99517" level="6">
        <if_sid>99503</if_sid>
        <options>no_full_log</options>
        <field name="ms-graph.severity">low</field>
        <description>MS Graph message: Indicators associated with prevalent malware and common threats were detected.</description>
    </rule>

    <rule id="99518" level="12">
        <if_sid>99503</if_sid>
        <options>no_full_log</options>
        <field name="ms-graph.severity">medium</field>
        <description>MS Graph message: Behaviors and indicators that might be a part of an advanced persistent threat (APT) were detected. This includes observed behaviors typical of attack stages, anomalous registry change, execution of suspicious files, and so forth.</description>
    </rule>

    <rule id="99519" level="15">
        <if_sid>99503</if_sid>
        <options>no_full_log</options>
        <field name="ms-graph.severity">high</field>
        <description>MS Graph message: Behaviors and indicators that are commonly associated with advanced persistent threats (APT) activity were detected. There is a high risk of severe damage to affected assets. Requires immediate action.</description>
    </rule>


<!--Alerts&Incidents/Category 99521-99605-->

    <!--Informational-->

    <rule id="99521" level="3">
        <if_sid>99516</if_sid>
        <options>no_full_log</options>
        <field name="ms-graph.category">General</field>
        <description>MS Graph message: A potential security issue has been detected. Check the system for signs of infection.</description>
    </rule>

    <rule id="99522" level="6">
        <if_sid>99516</if_sid>
        <options>no_full_log</options>
        <field name="ms-graph.category">CommandAndControl</field>
        <mitre>
            <id>TA0011</id>
        </mitre>
        <description>MS Graph message: Indicators that the system is potentially communicating with a C2 server have been detected. Check the system for signs of infection.</description>
    </rule>

    <rule id="99523" level="6">
        <if_sid>99516</if_sid>
        <options>no_full_log</options>
        <field name="ms-graph.category">Collection</field>
        <mitre>
            <id>TA0009</id>
        </mitre>
        <description>MS Graph message: Indicators that the system is potentially performing data collection or data discovery have been detected. Check the system for signs of infection.</description>
    </rule>

    <rule id="99524" level="6">
        <if_sid>99516</if_sid>
        <options>no_full_log</options>
        <field name="ms-graph.category">CredentialAccess</field>
        <mitre>
            <id>TA0006</id>
        </mitre>
        <description>MS Graph message: Indicators that the system is potentially involved in stealing credentials have been detected. Check the system for signs of infection.</description>
    </rule>

    <rule id="99525" level="6">
        <if_sid>99516</if_sid>
        <options>no_full_log</options>
        <field name="ms-graph.category">DefenseEvasion</field>
        <mitre>
            <id>TA0005</id>
        </mitre>
        <description>MS Graph message: Indicators that the system is potentially performing defense evasion have been detected. Check the system for signs of infection.</description>
    </rule>

    <rule id="99526" level="6">
        <if_sid>99516</if_sid>
        <options>no_full_log</options>
        <field name="ms-graph.category">Discovery</field>
        <mitre>
            <id>TA0007</id>
        </mitre>
        <description>MS Graph message: Indicators that the system is potentially performing network discovery or account enumeration have been detected. Check the system for signs of infection.</description>
    </rule>

    <rule id="99527" level="6">
        <if_sid>99516</if_sid>
        <options>no_full_log</options>
        <field name="ms-graph.category">Exfiltration</field>
        <mitre>
            <id>TA0010</id>
        </mitre>
        <description>MS Graph message: Indicators that the system is potentially performing data exfiltration have been detected. Check the system for signs of infection.</description>
    </rule>

    <rule id="99528" level="6">
        <if_sid>99516</if_sid>
        <options>no_full_log</options>
        <field name="ms-graph.category">Exploit</field>
        <mitre>
            <id>T1587.004</id>
        </mitre>
        <description>MS Graph message: Indicators of potential vulnerability exploitation on the system have been detected. Check the system for signs of infection.</description>
    </rule>

    <rule id="99529" level="6">
        <if_sid>99516</if_sid>
        <options>no_full_log</options>
        <field name="ms-graph.category">Execution</field>
        <mitre>
            <id>TA0002</id>
        </mitre>
        <description>MS Graph message: Indicators that the system is potentially performing malicious code execution have been detected. Check the system for signs of infection.</description>
    </rule>

    <rule id="99530" level="3">
        <if_sid>99516</if_sid>
        <options>no_full_log</options>
        <field name="ms-graph.category">InitialAccess</field>
        <mitre>
            <id>TA0001</id>
        </mitre>
        <description>MS Graph message: Indicators that the system is potentially experiencing intrusion attempts have been detected. This alert is commonly caused by phishing emails. Check the system for signs of infection.</description>
    </rule>

    <rule id="99531" level="6">
        <if_sid>99516</if_sid>
        <options>no_full_log</options>
        <field name="ms-graph.category">LateralMovement</field>
        <mitre>
            <id>TA0008</id>
        </mitre>
        <description>MS Graph message: Indicators that the system is potentially establishing unauthorized internal connections have been detected. Check the systems for signs of infection.</description>
    </rule>

    <rule id="99532" level="12">
        <if_sid>99516</if_sid>
        <options>no_full_log</options>
        <field name="ms-graph.category">Malware</field>
        <mitre>
            <id>T1204.001</id>
            <id>T1204.002</id>
            <id>T1204.003</id>
            <id>T1587.001</id>
            <id>T1588.001</id>
        </mitre>
        <description>MS Graph message: Indicators that the system is potentially infected with malware have been detected. Check the system for signs of infection.</description>
    </rule>

    <rule id="99533" level="6">
        <if_sid>99516</if_sid>
        <options>no_full_log</options>
        <field name="ms-graph.category">Persistence</field>
        <mitre>
            <id>TA0003</id>
        </mitre>
        <description>MS Graph message: Indicators that the system is potentially experiencing persistence establishment attempts have been detected. Check the system for signs of infection.</description>
    </rule>

    <rule id="99534" level="6">
        <if_sid>99516</if_sid>
        <options>no_full_log</options>
        <field name="ms-graph.category">PrivilegeEscalation</field>
        <mitre>
            <id>TA0004</id>
        </mitre>
        <description>MS Graph message: Indicators that the system is potentially performing unauthorized permission elevation have been detected. Check the system for signs of infection.</description>
    </rule>

    <rule id="99535" level="12">
        <if_sid>99516</if_sid>
        <options>no_full_log</options>
        <field name="ms-graph.category">Ransomware</field>
        <mitre>
            <id>T1486</id>
        </mitre>
        <description>MS Graph Message: Indicators that the system is potentially affected by ransomware have been detected. Check the system for signs of infection.</description>
    </rule>

    <rule id="99536" level="6">
        <if_sid>99516</if_sid>
        <options>no_full_log</options>
        <field name="ms-graph.category">SuspiciousActivity</field>
        <description>MS Graph message: Potential suspicious activity has been detected. Check the system for signs of infection.</description>
    </rule>

    <!--Low-->

    <rule id="99542" level="6">
        <if_sid>99512,99517</if_sid>
        <options>no_full_log</options>
        <field name="ms-graph.category">General</field>
        <description>MS Graph message: A security issue has been detected. Check the system for signs of infection.</description>
    </rule>

    <rule id="99543" level="12">
        <if_sid>99512,99517</if_sid>
        <options>no_full_log</options>
        <field name="ms-graph.category">CommandAndControl</field>
        <mitre>
            <id>TA0011</id>
        </mitre>
        <description>MS Graph message: Indicators that the system is communicating with a C2 server have been detected. This alert usually originates from common malware and threats, rather than APT activity. Check the system for signs of infection.</description>
    </rule>

    <rule id="99544" level="6">
        <if_sid>99512,99517</if_sid>
        <options>no_full_log</options>
        <field name="ms-graph.category">Collection</field>
        <mitre>
            <id>TA0009</id>
        </mitre>
        <description>MS Graph message: Indicators that the system is performing data collection or data discovery have been detected. This alert usually originates from common malware and threats, rather than APT activity. Check the system for signs of infection.</description>
    </rule>

    <rule id="99545" level="12">
        <if_sid>99512,99517</if_sid>
        <options>no_full_log</options>
        <field name="ms-graph.category">CredentialAccess</field>
        <mitre>
            <id>TA0006</id>
        </mitre>
        <description>MS Graph message: Indicators that the system is involved in stealing credentials have been detected. This alert usually originates from common malware and threats, rather than APT activity. Check the system for signs of infection.</description>
    </rule>

    <rule id="99546" level="12">
        <if_sid>99512,99517</if_sid>
        <options>no_full_log</options>
        <field name="ms-graph.category">DefenseEvasion</field>
        <mitre>
            <id>TA0005</id>
        </mitre>
        <description>MS Graph message: Indicators that the system is performing defense evasion have been detected. This alert usually originates from common malware and threats, rather than APT activity. Check the system for signs of infection.</description>
    </rule>

    <rule id="99547" level="6">
        <if_sid>99512,99517</if_sid>
        <options>no_full_log</options>
        <field name="ms-graph.category">Discovery</field>
        <mitre>
            <id>TA0007</id>
        </mitre>
        <description>MS Graph message: Indicators that the system is performing network discovery or account enumeration have been detected. This alert usually originates from common malware and threats, rather than APT activity. Check the system for signs of infection.</description>
    </rule>

    <rule id="99548" level="12">
        <if_sid>99512,99517</if_sid>
        <options>no_full_log</options>
        <field name="ms-graph.category">Exfiltration</field>
        <mitre>
            <id>TA0010</id>
        </mitre>
        <description>MS Graph message: Indicators that the system is performing data exfiltration have been detected. This alert usually originates from common malware and threats, rather than APT activity. Check the system for signs of infection.</description>
    </rule>

    <rule id="99549" level="12">
        <if_sid>99512,99517</if_sid>
        <options>no_full_log</options>
        <field name="ms-graph.category">Exploit</field>
        <mitre>
            <id>T1587.004</id>
        </mitre>
        <description>MS Graph message: Indicators of vulnerability exploitation on the system have been detected. However, this alert is unlikely to indciate an APT. Check the system for signs of infection.</description>
    </rule>

    <rule id="99550" level="12">
        <if_sid>99512,99517</if_sid>
        <options>no_full_log</options>
        <field name="ms-graph.category">Execution</field>
        <mitre>
            <id>TA0002</id>
        </mitre>
        <description>MS Graph message: Indicators that the system is performing malicious code execution have been detected. However, this alert is unlikely to indciate an APT. Check the system for signs of infection.</description>
    </rule>

    <rule id="99551" level="6">
        <if_sid>99512,99517</if_sid>
        <options>no_full_log</options>
        <field name="ms-graph.category">InitialAccess</field>
        <mitre>
            <id>TA0001</id>
        </mitre>
        <description>MS Graph message: Indicators that the system is affected by intrusion attempts have been detected. This alert usually originates from common malware and threats, rather than APT activity. Check the system for signs of infection.</description>
    </rule>

    <rule id="99552" level="12">
        <if_sid>99512,99517</if_sid>
        <options>no_full_log</options>
        <field name="ms-graph.category">LateralMovement</field>
        <mitre>
            <id>TA0008</id>
        </mitre>
        <description>MS Graph message: Indicators that the system is establishing unauthorized internal connections have been detected. This alert usually originates from common malware and threats, rather than APT activity. Check the systems for signs of infection.</description>
    </rule>

    <rule id="99553" level="12">
        <if_sid>99512,99517</if_sid>
        <options>no_full_log</options>
        <field name="ms-graph.category">Persistence</field>
        <mitre>
            <id>TA0003</id>
        </mitre>
        <description>MS Graph message: Indicators that the system is affected by persistence establishment attempts have been detected. This alert usually originates from common malware and threats, rather than APT activity. Check the system for signs of infection.</description>
    </rule>

    <rule id="99554" level="12">
        <if_sid>99512,99517</if_sid>
        <options>no_full_log</options>
        <field name="ms-graph.category">PrivilegeEscalation</field>
        <mitre>
            <id>TA0004</id>
        </mitre>
        <description>MS Graph message: Indicators that the system is performing unauthorized permission elevation have been detected. This alert usually originates from common malware and threats, rather than APT activity. Check the system for signs of infection.</description>
    </rule>

    <rule id="99555" level="12">
        <if_sid>99512,99517</if_sid>
        <options>no_full_log</options>
        <field name="ms-graph.category">SuspiciousActivity</field>
        <description>MS Graph message: Suspicious activity has been detected. This can range from log clearing to hack-tools being used. This alert usually originates from common malware and threats, rather than APT activity.</description>
    </rule>

    <!--Medium-->

    <rule id="99561" level="12">
        <if_sid>99518</if_sid>
        <options>no_full_log</options>
        <field name="ms-graph.category">General</field>
        <description>MS Graph message: A significant security issue has been detected.</description>
    </rule>

    <rule id="99562" level="13">
        <if_sid>99518</if_sid>
        <options>no_full_log</options>
        <field name="ms-graph.category">CommandAndControl</field>
        <mitre>
            <id>TA0011</id>
        </mitre>
        <description>MS Graph message: Indicators that the system is communicating with a C2 server have been detected. This alert may be indicative of an APT.</description>
    </rule>

    <rule id="99563" level="13">
        <if_sid>99518</if_sid>
        <options>no_full_log</options>
        <field name="ms-graph.category">Collection</field>
        <mitre>
            <id>TA0009</id>
        </mitre>
        <description>MS Graph message: Indicators that the system is performing data collection or data discovery have been detected. This alert may be indicative of an APT.</description>
    </rule>

    <rule id="99564" level="13">
        <if_sid>99518</if_sid>
        <options>no_full_log</options>
        <field name="ms-graph.category">CredentialAccess</field>
        <mitre>
            <id>TA0006</id>
        </mitre>
        <description>MS Graph message: Indicators that the system is involved in stealing credentials have been detected. This alert may be indicative of an APT.</description>
    </rule>

    <rule id="99565" level="13">
        <if_sid>99518</if_sid>
        <options>no_full_log</options>
        <field name="ms-graph.category">DefenseEvasion</field>
        <mitre>
            <id>TA0005</id>
        </mitre>
        <description>MS Graph message: Indicators that the system is performing defense evasion have been detected. This alert may be indicative of an APT.</description>
    </rule>

    <rule id="99566" level="12">
        <if_sid>99518</if_sid>
        <options>no_full_log</options>
        <field name="ms-graph.category">Discovery</field>
        <mitre>
            <id>TA0007</id>
        </mitre>
        <description>MS Graph message: Indicators that the system is performing network discovery or account enumeration have been detected. This alert may be indicative of an APT.</description>
    </rule>

    <rule id="99567" level="13">
        <if_sid>99518</if_sid>
        <options>no_full_log</options>
        <field name="ms-graph.category">Exfiltration</field>
        <mitre>
            <id>TA0010</id>
        </mitre>
        <description>MS Graph message: Indicators that the system is performing data exfiltration have been detected. This alert may be indicative of an APT.</description>
    </rule>

    <rule id="99568" level="13">
        <if_sid>99518</if_sid>
        <options>no_full_log</options>
        <field name="ms-graph.category">Exploit</field>
        <mitre>
            <id>T1587.004</id>
        </mitre>
        <description>MS Graph message: Indicators of vulnerability exploitation on the system have been detected. This alert may be indicative of an APT.</description>
    </rule>

    <rule id="99569" level="13">
        <if_sid>99518</if_sid>
        <options>no_full_log</options>
        <field name="ms-graph.category">Execution</field>
        <mitre>
            <id>TA0002</id>
        </mitre>
        <description>MS Graph message: Indicators that the system is performing malicious code execution have been detected. This alert may be indicative of an APT.</description>
    </rule>

    <rule id="99570" level="12">
        <if_sid>99518</if_sid>
        <options>no_full_log</options>
        <field name="ms-graph.category">InitialAccess</field>
        <mitre>
            <id>TA0001</id>
        </mitre>
        <description>MS Graph message: Indicators that the system is affected by intrusion attempts have been detected. This alert may be indicative of an APT.</description>
    </rule>

    <rule id="99571" level="13">
        <if_sid>99518</if_sid>
        <options>no_full_log</options>
        <field name="ms-graph.category">LateralMovement</field>
        <mitre>
            <id>TA0008</id>
        </mitre>
        <description>MS Graph message: Indicators that the system is establishing unauthorized internal connections have been detected. This alert may be indicative of an APT.</description>
    </rule>

    <rule id="99572" level="13">
        <if_sid>99518</if_sid>
        <options>no_full_log</options>
        <field name="ms-graph.category">Persistence</field>
        <mitre>
            <id>TA0003</id>
        </mitre>
        <description>MS Graph message: Indicators that the system is affected by persistence establishment attempts have been detected. This alert may be indicative of an APT.</description>
    </rule>

    <rule id="99573" level="13">
        <if_sid>99518</if_sid>
        <options>no_full_log</options>
        <field name="ms-graph.category">PrivilegeEscalation</field>
        <mitre>
            <id>TA0004</id>
        </mitre>
        <description>MS Graph message: Indicators that the system is performing unauthorized permission elevation have been detected. This alert may be indicative of an APT.</description>
    </rule>

    <rule id="99574" level="13">
        <if_sid>99518</if_sid>
        <options>no_full_log</options>
        <field name="ms-graph.category">SuspiciousActivity</field>
        <description>MS Graph message: Suspicious activity has been detected. This can range from log clearing to hack-tools being used. This alert may be indicative of an APT.</description>
    </rule>

    <!--High-->

    <rule id="99580" level="14">
        <if_sid>99519</if_sid>
        <options>no_full_log</options>
        <field name="ms-graph.category">General</field>
        <description>MS Graph message: A critical security issue has been detected.</description>
    </rule>

    <rule id="99581" level="15">
        <if_sid>99519</if_sid>
        <options>no_full_log</options>
        <field name="ms-graph.category">CommandAndControl</field>
        <mitre>
            <id>TA0011</id>
        </mitre>
        <description>MS Graph message: Indicators that the system is communicating with a C2 server have been detected. This alert is very likely to indicate an APT.</description>
    </rule>

    <rule id="99582" level="15">
        <if_sid>99519</if_sid>
        <options>no_full_log</options>
        <field name="ms-graph.category">Collection</field>
        <mitre>
            <id>TA0009</id>
        </mitre>
        <description>MS Graph message: Indicators that the system is performing data collection or data discovery have been detected. This alert is very likely to indicate an APT.</description>
    </rule>

    <rule id="99583" level="15">
        <if_sid>99519</if_sid>
        <options>no_full_log</options>
        <field name="ms-graph.category">CredentialAccess</field>
        <mitre>
            <id>TA0006</id>
        </mitre>
        <description>MS Graph message: Indicators that the system is involved in stealing credentials have been detected. This alert is very likely to indicate an APT.</description>
    </rule>

    <rule id="99584" level="14">
        <if_sid>99519</if_sid>
        <options>no_full_log</options>
        <field name="ms-graph.category">DefenseEvasion</field>
        <mitre>
            <id>TA0005</id>
        </mitre>
        <description>MS Graph message: Indicators that the system is performing defense evasion have been detected. This alert is very likely to indicate an APT.</description>
    </rule>

    <rule id="99585" level="14">
        <if_sid>99519</if_sid>
        <options>no_full_log</options>
        <field name="ms-graph.category">Discovery</field>
        <mitre>
            <id>TA0007</id>
        </mitre>
        <description>MS Graph message: Indicators that the system is performing network discovery or account enumeration have been detected. This alert is very likely to indicate an APT.</description>
    </rule>

    <rule id="99586" level="15">
        <if_sid>99519</if_sid>
        <options>no_full_log</options>
        <field name="ms-graph.category">Exfiltration</field>
        <mitre>
            <id>TA0010</id>
        </mitre>
        <description>MS Graph message: Indicators that the system is performing data exfiltration have been detected. This alert is very likely to indicate an APT.</description>
    </rule>

    <rule id="99587" level="15">
        <if_sid>99519</if_sid>
        <options>no_full_log</options>
        <field name="ms-graph.category">Exploit</field>
        <mitre>
            <id>T1587.004</id>
        </mitre>
        <description>MS Graph message: Indicators of vulnerability exploitation on the system have been detected. This alert is very likely to indicate an APT.</description>
    </rule>

    <rule id="99588" level="15">
        <if_sid>99519</if_sid>
        <options>no_full_log</options>
        <field name="ms-graph.category">Execution</field>
        <mitre>
            <id>TA0002</id>
        </mitre>
        <description>MS Graph message: Indicators that the system is performing malicious code execution have been detected. This alert is very likely to indicate an APT.</description>
    </rule>

    <rule id="99589" level="14">
        <if_sid>99519</if_sid>
        <options>no_full_log</options>
        <field name="ms-graph.category">InitialAccess</field>
        <mitre>
            <id>TA0001</id>
        </mitre>
        <description>MS Graph message: Indicators that the system is affected by intrusion attempts have been detected. This alert is very likely to indicate an APT.</description>
    </rule>

    <rule id="99590" level="15">
        <if_sid>99519</if_sid>
        <options>no_full_log</options>
        <field name="ms-graph.category">LateralMovement</field>
        <mitre>
            <id>TA0008</id>
        </mitre>
        <description>MS Graph message: Indicators that the system is establishing unauthorized internal connections have been detected. This alert is very likely to indicate an APT.</description>
    </rule>

    <rule id="99591" level="15">
        <if_sid>99517,99518,99519</if_sid>
        <options>no_full_log</options>
        <field name="ms-graph.category">Malware</field>
        <mitre>
            <id>T1204.001</id>
            <id>T1204.002</id>
            <id>T1204.003</id>
            <id>T1587.001</id>
            <id>T1588.001</id>
        </mitre>
        <description>MS Graph message: Indicators that the system is infected with malware have been detected.</description>
    </rule>

    <rule id="99592" level="15">
        <if_sid>99519</if_sid>
        <options>no_full_log</options>
        <field name="ms-graph.category">Persistence</field>
        <mitre>
            <id>TA0003</id>
        </mitre>
        <description>MS Graph message: Indicators that the system is affected by persistence establishment attempts have been detected. This alert is very likely to indicate an APT.</description>
    </rule>

    <rule id="99593" level="15">
        <if_sid>99519</if_sid>
        <options>no_full_log</options>
        <field name="ms-graph.category">PrivilegeEscalation</field>
        <mitre>
            <id>TA0004</id>
        </mitre>
        <description>MS Graph message: Indicators that the system is performing unauthorized permission elevation have been detected. This alert is very likely to indicate an APT.</description>
    </rule>

    <rule id="99594" level="15">
        <if_sid>99517,99518,99519</if_sid>
        <options>no_full_log</options>
        <field name="ms-graph.category">Ransomware</field>
        <mitre>
            <id>T1486</id>
        </mitre>
        <description>MS Graph message: Indicators that the system is infected with ransomware have been detected. Requires immediate action.</description>
    </rule>

    <rule id="99595" level="14">
        <if_sid>99519</if_sid>
        <options>no_full_log</options>
        <field name="ms-graph.category">SuspiciousActivity</field>
        <description>MS Graph message: Suspicious activity has been detected. This alert is very likely to be indicative of an APT.</description>
    </rule>


<!--Alerts&Incidents/Determination 99606-99630-->

    <rule id="99606" level="15">
        <if_sid>99503</if_sid>
        <options>no_full_log</options>
        <field name="ms-graph.determination">apt</field>
        <description>MS Graph message: An advanced persistent threat (APT) has been detected in the environment. This is a true positive alert. Requires immediate action.</description>
    </rule>

    <rule id="99607" level="15">
        <if_sid>99503</if_sid>
        <options>no_full_log</options>
        <field name="ms-graph.determination">malware</field>
        <mitre>
            <id>T1204.001</id>
            <id>T1204.002</id>
            <id>T1204.003</id>
            <id>T1587.001</id>
            <id>T1588.001</id>
        </mitre>
        <description>MS Graph message: Malware has been detected in the environment. This is a true positive alert.</description>
    </rule>

    <rule id="99608" level="6">
        <if_sid>99503</if_sid>
        <options>no_full_log</options>
        <field name="ms-graph.determination">securityPersonnel</field>
        <description>MS Graph message: Suspicious activity by someone in the security team has been detected. This is a true positive alert.</description>
    </rule>

    <rule id="99609" level="3">
        <if_sid>99503</if_sid>
        <options>no_full_log</options>
        <field name="ms-graph.determination">securityTesting</field>
        <description>MS Graph message: Suspicious activity that was performed as part of a known security testing has been detected.</description>
    </rule>

    <rule id="99610" level="12">
        <if_sid>99503</if_sid>
        <options>no_full_log</options>
        <field name="ms-graph.determination">unwantedSoftware</field>
        <description>MS Graph message: Unwanted software has been detected in the environment.</description>
    </rule>

    <rule id="99611" level="15">
        <if_sid>99503</if_sid>
        <options>no_full_log</options>
        <field name="ms-graph.determination">multiStagedAttack</field>
        <description>MS Graph message: An attack involving multiple kill-chain attack stages has been detected. This is a true positive alert.</description>
    </rule>

    <rule id="99612" level="15">
        <if_sid>99503</if_sid>
        <options>no_full_log</options>
        <field name="ms-graph.determination">compromisedAccount</field>
        <mitre>
            <id>T1078</id>
            <id>T1586</id>
            <id>T1589.001</id>
            <id>TA0006</id>
        </mitre>
        <description>MS Graph message: A user's credentials were compromised or stolen. This is a true positive alert.</description>
    </rule>

    <rule id="99613" level="6">
        <if_sid>99503</if_sid>
        <options>no_full_log</options>
        <field name="ms-graph.determination">phishing</field>
        <mitre>
            <id>T1566</id>
        </mitre>
        <description>MS Graph message: A phishing email has been detected. This is a true positive alert.</description>
    </rule>

    <rule id="99614" level="15">
        <if_sid>99503</if_sid>
        <options>no_full_log</options>
        <field name="ms-graph.determination">maliciousUserActivity</field>
        <description>MS Graph message: A logged-on user performed malicious activities in the environment. This is a true positive alert.</description>
    </rule>

    <rule id="99615" level="3">
        <if_sid>99503</if_sid>
        <options>no_full_log</options>
        <field name="ms-graph.determination">notMalicious</field>
        <description>MS Graph message: A potentially false alert, no suspicious or malicious activity has been detected.</description>
    </rule>

    <rule id="99616" level="6">
        <if_sid>99503</if_sid>
        <options>no_full_log</options>
        <field name="ms-graph.determination">notEnoughDataToValidate</field>
        <description>MS Graph message: A potentially false alert, there isn't enough information to prove an attack took place.</description>
    </rule>

    <rule id="99617" level="6">
        <if_sid>99503</if_sid>
        <options>no_full_log</options>
        <field name="ms-graph.determination">confirmedActivity</field>
        <description>MS Graph message: Suspicious activity has been detected, but it is considered OK because it is a known user activity.</description>
    </rule>

    <rule id="99618" level="6">
        <if_sid>99503</if_sid>
        <options>no_full_log</options>
        <field name="ms-graph.determination">lineOfBusinessApplication</field>
        <description>MS Graph message: Suspicious activity has been detected, but it is considered OK because it is originating from a known and confirmed internal application.</description>
    </rule>

    <rule id="99619" level="12">
        <if_sid>99503</if_sid>
        <options>no_full_log</options>
        <field name="ms-graph.determination">other</field>
        <description>MS Graph message: Other determination.</description>
    </rule>


<!--Alerts&Incidents/Classification&Status 99631-99635-->

    <rule id="99631" level="3">
        <if_sid>99501,99502</if_sid>
        <options>no_full_log</options>
        <field name="ms-graph.classification">falsePositive</field>
        <description>MS Graph message: No malicious activity has been detected. This alert indicates a false positive.</description>
    </rule>

    <rule id="99632" level="6">
        <if_sid>99501,99502</if_sid>
        <options>no_full_log</options>
        <field name="ms-graph.classification">informationalExpectedActivity</field>
        <description>MS Graph message: Potentially malicious activity, such as security testing, by a trusted/internal user has been detected. This alert indicates a benign positive.</description>
    </rule>

    <rule id="99633" level="3">
        <if_sid>99501,99502</if_sid>
        <options>no_full_log</options>
        <field name="ms-graph.status">resolved</field>
        <description>MS Graph message: This indicates that the alert has been resolved.</description>
    </rule>


<!--End of Alerts&Incidents -->


<!--MDM Intune 99651-99655-->


    <rule id="99651" level="3">
        <if_sid>99500</if_sid>
        <options>no_full_log</options>
        <field name="ms-graph.resource">deviceManagement</field>
        <description>MS Graph message: MDM Intune event.</description>
    </rule>

    <rule id="99652" level="3">
        <if_sid>99651</if_sid>
        <options>no_full_log</options>
        <field name="ms-graph.relationship">auditEvents</field>
        <description>MS Graph message: MDM Intune audit event.</description>
    </rule>

    <rule id="99653" level="3">
        <if_sid>99651</if_sid>
        <options>no_full_log</options>
        <field name="ms-graph.relationship">managedDevices</field>
        <description>MS Graph message: MDM Intune device.</description>
    </rule>

    <rule id="99654" level="3">
        <if_sid>99651</if_sid>
        <options>no_full_log</options>
        <field name="ms-graph.relationship">detectedApps</field>
        <description>MS Graph message: MDM Intune app.</description>
    </rule>

<!--MDM Intune 99651-99655-->

<!--Identity protection 99656-99700-->

    <rule id="99656" level="3">
        <if_sid>99500</if_sid>
        <options>no_full_log</options>
        <field name="ms-graph.resource">identityProtection</field>
        <description>MS Graph message: Identity protection event.</description>
    </rule>

    <rule id="99657" level="3">
        <if_sid>99656</if_sid>
        <options>no_full_log</options>
        <field name="ms-graph.relationship">riskDetections</field>
        <description>MS Graph message: Risk detection event.</description>
    </rule>

    <rule id="99658" level="3">
        <if_sid>99656</if_sid>
        <options>no_full_log</options>
        <field name="ms-graph.relationship">servicePrincipalRiskDetections</field>
        <description>MS Graph message: Service principal risk detection event.</description>
    </rule>

<!--Identity protection 99656-99700-->

</group>
