<group name="maltiverse,">

    <rule id="99700" level="10">
        <decoded_as>json</decoded_as>
        <field name="integration">maltiverse</field>
        <description>Maltiverse integration messages.</description>
        <options>no_full_log</options>
    </rule>

    <!-- mitre attack software related -->
    <rule id="99701" level="12">
        <if_sid>99700</if_sid>
        <decoded_as>json</decoded_as>
        <field name="threat.software.id" type="pcre2">^S\d{4}$</field>
        <description>Maltiverse: Alert Software $(threat.software.name) - Detected IoC $(threat.indicator.name) of type $(threat.indicator.type) with [$(threat.indicator.confidence)] that is related to $(threat.software.id)-$(threat.software.name) software known attack.</description>
        <options>no_full_log</options>
        <mitre>
            <id>$(threat.software.id)</id>
        </mitre>
    </rule>

    <!-- threat indicator confidence high, medium or low -->
    <rule id="99702" level="12">
        <if_sid>99700</if_sid>
        <decoded_as>json</decoded_as>
        <field name="threat.indicator.confidence">Low|Medium|High</field>
        <description>Maltiverse: Alert Indicator $(threat.indicator.name) - Detected IoC of type $(threat.indicator.type) with [$(threat.indicator.confidence)] confidence.</description>
        <options>no_full_log</options>
    </rule>

</group>
