<!-- Local Decoders -->

<!-- Modify it at your will. -->
<!-- Copyright (C) 2015, Wazuh Inc. -->

<!--
  - Allowed static fields:
  - location   - where the log came from (only on FTS)
  - srcuser    - extracts the source username
  - dstuser    - extracts the destination (target) username
  - user       - an alias to dstuser (only one of the two can be used)
  - srcip      - source ip
  - dstip      - dst ip
  - srcport    - source port
  - dstport    - destination port
  - protocol   - protocol
  - id         - event id
  - url        - url of the event
  - action     - event action (deny, drop, accept, etc)
  - status     - event status (success, failure, etc)
  - extra_data - Any extra data
-->

<decoder name="local_decoder_example">
    <program_name>local_decoder_example</program_name>
</decoder>


<decoder name="Wazuh_Ransomware">
  <prematch>Wazuh_Ransomware_Protection:</prematch>
</decoder>

<decoder name="Wazuh_Ransomware_child">
  <parent>Wazuh_Ransomware</parent>
  <regex type="pcre2">Wazuh_Ransomware_Protection: (.*)</regex>
  <order>rollback_status</order>
</decoder>

<decoder name="json">
  <prematch>^{\s*"</prematch>
</decoder>

<decoder name="json_child">
  <parent>json</parent>
  <regex type="pcre2">"src_ip":"([^"]+)"</regex>
  <order>srcip</order>
</decoder>

<decoder name="json_child">
  <parent>json</parent>
  <plugin_decoder>JSON_Decoder</plugin_decoder>
</decoder>
<!-- YARA Decoder -->
<decoder name="yara_decoder">
    <prematch>xIoTz-yara:</prematch>
</decoder>

<decoder name="yara_decoder1">
    <parent>yara_decoder</parent>
    <regex>xIoTz-yara: (\S+) - Scan result: (\S+) (\S+)</regex>
    <order>log_type, yara_rule, yara_scanned_file</order>
</decoder>
<!-- YARA Decoder END -->

<!-- Active Reponse -->
<decoder name="active_response_parent">
    <prematch>Active Response:</prematch>
</decoder>

<!-- Put New custom Decoders Below -->
<decoder name="account_block">
    <parent>active_response_parent</parent>
    <regex>Active Response: (\S+) account has been disabled\.</regex>
    <order>username</order>
</decoder>
<decoder name="usb_device_disable">
    <parent>active_response_parent</parent>
    <regex>Active Response: Device ID - (.+?), Device Name - (.+?), Hostname - (.+?), Device has been successfully disabled\.</regex>
    <order>device_id,device_name,pcname</order>
</decoder>
<decoder name="proc_kill1">
    <prematch>xIoTz-EDR Block:</prematch>
</decoder>
<decoder name="proc_kill">
    <parent>proc_kill1</parent>
    <regex>xIoTz-EDR Block: (\S+) has been killed due to software policy\.</regex>
    <order>process</order>
</decoder>
<!-- Active Reponse END -->

